sample_id,status_raw,turno,tem_obs,classe
SMP-006600,AGUARDANDO REINSPEÇÃO,B,True,revisar
SMP-010801,EM AJUSTE,C,False,valido_automatico
SMP-005885,ESPECIFICAÇÃO EM REVISÃO,B,True,revisar
SMP-000592,FORA DE ESPECIFICACAO,A,True,recusar_automatico
SMP-009151,APROVADO PARCIAL,A,False,valido_automatico
SMP-002773,FORA DE ESPECIFICACAO,C,True,recusar_automatico
SMP-008393,APROVADO PARCIAL,A,False,valido_automatico
SMP-006852,APROVADO PARCIAL,C,False,revisar
SMP-010299,AJUSTE CONCLUIDO,B,True,valido_automatico
SMP-002269,FORA DE ESPECIFICACAO,B,True,recusar_automatico
SMP-004383,AGUARDANDO REINSPEÇÃO,A,False,revisar
SMP-005461,AGUARDANDO REINSPEÇÃO,B,False,revisar
SMP-004531,EM ANALISE,A,True,revisar
SMP-008627,AJUSTE CONCLUIDO,A,False,valido_automatico
SMP-002265,REINSPECAO REPROVADA,B,True,recusar_automatico
SMP-001108,FORA DE ESPECIFICACAO,A,False,recusar_automatico
SMP-003035,REINSPECAO REPROVADA,C,False,recusar_automatico
SMP-002190,CANCELADO,B,True,recusar_automatico
SMP-009292,APROVADO PARCIAL,A,True,valido_automatico
SMP-000338,AJUSTE REPROVADO,A,False,recusar_automatico
SMP-000460,CANCELADO,A,False,recusar_automatico
SMP-011567,EM ANÁLISE,C,False,valido_automatico
SMP-006638,AGUARDANDO REINSPEÇÃO,B,False,revisar
SMP-008795,EM AJUSTE,A,True,valido_automatico
SMP-003093,FORA DE ESPECIFICACAO,C,False,recusar_automatico
SMP-009606,AJUSTE CONCLUIDO,B,False,valido_automatico
SMP-000538,CANCELADO,A,True,recusar_automatico
SMP-011434,EM AJUSTE,C,True,valido_automatico
SMP-000445,CANCELADO,A,True,recusar_automatico
SMP-010770,APROVADO PARCIAL,C,True,valido_automatico
SMP-003060,CANCELADO,C,True,recusar_automatico
SMP-002992,FORA DE ESPECIFICACAO,C,False,recusar_automatico
SMP-004221,EM ANALISE,A,True,revisar
SMP-009392,EM AJUSTE,B,False,valido_automatico
SMP-008355,AJUSTE CONCLUIDO,A,True,valido_automatico
SMP-011037,AJUSTE CONCLUIDO,C,False,valido_automatico
SMP-002864,REINSPECAO REPROVADA,C,True,recusar_automatico
SMP-005559,EM ANALISE,B,False,revisar
SMP-011792,AJUSTE CONCLUIDO,C,True,valido_automatico
SMP-008221,AJUSTE CONCLUIDO,A,True,valido_automatico
SMP-011176,AJUSTE CONCLUIDO,C,False,valido_automatico
SMP-004052,APROVADO PARCIAL,A,False,revisar
SMP-003480,CANCELADO,C,False,recusar_automatico
SMP-003549,AJUSTE REPROVADO,C,False,recusar_automatico
SMP-010883,EM AJUSTE,C,True,valido_automatico
SMP-009214,APROVADO PARCIAL,A,False,valido_automatico
SMP-009585,AJUSTE CONCLUIDO,B,True,valido_automatico
SMP-008900,EM AJUSTE,A,False,valido_automatico
SMP-004111,ESPECIFICAÇÃO EM REVISÃO,A,False,revisar
SMP-001999,CANCELADO,B,False,recusar_automatico
SMP-011183,APROVADO PARCIAL,C,False,valido_automatico
SMP-004187,ESPECIFICAÇÃO EM REVISÃO,A,False,revisar
SMP-007606,EM ANALISE,C,False,revisar
SMP-009108,EM AJUSTE,A,True,valido_automatico
SMP-000469,REINSPECAO REPROVADA,A,False,recusar_automatico
SMP-002599,REINSPECAO REPROVADA,B,False,recusar_automatico
SMP-004792,PENDENTE,A,True,revisar
SMP-002758,AJUSTE REPROVADO,C,False,recusar_automatico
SMP-003117,FORA DE ESPECIFICACAO,C,False,recusar_automatico
SMP-008804,AJUSTE CONCLUIDO,A,True,valido_automatico
SMP-008243,AJUSTE REPROVADO,A,False,valido_automatico
SMP-002488,AJUSTE REPROVADO,B,True,recusar_automatico
SMP-002354,CANCELADO,B,True,recusar_automatico
SMP-005340,ESPECIFICAÇÃO EM REVISÃO,B,False,revisar
SMP-001059,AJUSTE REPROVADO,A,False,recusar_automatico
SMP-005750,PENDENTE,B,True,revisar
SMP-010010,EM ANÁLISE,B,True,valido_automatico
SMP-009359,APROVADO PARCIAL,B,False,valido_automatico
SMP-007714,AGUARDANDO REINSPEÇÃO,C,True,revisar
SMP-007356,PENDENTE,C,False,revisar
SMP-007340,ESPECIFICAÇÃO EM REVISÃO,C,True,revisar
SMP-008156,APROVADO PARCIAL,A,False,valido_automatico
SMP-006618,PENDENTE,B,False,revisar
SMP-000372,FORA DE ESPECIFICACAO,A,True,recusar_automatico
SMP-007736,AGUARDANDO REINSPEÇÃO,C,False,revisar
SMP-003137,CANCELADO,C,False,recusar_automatico
SMP-003697,REINSPECAO REPROVADA,C,False,recusar_automatico
SMP-008061,EM AJUSTE,A,False,valido_automatico
SMP-007684,PENDENTE,C,False,revisar
SMP-010979,AJUSTE CONCLUIDO,C,False,valido_automatico
SMP-011750,EM AJUSTE,C,False,valido_automatico
SMP-005731,ESPECIFICAÇÃO EM REVISÃO,B,True,revisar
SMP-002383,REINSPECAO REPROVADA,B,False,recusar_automatico
SMP-008813,AJUSTE CONCLUIDO,A,True,valido_automatico
SMP-009225,EM AJUSTE,A,True,valido_automatico
SMP-005476,AGUARDANDO REINSPEÇÃO,B,False,revisar
SMP-004992,CANCELADO,A,False,revisar
SMP-003417,CANCELADO,C,True,recusar_automatico
SMP-010510,APROVADO PARCIAL,B,False,valido_automatico
SMP-005792,EM ANALISE,B,False,revisar
SMP-006780,ESPECIFICAÇÃO EM REVISÃO,C,False,revisar
SMP-001431,REINSPECAO REPROVADA,B,False,recusar_automatico
SMP-001474,ESPECIFICAÇÃO EM REVISÃO,B,False,recusar_automatico
SMP-002428,AGUARDANDO REINSPEÇÃO,B,False,recusar_automatico
SMP-000270,FORA DE ESPECIFICACAO,A,True,recusar_automatico
SMP-010559,EM AJUSTE,B,False,valido_automatico
SMP-011835,AJUSTE CONCLUIDO,C,True,valido_automatico
SMP-004663,PENDENTE,A,True,revisar
SMP-010141,EM AJUSTE,B,False,valido_automatico
SMP-000723,REINSPECAO REPROVADA,A,False,recusar_automatico
SMP-001473,FORA DE ESPECIFICACAO,B,True,recusar_automatico
SMP-008672,PENDENTE,A,False,valido_automatico
SMP-011317,EM ANÁLISE,C,True,valido_automatico
SMP-009649,EM ANÁLISE,B,True,valido_automatico
SMP-011459,AJUSTE CONCLUIDO,C,True,valido_automatico
SMP-006278,ESPECIFICAÇÃO EM REVISÃO,B,False,revisar
SMP-001959,FORA DE ESPECIFICACAO,B,False,recusar_automatico
SMP-001531,CANCELADO,B,False,recusar_automatico
SMP-011955,AJUSTE CONCLUIDO,C,True,valido_automatico
SMP-001555,AJUSTE REPROVADO,B,False,recusar_automatico
SMP-011544,AJUSTE CONCLUIDO,C,False,valido_automatico
SMP-010232,EM AJUSTE,B,False,valido_automatico
SMP-006376,EM ANALISE,B,False,revisar
SMP-010399,APROVADO PARCIAL,B,True,valido_automatico
SMP-005186,AJUSTE CONCLUIDO,A,False,revisar
SMP-000799,AJUSTE REPROVADO,A,True,recusar_automatico
SMP-003193,CANCELADO,C,True,recusar_automatico
SMP-011683,AJUSTE CONCLUIDO,C,True,valido_automatico
SMP-006895,AGUARDANDO REINSPEÇÃO,C,True,revisar
SMP-001089,CANCELADO,A,False,recusar_automatico
SMP-011295,APROVADO PARCIAL,C,True,valido_automatico
SMP-004521,PENDENTE,A,False,revisar
SMP-011417,APROVADO PARCIAL,C,False,valido_automatico
SMP-000586,AJUSTE REPROVADO,A,True,recusar_automatico
SMP-010464,APROVADO PARCIAL,B,True,valido_automatico
SMP-009717,APROVADO PARCIAL,B,True,valido_automatico
SMP-000981,REINSPECAO REPROVADA,A,True,recusar_automatico
SMP-009399,PENDENTE,B,False,valido_automatico
SMP-002580,CANCELADO,B,True,recusar_automatico
SMP-009439,APROVADO PARCIAL,B,False,valido_automatico
SMP-001758,CANCELADO,B,True,recusar_automatico
SMP-008401,EM AJUSTE,A,False,valido_automatico
SMP-008302,AJUSTE CONCLUIDO,A,True,valido_automatico
SMP-004678,ESPECIFICAÇÃO EM REVISÃO,A,True,revisar
SMP-011424,AJUSTE CONCLUIDO,C,True,valido_automatico
SMP-008183,APROVADO PARCIAL,A,True,valido_automatico
SMP-004100,APROVADO PARCIAL,A,False,revisar
SMP-009101,EM AJUSTE,A,True,valido_automatico
SMP-009568,APROVADO PARCIAL,B,False,valido_automatico
SMP-005732,EM ANALISE,B,True,revisar
SMP-000408,FORA DE ESPECIFICACAO,A,False,recusar_automatico
SMP-009942,AJUSTE REPROVADO,B,False,valido_automatico
SMP-010723,AJUSTE CONCLUIDO,C,False,valido_automatico
SMP-006002,EM AJUSTE,B,False,revisar
SMP-006465,PENDENTE,B,False,revisar
SMP-009954,AJUSTE CONCLUIDO,B,True,valido_automatico
SMP-006189,CANCELADO,B,True,revisar
SMP-001888,ESPECIFICAÇÃO EM REVISÃO,B,False,recusar_automatico
SMP-006656,EM ANALISE,B,True,revisar
SMP-004176,EM ANALISE,A,True,revisar
SMP-006926,ESPECIFICAÇÃO EM REVISÃO,C,False,revisar
SMP-004569,CANCELADO,A,False,revisar
SMP-004795,PENDENTE,A,True,revisar
SMP-003085,AJUSTE REPROVADO,C,False,recusar_automatico
SMP-007293,REINSPECAO REPROVADA,C,False,revisar
SMP-010117,AJUSTE CONCLUIDO,B,True,valido_automatico
SMP-011612,EM AJUSTE,C,True,valido_automatico
SMP-009595,EM AJUSTE,B,False,valido_automatico
SMP-008418,APROVADO PARCIAL,A,True,valido_automatico
SMP-011119,APROVADO PARCIAL,C,True,valido_automatico
SMP-005994,EM ANALISE,B,True,revisar
SMP-007541,EM ANALISE,C,False,revisar
SMP-011084,APROVADO PARCIAL,C,True,valido_automatico
SMP-009412,APROVADO PARCIAL,B,True,valido_automatico
SMP-005836,AGUARDANDO REINSPEÇÃO,B,False,revisar
SMP-001270,REINSPECAO REPROVADA,A,True,recusar_automatico
SMP-004529,AGUARDANDO REINSPEÇÃO,A,True,revisar
SMP-010476,AJUSTE CONCLUIDO,B,True,valido_automatico
SMP-001499,AJUSTE REPROVADO,B,True,recusar_automatico
SMP-007759,PENDENTE,C,False,revisar
SMP-002932,CANCELADO,C,False,recusar_automatico
SMP-010025,EM AJUSTE,B,True,valido_automatico
SMP-003437,REINSPECAO REPROVADA,C,True,recusar_automatico
SMP-009544,APROVADO PARCIAL,B,False,valido_automatico
SMP-002077,FORA DE ESPECIFICACAO,B,True,recusar_automatico
SMP-010478,APROVADO PARCIAL,B,False,valido_automatico
SMP-011050,AJUSTE CONCLUIDO,C,True,valido_automatico
SMP-002158,AGUARDANDO REINSPEÇÃO,B,False,recusar_automatico
SMP-004121,PENDENTE,A,True,revisar
SMP-005103,PENDENTE,A,True,revisar
SMP-010272,PENDENTE,B,True,valido_automatico
SMP-009124,AJUSTE CONCLUIDO,A,False,valido_automatico
SMP-011794,AJUSTE CONCLUIDO,C,False,valido_automatico
SMP-000004,REINSPECAO REPROVADA,A,True,recusar_automatico
SMP-005900,AJUSTE REPROVADO,B,True,revisar
SMP-002741,PENDENTE,C,False,recusar_automatico
SMP-009286,EM AJUSTE,A,False,valido_automatico
SMP-008597,AJUSTE CONCLUIDO,A,True,valido_automatico
SMP-006633,PENDENTE,B,False,revisar
SMP-002781,FORA DE ESPECIFICACAO,C,True,recusar_automatico
SMP-009452,AJUSTE CONCLUIDO,B,False,valido_automatico
SMP-008853,PENDENTE,A,True,valido_automatico
SMP-006546,PENDENTE,B,False,revisar
SMP-009621,APROVADO PARCIAL,B,False,valido_automatico
SMP-003370,CANCELADO,C,True,recusar_automatico
SMP-009384,APROVADO PARCIAL,B,False,valido_automatico
SMP-003496,AJUSTE REPROVADO,C,True,recusar_automatico
SMP-011707,AJUSTE CONCLUIDO,C,True,valido_automatico
SMP-011847,EM AJUSTE,C,False,valido_automatico
SMP-004664,EM ANALISE,A,True,revisar
SMP-000164,FORA DE ESPECIFICACAO,A,True,recusar_automatico
SMP-009964,EM AJUSTE,B,False,valido_automatico
SMP-005044,EM ANALISE,A,True,revisar
SMP-004554,EM ANALISE,A,True,revisar
SMP-001177,AJUSTE REPROVADO,A,True,recusar_automatico
SMP-001900,REINSPECAO REPROVADA,B,True,recusar_automatico
SMP-006773,AGUARDANDO REINSPEÇÃO,C,False,revisar
SMP-000330,REINSPECAO REPROVADA,A,True,recusar_automatico
SMP-007226,APROVADO PARCIAL,C,False,revisar
SMP-005193,AGUARDANDO REINSPEÇÃO,A,True,revisar
SMP-003301,AJUSTE REPROVADO,C,False,recusar_automatico
SMP-000332,CANCELADO,A,False,recusar_automatico
SMP-006517,PENDENTE,B,False,revisar
SMP-001519,REINSPECAO REPROVADA,B,False,recusar_automatico
SMP-005261,PENDENTE,A,True,revisar
SMP-004527,ESPECIFICAÇÃO EM REVISÃO,A,True,revisar
SMP-009972,EM AJUSTE,B,True,valido_automatico
SMP-011289,APROVADO PARCIAL,C,True,valido_automatico
SMP-003806,CANCELADO,C,True,recusar_automatico
SMP-006036,AGUARDANDO REINSPEÇÃO,B,True,revisar
SMP-004091,EM ANALISE,A,False,revisar
SMP-009603,AJUSTE CONCLUIDO,B,False,valido_automatico
SMP-002605,FORA DE ESPECIFICACAO,B,True,recusar_automatico
SMP-004575,PENDENTE,A,True,revisar
SMP-009702,APROVADO PARCIAL,B,False,valido_automatico
SMP-007374,AGUARDANDO REINSPEÇÃO,C,True,revisar
SMP-001383,CANCELADO,B,False,recusar_automatico
SMP-001835,CANCELADO,B,False,recusar_automatico
SMP-003831,PENDENTE,C,True,recusar_automatico
SMP-007457,EM ANALISE,C,False,revisar
SMP-007949,ESPECIFICAÇÃO EM REVISÃO,C,False,revisar
SMP-004043,EM ANALISE,A,True,revisar
SMP-010692,AJUSTE CONCLUIDO,C,False,valido_automatico
SMP-007750,APROVADO PARCIAL,C,True,revisar
SMP-002832,AJUSTE REPROVADO,C,True,recusar_automatico
SMP-007199,PENDENTE,C,True,revisar
SMP-007766,EM ANALISE,C,True,revisar
SMP-009174,AJUSTE CONCLUIDO,A,False,valido_automatico
SMP-002084,PENDENTE,B,False,recusar_automatico
SMP-006551,PENDENTE,B,False,revisar
SMP-009968,AJUSTE CONCLUIDO,B,False,valido_automatico
SMP-006716,AGUARDANDO REINSPEÇÃO,C,True,revisar
SMP-006206,CANCELADO,B,True,revisar
SMP-010628,EM AJUSTE,B,False,valido_automatico
SMP-011237,AJUSTE CONCLUIDO,C,True,valido_automatico
SMP-001558,REINSPECAO REPROVADA,B,False,recusar_automatico
SMP-009767,AJUSTE CONCLUIDO,B,False,valido_automatico
SMP-002688,AJUSTE REPROVADO,C,False,recusar_automatico
SMP-007575,AGUARDANDO REINSPEÇÃO,C,True,revisar
SMP-003762,AJUSTE REPROVADO,C,True,recusar_automatico
SMP-011806,APROVADO PARCIAL,C,False,valido_automatico
SMP-004636,AGUARDANDO REINSPEÇÃO,A,False,revisar
SMP-009895,EM AJUSTE,B,False,valido_automatico
SMP-003101,AJUSTE REPROVADO,C,False,recusar_automatico
SMP-009509,AJUSTE CONCLUIDO,B,True,valido_automatico
SMP-000051,AJUSTE REPROVADO,A,False,recusar_automatico
SMP-010689,AJUSTE CONCLUIDO,C,True,valido_automatico
SMP-010981,AJUSTE CONCLUIDO,C,False,valido_automatico
SMP-001416,CANCELADO,B,True,recusar_automatico
SMP-006629,EM ANALISE,B,False,revisar
SMP-002212,FORA DE ESPECIFICACAO,B,True,recusar_automatico
SMP-000556,AJUSTE REPROVADO,A,False,recusar_automatico
SMP-010429,ESPECIFICAÇÃO EM REVISÃO,B,True,valido_automatico
SMP-010547,AJUSTE CONCLUIDO,B,True,valido_automatico
SMP-000916,REINSPECAO REPROVADA,A,True,recusar_automatico
SMP-000373,AJUSTE REPROVADO,A,False,recusar_automatico
SMP-011443,EM ANÁLISE,C,True,valido_automatico
SMP-008576,AJUSTE REPROVADO,A,True,valido_automatico
SMP-009721,AJUSTE CONCLUIDO,B,True,valido_automatico
SMP-005448,AGUARDANDO REINSPEÇÃO,B,False,revisar
SMP-004435,EM ANALISE,A,True,revisar
SMP-011270,EM AJUSTE,C,False,valido_automatico
SMP-001467,CANCELADO,B,True,recusar_automatico
SMP-004340,REINSPECAO REPROVADA,A,True,revisar
SMP-008049,EM AJUSTE,A,False,valido_automatico
SMP-005696,PENDENTE,B,True,revisar
SMP-011562,EM ANÁLISE,C,True,valido_automatico
SMP-001857,AJUSTE REPROVADO,B,False,recusar_automatico
SMP-004942,AGUARDANDO REINSPEÇÃO,A,True,revisar
SMP-005538,EM ANALISE,B,False,revisar
SMP-008567,AJUSTE CONCLUIDO,A,True,valido_automatico
SMP-004002,PENDENTE,A,True,revisar
SMP-010909,PENDENTE,C,False,valido_automatico
SMP-002511,EM AJUSTE,B,False,recusar_automatico
SMP-005904,PENDENTE,B,False,revisar
SMP-007421,PENDENTE,C,True,revisar
SMP-011063,APROVADO PARCIAL,C,True,valido_automatico
SMP-008358,APROVADO PARCIAL,A,True,valido_automatico
SMP-011159,APROVADO PARCIAL,C,True,valido_automatico
SMP-004533,EM ANALISE,A,True,revisar
SMP-010558,APROVADO PARCIAL,B,False,valido_automatico
SMP-002466,CANCELADO,B,True,recusar_automatico
SMP-010473,APROVADO PARCIAL,B,True,valido_automatico
SMP-010567,AJUSTE CONCLUIDO,B,False,valido_automatico
SMP-001508,CANCELADO,B,False,recusar_automatico
SMP-008406,AJUSTE CONCLUIDO,A,False,valido_automatico
SMP-002548,CANCELADO,B,True,recusar_automatico
SMP-008307,APROVADO PARCIAL,A,True,valido_automatico
SMP-007557,EM ANALISE,C,False,revisar
SMP-000400,FORA DE ESPECIFICACAO,A,False,recusar_automatico
SMP-002394,AJUSTE REPROVADO,B,True,recusar_automatico
SMP-010098,EM AJUSTE,B,True,valido_automatico
SMP-000395,AJUSTE REPROVADO,A,False,recusar_automatico
SMP-010193,EM ANÁLISE,B,False,valido_automatico
SMP-000310,AJUSTE REPROVADO,A,False,recusar_automatico
SMP-008091,AJUSTE CONCLUIDO,A,True,valido_automatico
SMP-003657,FORA DE ESPECIFICACAO,C,False,recusar_automatico
SMP-001946,AJUSTE REPROVADO,B,False,recusar_automatico
SMP-010470,APROVADO PARCIAL,B,True,valido_automatico
SMP-000080,CANCELADO,A,True,recusar_automatico
SMP-001612,AJUSTE REPROVADO,B,False,recusar_automatico
SMP-011316,EM AJUSTE,C,False,valido_automatico
SMP-006779,AGUARDANDO REINSPEÇÃO,C,True,revisar
SMP-011550,AJUSTE CONCLUIDO,C,False,valido_automatico
SMP-001794,AJUSTE REPROVADO,B,True,recusar_automatico
SMP-010449,APROVADO PARCIAL,B,True,valido_automatico
SMP-006724,PENDENTE,C,False,revisar
SMP-000979,AJUSTE REPROVADO,A,False,recusar_automatico
SMP-005187,ESPECIFICAÇÃO EM REVISÃO,A,True,revisar
SMP-010639,EM AJUSTE,B,False,valido_automatico
SMP-003823,REINSPECAO REPROVADA,C,False,recusar_automatico
SMP-008728,EM AJUSTE,A,False,valido_automatico
SMP-009529,AJUSTE CONCLUIDO,B,False,valido_automatico
SMP-003404,AJUSTE REPROVADO,C,False,recusar_automatico
SMP-011175,EM AJUSTE,C,True,valido_automatico
SMP-011384,AJUSTE CONCLUIDO,C,False,valido_automatico
SMP-010213,ESPECIFICAÇÃO EM REVISÃO,B,False,valido_automatico
SMP-006091,EM AJUSTE,B,True,revisar
SMP-008203,EM ANÁLISE,A,False,valido_automatico
SMP-007450,EM ANALISE,C,False,revisar
SMP-001045,AJUSTE REPROVADO,A,True,recusar_automatico
SMP-006645,AJUSTE REPROVADO,B,True,revisar
SMP-004411,AGUARDANDO REINSPEÇÃO,A,True,revisar
SMP-006918,EM AJUSTE,C,False,revisar
SMP-006436,ESPECIFICAÇÃO EM REVISÃO,B,True,revisar
SMP-007510,AGUARDANDO REINSPEÇÃO,C,False,revisar
SMP-010944,APROVADO PARCIAL,C,False,valido_automatico
SMP-005405,PENDENTE,B,False,revisar
SMP-000353,FORA DE ESPECIFICACAO,A,False,recusar_automatico
SMP-005585,PENDENTE,B,True,revisar
SMP-003708,AJUSTE REPROVADO,C,True,recusar_automatico
SMP-007682,EM ANALISE,C,True,revisar
SMP-009574,AJUSTE CONCLUIDO,B,True,valido_automatico
SMP-009009,APROVADO PARCIAL,A,True,valido_automatico
SMP-003978,REINSPECAO REPROVADA,C,True,recusar_automatico
SMP-005222,EM ANALISE,A,False,revisar
SMP-002933,REINSPECAO REPROVADA,C,False,recusar_automatico
SMP-000572,CANCELADO,A,False,recusar_automatico
SMP-002437,CANCELADO,B,False,recusar_automatico
SMP-000309,AJUSTE REPROVADO,A,False,recusar_automatico
SMP-007339,AJUSTE REPROVADO,C,False,revisar
SMP-005032,AJUSTE CONCLUIDO,A,True,revisar
SMP-007280,AJUSTE CONCLUIDO,C,True,revisar
SMP-005124,AJUSTE CONCLUIDO,A,True,revisar
SMP-009594,APROVADO PARCIAL,B,False,valido_automatico
SMP-007513,ESPECIFICAÇÃO EM REVISÃO,C,False,revisar
SMP-010521,AGUARDANDO REINSPEÇÃO,B,True,valido_automatico
SMP-011389,APROVADO PARCIAL,C,True,valido_automatico
SMP-002324,FORA DE ESPECIFICACAO,B,False,recusar_automatico
SMP-005297,AGUARDANDO REINSPEÇÃO,A,False,revisar
SMP-000072,CANCELADO,A,True,recusar_automatico
SMP-010638,APROVADO PARCIAL,B,True,valido_automatico
SMP-004475,PENDENTE,A,False,revisar
SMP-003341,AJUSTE REPROVADO,C,True,recusar_automatico
SMP-001256,REINSPECAO REPROVADA,A,False,recusar_automatico
SMP-011074,APROVADO PARCIAL,C,True,valido_automatico
SMP-007242,AGUARDANDO REINSPEÇÃO,C,True,revisar
SMP-009147,EM AJUSTE,A,True,valido_automatico
SMP-009866,APROVADO PARCIAL,B,False,valido_automatico
SMP-011667,PENDENTE,C,True,valido_automatico
SMP-003001,CANCELADO,C,False,recusar_automatico
SMP-008688,APROVADO PARCIAL,A,False,valido_automatico
SMP-010696,EM ANÁLISE,C,False,valido_automatico
SMP-008780,EM ANÁLISE,A,True,valido_automatico
SMP-007729,AGUARDANDO REINSPEÇÃO,C,True,revisar
SMP-002136,REINSPECAO REPROVADA,B,False,recusar_automatico
SMP-005289,ESPECIFICAÇÃO EM REVISÃO,A,False,revisar
SMP-010411,EM AJUSTE,B,False,valido_automatico
SMP-008907,EM ANÁLISE,A,True,valido_automatico
SMP-007639,EM AJUSTE,C,False,revisar
SMP-011080,APROVADO PARCIAL,C,False,valido_automatico
SMP-009274,ESPECIFICAÇÃO EM REVISÃO,A,False,valido_automatico
SMP-005161,CANCELADO,A,False,revisar
SMP-002259,CANCELADO,B,False,recusar_automatico
SMP-004350,PENDENTE,A,False,revisar
SMP-003099,AJUSTE REPROVADO,C,True,recusar_automatico
SMP-006408,ESPECIFICAÇÃO EM REVISÃO,B,False,revisar
SMP-011605,AJUSTE CONCLUIDO,C,False,valido_automatico
SMP-005368,EM ANALISE,B,True,revisar
SMP-006304,EM ANALISE,B,True,revisar
SMP-006096,EM ANALISE,B,False,revisar
SMP-000960,CANCELADO,A,True,recusar_automatico
SMP-010318,AJUSTE CONCLUIDO,B,True,valido_automatico
SMP-004047,AJUSTE CONCLUIDO,A,False,revisar
SMP-001988,CANCELADO,B,True,recusar_automatico
SMP-002386,PENDENTE,B,False,recusar_automatico
SMP-004782,PENDENTE,A,True,revisar
SMP-000126,CANCELADO,A,False,recusar_automatico
SMP-010371,ESPECIFICAÇÃO EM REVISÃO,B,False,valido_automatico
SMP-002055,FORA DE ESPECIFICACAO,B,True,recusar_automatico
SMP-007610,ESPECIFICAÇÃO EM REVISÃO,C,False,revisar
SMP-008683,APROVADO PARCIAL,A,False,valido_automatico
SMP-001101,ESPECIFICAÇÃO EM REVISÃO,A,False,recusar_automatico
SMP-003337,AJUSTE REPROVADO,C,True,recusar_automatico
SMP-010021,EM AJUSTE,B,True,valido_automatico
SMP-000983,REINSPECAO REPROVADA,A,False,recusar_automatico
SMP-004708,PENDENTE,A,False,revisar
SMP-011949,AJUSTE CONCLUIDO,C,False,valido_automatico
SMP-003461,AJUSTE REPROVADO,C,False,recusar_automatico
SMP-008332,PENDENTE,A,False,valido_automatico
SMP-005098,APROVADO PARCIAL,A,False,revisar
SMP-009681,EM ANÁLISE,B,False,valido_automatico
SMP-001329,AJUSTE REPROVADO,A,True,recusar_automatico
SMP-005355,AGUARDANDO REINSPEÇÃO,B,False,revisar
SMP-002216,AGUARDANDO REINSPEÇÃO,B,True,recusar_automatico
SMP-000899,AJUSTE REPROVADO,A,True,recusar_automatico
SMP-011614,AJUSTE CONCLUIDO,C,True,valido_automatico
SMP-005431,PENDENTE,B,False,revisar
SMP-005568,EM ANALISE,B,False,revisar
SMP-009234,AJUSTE CONCLUIDO,A,True,valido_automatico
SMP-007206,ESPECIFICAÇÃO EM REVISÃO,C,False,revisar
SMP-005555,AGUARDANDO REINSPEÇÃO,B,True,revisar
SMP-001282,CANCELADO,A,True,recusar_automatico
SMP-010516,PENDENTE,B,True,valido_automatico
SMP-008432,AJUSTE CONCLUIDO,A,False,valido_automatico
SMP-007686,PENDENTE,C,False,revisar
SMP-003119,AJUSTE REPROVADO,C,False,recusar_automatico
SMP-006085,AGUARDANDO REINSPEÇÃO,B,True,revisar
SMP-002559,ESPECIFICAÇÃO EM REVISÃO,B,True,recusar_automatico
SMP-006917,ESPECIFICAÇÃO EM REVISÃO,C,False,revisar
SMP-008965,AJUSTE CONCLUIDO,A,False,valido_automatico
SMP-010819,EM ANÁLISE,C,False,valido_automatico
SMP-003557,FORA DE ESPECIFICACAO,C,False,recusar_automatico
SMP-004354,APROVADO PARCIAL,A,False,revisar
SMP-004681,ESPECIFICAÇÃO EM REVISÃO,A,True,revisar
SMP-005770,EM AJUSTE,B,False,revisar
SMP-010560,EM ANÁLISE,B,True,valido_automatico
SMP-009008,ESPECIFICAÇÃO EM REVISÃO,A,True,valido_automatico
SMP-009369,APROVADO PARCIAL,B,False,valido_automatico
SMP-006004,EM ANALISE,B,False,revisar
SMP-002514,CANCELADO,B,False,recusar_automatico
SMP-005646,AGUARDANDO REINSPEÇÃO,B,False,revisar
SMP-000865,AJUSTE REPROVADO,A,False,recusar_automatico
SMP-007438,EM ANALISE,C,True,revisar
SMP-000748,CANCELADO,A,False,recusar_automatico
SMP-000741,AJUSTE REPROVADO,A,False,recusar_automatico
SMP-003688,REINSPECAO REPROVADA,C,True,recusar_automatico
SMP-001727,FORA DE ESPECIFICACAO,B,False,recusar_automatico
SMP-002611,FORA DE ESPECIFICACAO,B,True,recusar_automatico
SMP-005891,EM ANALISE,B,True,revisar
SMP-004051,PENDENTE,A,False,revisar
SMP-011933,ESPECIFICAÇÃO EM REVISÃO,C,False,valido_automatico
SMP-000179,FORA DE ESPECIFICACAO,A,True,recusar_automatico
SMP-003031,CANCELADO,C,True,recusar_automatico
SMP-009488,AJUSTE CONCLUIDO,B,False,valido_automatico
SMP-001148,REINSPECAO REPROVADA,A,True,recusar_automatico
SMP-010335,EM AJUSTE,B,False,valido_automatico
SMP-008855,AJUSTE CONCLUIDO,A,True,valido_automatico
SMP-001380,ESPECIFICAÇÃO EM REVISÃO,B,True,recusar_automatico
SMP-009025,AJUSTE CONCLUIDO,A,False,valido_automatico
SMP-011253,AGUARDANDO REINSPEÇÃO,C,True,valido_automatico
SMP-005740,EM ANALISE,B,False,revisar
SMP-001706,CANCELADO,B,False,recusar_automatico
SMP-005145,PENDENTE,A,False,revisar
SMP-000647,AJUSTE REPROVADO,A,False,recusar_automatico
SMP-006052,EM ANALISE,B,True,revisar
SMP-011769,APROVADO PARCIAL,C,False,valido_automatico
SMP-010997,EM AJUSTE,C,True,valido_automatico
SMP-004286,AGUARDANDO REINSPEÇÃO,A,False,revisar
SMP-000298,FORA DE ESPECIFICACAO,A,False,recusar_automatico
SMP-001466,CANCELADO,B,True,recusar_automatico
SMP-009551,APROVADO PARCIAL,B,True,valido_automatico
SMP-006907,EM ANALISE,C,True,revisar
SMP-008399,EM ANÁLISE,A,True,valido_automatico
SMP-001981,AJUSTE REPROVADO,B,True,recusar_automatico
SMP-009734,AJUSTE CONCLUIDO,B,False,valido_automatico
SMP-001349,AJUSTE REPROVADO,B,False,recusar_automatico
SMP-001647,CANCELADO,B,False,recusar_automatico
SMP-000329,AJUSTE REPROVADO,A,True,recusar_automatico
SMP-008922,EM AJUSTE,A,False,valido_automatico
SMP-003666,FORA DE ESPECIFICACAO,C,False,recusar_automatico
SMP-011713,AJUSTE REPROVADO,C,True,valido_automatico
SMP-004677,AGUARDANDO REINSPEÇÃO,A,False,revisar
SMP-007894,ESPECIFICAÇÃO EM REVISÃO,C,True,revisar
SMP-007687,EM ANALISE,C,False,revisar
SMP-007149,EM ANALISE,C,True,revisar
SMP-004665,PENDENTE,A,False,revisar
SMP-008866,AJUSTE CONCLUIDO,A,False,valido_automatico
SMP-010019,AGUARDANDO REINSPEÇÃO,B,False,valido_automatico
SMP-007919,EM ANALISE,C,True,revisar
SMP-002931,REINSPECAO REPROVADA,C,True,recusar_automatico
SMP-006794,PENDENTE,C,False,revisar
SMP-009679,APROVADO PARCIAL,B,False,valido_automatico
SMP-005085,PENDENTE,A,True,revisar
SMP-007465,ESPECIFICAÇÃO EM REVISÃO,C,True,revisar
SMP-002661,AJUSTE REPROVADO,B,False,recusar_automatico
SMP-000714,CANCELADO,A,False,recusar_automatico
SMP-001732,CANCELADO,B,False,recusar_automatico
SMP-002297,CANCELADO,B,True,recusar_automatico
SMP-011405,PENDENTE,C,False,valido_automatico
SMP-005468,EM ANALISE,B,True,revisar
SMP-005734,EM AJUSTE,B,True,revisar
SMP-005391,REINSPECAO REPROVADA,B,False,revisar
SMP-007097,EM ANALISE,C,False,revisar
SMP-010808,AJUSTE REPROVADO,C,True,valido_automatico
SMP-007536,AGUARDANDO REINSPEÇÃO,C,False,revisar
SMP-003322,AJUSTE REPROVADO,C,False,recusar_automatico
SMP-007641,EM ANALISE,C,False,revisar
SMP-002815,REINSPECAO REPROVADA,C,False,recusar_automatico
SMP-011318,EM AJUSTE,C,True,valido_automatico
SMP-001388,PENDENTE,B,True,recusar_automatico
SMP-004631,AGUARDANDO REINSPEÇÃO,A,True,revisar
SMP-000547,AJUSTE REPROVADO,A,True,recusar_automatico
SMP-010528,AJUSTE CONCLUIDO,B,True,valido_automatico
SMP-005268,PENDENTE,A,True,revisar
SMP-002432,FORA DE ESPECIFICACAO,B,False,recusar_automatico
SMP-007189,PENDENTE,C,False,revisar
SMP-002965,FORA DE ESPECIFICACAO,C,False,recusar_automatico
SMP-004362,ESPECIFICAÇÃO EM REVISÃO,A,True,revisar
SMP-011245,EM AJUSTE,C,True,valido_automatico
SMP-004505,PENDENTE,A,False,revisar
SMP-010332,ESPECIFICAÇÃO EM REVISÃO,B,True,valido_automatico
SMP-005561,PENDENTE,B,True,revisar
SMP-000841,REINSPECAO REPROVADA,A,False,recusar_automatico
SMP-005230,PENDENTE,A,True,revisar
SMP-001230,FORA DE ESPECIFICACAO,A,False,recusar_automatico
SMP-011066,AJUSTE REPROVADO,C,False,valido_automatico
SMP-005171,PENDENTE,A,False,revisar
SMP-005239,EM ANALISE,A,True,revisar
SMP-005535,AGUARDANDO REINSPEÇÃO,B,False,revisar
SMP-009235,EM ANÁLISE,A,False,valido_automatico
SMP-008487,APROVADO PARCIAL,A,False,valido_automatico
SMP-005226,EM ANALISE,A,True,revisar
SMP-006210,PENDENTE,B,False,revisar
SMP-007550,AGUARDANDO REINSPEÇÃO,C,False,revisar
SMP-000412,REINSPECAO REPROVADA,A,False,recusar_automatico
SMP-008948,APROVADO PARCIAL,A,True,valido_automatico
SMP-004967,EM ANALISE,A,False,revisar
SMP-006447,EM ANALISE,B,False,revisar
SMP-008744,AGUARDANDO REINSPEÇÃO,A,True,valido_automatico
SMP-001968,FORA DE ESPECIFICACAO,B,False,recusar_automatico
SMP-004761,PENDENTE,A,False,revisar
SMP-005248,AGUARDANDO REINSPEÇÃO,A,True,revisar
SMP-004641,EM ANALISE,A,False,revisar
SMP-004955,EM ANALISE,A,True,revisar
SMP-007134,PENDENTE,C,True,revisar
SMP-010063,PENDENTE,B,False,valido_automatico
SMP-006559,AGUARDANDO REINSPEÇÃO,B,False,revisar
SMP-001954,AJUSTE REPROVADO,B,True,recusar_automatico
SMP-010924,AJUSTE CONCLUIDO,C,True,valido_automatico
SMP-007128,EM ANALISE,C,False,revisar
SMP-005022,ESPECIFICAÇÃO EM REVISÃO,A,True,revisar
SMP-000565,FORA DE ESPECIFICACAO,A,False,recusar_automatico
SMP-010833,APROVADO PARCIAL,C,False,valido_automatico
SMP-008313,AJUSTE CONCLUIDO,A,True,valido_automatico
SMP-009227,APROVADO PARCIAL,A,False,valido_automatico
SMP-005888,EM ANALISE,B,True,revisar
SMP-008422,AJUSTE CONCLUIDO,A,True,valido_automatico
SMP-006251,ESPECIFICAÇÃO EM REVISÃO,B,True,revisar
SMP-008259,APROVADO PARCIAL,A,True,valido_automatico
SMP-000304,AJUSTE REPROVADO,A,False,recusar_automatico
SMP-008071,APROVADO PARCIAL,A,False,valido_automatico
SMP-002062,CANCELADO,B,False,recusar_automatico
SMP-008783,PENDENTE,A,False,valido_automatico
SMP-006976,AGUARDANDO REINSPEÇÃO,C,True,revisar
SMP-008086,AJUSTE REPROVADO,A,True,valido_automatico
SMP-007166,AGUARDANDO REINSPEÇÃO,C,False,revisar
SMP-002408,FORA DE ESPECIFICACAO,B,False,recusar_automatico
SMP-007175,AGUARDANDO REINSPEÇÃO,C,True,revisar
SMP-005031,EM ANALISE,A,False,revisar
SMP-005838,EM ANALISE,B,False,revisar
SMP-000600,EM AJUSTE,A,False,recusar_automatico
SMP-009724,APROVADO PARCIAL,B,True,valido_automatico
SMP-003962,CANCELADO,C,True,recusar_automatico
SMP-004737,EM AJUSTE,A,False,revisar
SMP-011386,AJUSTE CONCLUIDO,C,True,valido_automatico
SMP-011791,AJUSTE CONCLUIDO,C,True,valido_automatico
SMP-010697,AJUSTE CONCLUIDO,C,True,valido_automatico
SMP-005029,PENDENTE,A,True,revisar
SMP-008812,APROVADO PARCIAL,A,False,valido_automatico
SMP-002598,FORA DE ESPECIFICACAO,B,False,recusar_automatico
SMP-007011,AGUARDANDO REINSPEÇÃO,C,True,revisar
SMP-005050,AGUARDANDO REINSPEÇÃO,A,False,revisar
SMP-002984,ESPECIFICAÇÃO EM REVISÃO,C,False,recusar_automatico
SMP-009040,EM ANÁLISE,A,True,valido_automatico
SMP-004962,PENDENTE,A,False,revisar
SMP-001969,AJUSTE REPROVADO,B,True,recusar_automatico
SMP-001873,PENDENTE,B,True,recusar_automatico
SMP-003253,CANCELADO,C,True,recusar_automatico
SMP-009284,EM ANÁLISE,A,False,valido_automatico
SMP-008884,AJUSTE CONCLUIDO,A,False,valido_automatico
SMP-000524,CANCELADO,A,True,recusar_automatico
SMP-009528,EM AJUSTE,B,True,valido_automatico
SMP-010326,AJUSTE CONCLUIDO,B,False,valido_automatico
SMP-004265,EM ANALISE,A,False,revisar
SMP-001013,CANCELADO,A,False,recusar_automatico
SMP-006568,EM ANALISE,B,True,revisar
SMP-009305,APROVADO PARCIAL,A,True,valido_automatico
SMP-005444,EM ANALISE,B,False,revisar
SMP-010760,AJUSTE CONCLUIDO,C,False,valido_automatico
SMP-004853,ESPECIFICAÇÃO EM REVISÃO,A,True,revisar
SMP-010619,AJUSTE CONCLUIDO,B,True,valido_automatico
SMP-009545,AJUSTE REPROVADO,B,False,valido_automatico
SMP-008488,APROVADO PARCIAL,A,False,valido_automatico
SMP-011524,AJUSTE CONCLUIDO,C,True,valido_automatico
SMP-005759,CANCELADO,B,False,revisar
SMP-010505,APROVADO PARCIAL,B,False,valido_automatico
SMP-005166,CANCELADO,A,True,revisar
SMP-004682,CANCELADO,A,True,revisar
SMP-003232,CANCELADO,C,True,recusar_automatico
SMP-004815,AGUARDANDO REINSPEÇÃO,A,False,revisar
SMP-008540,APROVADO PARCIAL,A,False,valido_automatico
SMP-002352,CANCELADO,B,False,recusar_automatico
SMP-003886,CANCELADO,C,True,recusar_automatico
SMP-005384,PENDENTE,B,True,revisar
SMP-007159,AGUARDANDO REINSPEÇÃO,C,True,revisar
SMP-002615,CANCELADO,B,False,recusar_automatico
SMP-007848,AJUSTE CONCLUIDO,C,False,revisar
SMP-007135,REINSPECAO REPROVADA,C,True,revisar
SMP-004844,PENDENTE,A,False,revisar
SMP-001928,FORA DE ESPECIFICACAO,B,True,recusar_automatico
SMP-011946,PENDENTE,C,False,valido_automatico
SMP-010376,EM AJUSTE,B,True,valido_automatico
SMP-001332,REINSPECAO REPROVADA,A,True,recusar_automatico
SMP-010509,APROVADO PARCIAL,B,False,valido_automatico
SMP-011207,EM AJUSTE,C,False,valido_automatico
SMP-004297,EM ANALISE,A,True,revisar
SMP-004692,AGUARDANDO REINSPEÇÃO,A,False,revisar
SMP-007796,EM ANALISE,C,False,revisar
SMP-006867,EM ANALISE,C,False,revisar
SMP-002388,CANCELADO,B,True,recusar_automatico
SMP-004004,PENDENTE,A,False,revisar
SMP-001043,CANCELADO,A,True,recusar_automatico
SMP-007161,EM ANALISE,C,True,revisar
SMP-006544,ESPECIFICAÇÃO EM REVISÃO,B,True,revisar
SMP-004954,EM ANALISE,A,False,revisar
SMP-006296,AJUSTE REPROVADO,B,True,revisar
SMP-003734,CANCELADO,C,False,recusar_automatico
SMP-009117,AJUSTE CONCLUIDO,A,True,valido_automatico
SMP-003836,AJUSTE REPROVADO,C,True,recusar_automatico
SMP-003331,AJUSTE REPROVADO,C,False,recusar_automatico
SMP-009330,EM AJUSTE,A,False,valido_automatico
SMP-004464,AJUSTE REPROVADO,A,False,revisar
SMP-000475,ESPECIFICAÇÃO EM REVISÃO,A,False,recusar_automatico
SMP-000515,FORA DE ESPECIFICACAO,A,True,recusar_automatico
SMP-005570,PENDENTE,B,False,revisar
SMP-006155,AJUSTE CONCLUIDO,B,True,revisar
SMP-004741,AJUSTE REPROVADO,A,False,revisar
SMP-000085,FORA DE ESPECIFICACAO,A,True,recusar_automatico
SMP-006395,PENDENTE,B,True,revisar
SMP-001874,AJUSTE REPROVADO,B,False,recusar_automatico
SMP-002959,AJUSTE REPROVADO,C,False,recusar_automatico
SMP-009858,APROVADO PARCIAL,B,True,valido_automatico
SMP-000265,CANCELADO,A,True,recusar_automatico
SMP-001213,REINSPECAO REPROVADA,A,True,recusar_automatico
SMP-002772,EM AJUSTE,C,True,recusar_automatico
SMP-001504,FORA DE ESPECIFICACAO,B,False,recusar_automatico
SMP-011934,AJUSTE REPROVADO,C,False,valido_automatico
SMP-010347,AJUSTE CONCLUIDO,B,True,valido_automatico
SMP-001740,AGUARDANDO REINSPEÇÃO,B,True,recusar_automatico
SMP-002994,AJUSTE REPROVADO,C,True,recusar_automatico
SMP-000280,REINSPECAO REPROVADA,A,False,recusar_automatico
SMP-004346,EM ANALISE,A,False,revisar
SMP-008988,AJUSTE CONCLUIDO,A,False,valido_automatico
SMP-003401,CANCELADO,C,True,recusar_automatico
SMP-005478,EM ANALISE,B,True,revisar
SMP-005514,APROVADO PARCIAL,B,False,revisar
SMP-006676,PENDENTE,C,False,revisar
SMP-000438,REINSPECAO REPROVADA,A,True,recusar_automatico
SMP-010040,AJUSTE CONCLUIDO,B,False,valido_automatico
SMP-004834,EM ANALISE,A,False,revisar
SMP-011909,AJUSTE CONCLUIDO,C,False,valido_automatico
SMP-011660,PENDENTE,C,False,valido_automatico
SMP-000925,EM AJUSTE,A,True,recusar_automatico
SMP-003577,AJUSTE REPROVADO,C,False,recusar_automatico
SMP-011308,APROVADO PARCIAL,C,False,valido_automatico
SMP-004780,AGUARDANDO REINSPEÇÃO,A,True,revisar
SMP-002307,FORA DE ESPECIFICACAO,B,False,recusar_automatico
SMP-000455,AJUSTE REPROVADO,A,False,recusar_automatico
SMP-005051,AGUARDANDO REINSPEÇÃO,A,True,revisar
SMP-006707,AGUARDANDO REINSPEÇÃO,C,True,revisar
SMP-009862,EM AJUSTE,B,True,valido_automatico
SMP-002909,AJUSTE REPROVADO,C,True,recusar_automatico
SMP-008547,APROVADO PARCIAL,A,True,valido_automatico
SMP-009188,EM ANÁLISE,A,False,valido_automatico
SMP-003883,EM AJUSTE,C,False,recusar_automatico
SMP-004588,ESPECIFICAÇÃO EM REVISÃO,A,True,revisar
SMP-008402,EM AJUSTE,A,True,valido_automatico
SMP-011150,APROVADO PARCIAL,C,False,valido_automatico
SMP-011475,AJUSTE CONCLUIDO,C,False,valido_automatico
SMP-001534,CANCELADO,B,False,recusar_automatico
SMP-002610,CANCELADO,B,True,recusar_automatico
SMP-010991,EM AJUSTE,C,True,valido_automatico
SMP-002199,AJUSTE REPROVADO,B,True,recusar_automatico
SMP-003876,CANCELADO,C,True,recusar_automatico
SMP-007905,PENDENTE,C,False,revisar
SMP-009458,APROVADO PARCIAL,B,True,valido_automatico
SMP-001517,AJUSTE REPROVADO,B,True,recusar_automatico
SMP-006792,EM ANALISE,C,True,revisar
SMP-002686,FORA DE ESPECIFICACAO,C,False,recusar_automatico
SMP-004271,PENDENTE,A,False,revisar
SMP-009969,EM AJUSTE,B,False,valido_automatico
SMP-010102,APROVADO PARCIAL,B,False,valido_automatico
SMP-001009,FORA DE ESPECIFICACAO,A,False,recusar_automatico
SMP-004477,PENDENTE,A,True,revisar
SMP-000887,ESPECIFICAÇÃO EM REVISÃO,A,True,recusar_automatico
SMP-007554,PENDENTE,C,False,revisar
SMP-001546,AJUSTE REPROVADO,B,True,recusar_automatico
SMP-010722,APROVADO PARCIAL,C,False,valido_automatico
SMP-003211,FORA DE ESPECIFICACAO,C,True,recusar_automatico
SMP-009884,AJUSTE CONCLUIDO,B,False,valido_automatico
SMP-003877,FORA DE ESPECIFICACAO,C,True,recusar_automatico
SMP-007526,ESPECIFICAÇÃO EM REVISÃO,C,False,revisar
SMP-006883,PENDENTE,C,False,revisar
SMP-010355,APROVADO PARCIAL,B,True,valido_automatico
SMP-003979,FORA DE ESPECIFICACAO,C,True,recusar_automatico
SMP-001410,CANCELADO,B,False,recusar_automatico
SMP-011760,AJUSTE CONCLUIDO,C,False,valido_automatico
SMP-003707,AJUSTE REPROVADO,C,True,recusar_automatico
SMP-005213,ESPECIFICAÇÃO EM REVISÃO,A,False,revisar
SMP-011169,EM ANÁLISE,C,True,valido_automatico
SMP-009130,EM AJUSTE,A,True,valido_automatico
SMP-010306,AJUSTE CONCLUIDO,B,False,valido_automatico
SMP-000704,CANCELADO,A,True,recusar_automatico
SMP-003613,CANCELADO,C,True,recusar_automatico
SMP-007411,PENDENTE,C,False,revisar
SMP-009084,AJUSTE CONCLUIDO,A,False,valido_automatico
SMP-001595,CANCELADO,B,False,recusar_automatico
SMP-009994,AJUSTE CONCLUIDO,B,False,valido_automatico
SMP-003225,AJUSTE REPROVADO,C,False,recusar_automatico
SMP-004228,AJUSTE CONCLUIDO,A,False,revisar
SMP-009083,APROVADO PARCIAL,A,True,valido_automatico
SMP-010199,AJUSTE CONCLUIDO,B,False,valido_automatico
SMP-004645,AGUARDANDO REINSPEÇÃO,A,False,revisar
SMP-004615,EM ANALISE,A,False,revisar
SMP-009695,AJUSTE CONCLUIDO,B,True,valido_automatico
SMP-002266,AJUSTE REPROVADO,B,True,recusar_automatico
SMP-008618,APROVADO PARCIAL,A,True,valido_automatico
SMP-006213,ESPECIFICAÇÃO EM REVISÃO,B,True,revisar
SMP-001958,REINSPECAO REPROVADA,B,True,recusar_automatico
SMP-009376,APROVADO PARCIAL,B,False,valido_automatico
SMP-010513,EM AJUSTE,B,False,valido_automatico
SMP-000234,REINSPECAO REPROVADA,A,True,recusar_automatico
SMP-004142,ESPECIFICAÇÃO EM REVISÃO,A,True,revisar
SMP-002622,CANCELADO,B,False,recusar_automatico
SMP-007760,ESPECIFICAÇÃO EM REVISÃO,C,True,revisar
SMP-008230,AJUSTE CONCLUIDO,A,True,valido_automatico
SMP-009438,APROVADO PARCIAL,B,True,valido_automatico
SMP-006163,AJUSTE CONCLUIDO,B,True,revisar
SMP-006099,ESPECIFICAÇÃO EM REVISÃO,B,True,revisar
SMP-004332,EM ANALISE,A,True,revisar
SMP-003083,CANCELADO,C,False,recusar_automatico
SMP-002523,CANCELADO,B,False,recusar_automatico
SMP-000242,FORA DE ESPECIFICACAO,A,False,recusar_automatico
SMP-011976,AJUSTE CONCLUIDO,C,False,valido_automatico
SMP-007692,ESPECIFICAÇÃO EM REVISÃO,C,True,revisar
SMP-001021,CANCELADO,A,False,recusar_automatico
SMP-002249,AJUSTE REPROVADO,B,True,recusar_automatico
SMP-007112,EM ANALISE,C,False,revisar
SMP-010310,AJUSTE CONCLUIDO,B,True,valido_automatico
SMP-003227,FORA DE ESPECIFICACAO,C,True,recusar_automatico
SMP-006277,ESPECIFICAÇÃO EM REVISÃO,B,False,revisar
SMP-000401,AJUSTE REPROVADO,A,False,recusar_automatico
SMP-010506,APROVADO PARCIAL,B,False,valido_automatico
SMP-002452,CANCELADO,B,True,recusar_automatico
SMP-011762,AJUSTE CONCLUIDO,C,True,valido_automatico
SMP-002805,REINSPECAO REPROVADA,C,False,recusar_automatico
SMP-004695,EM ANALISE,A,True,revisar
SMP-010707,APROVADO PARCIAL,C,True,valido_automatico
SMP-009418,AJUSTE CONCLUIDO,B,True,valido_automatico
SMP-007986,PENDENTE,C,True,revisar
SMP-002191,AJUSTE REPROVADO,B,True,recusar_automatico
SMP-002285,REINSPECAO REPROVADA,B,False,recusar_automatico
SMP-001403,AJUSTE REPROVADO,B,False,recusar_automatico
SMP-008959,AJUSTE CONCLUIDO,A,True,valido_automatico
SMP-000497,FORA DE ESPECIFICACAO,A,True,recusar_automatico
SMP-005833,ESPECIFICAÇÃO EM REVISÃO,B,True,revisar
SMP-006418,AGUARDANDO REINSPEÇÃO,B,False,revisar
SMP-011681,AJUSTE CONCLUIDO,C,True,valido_automatico
SMP-002497,AJUSTE REPROVADO,B,True,recusar_automatico
SMP-003255,AJUSTE REPROVADO,C,False,recusar_automatico
SMP-010450,AJUSTE CONCLUIDO,B,True,valido_automatico
SMP-011895,APROVADO PARCIAL,C,False,valido_automatico
SMP-007125,CANCELADO,C,True,revisar
SMP-010223,AJUSTE CONCLUIDO,B,False,valido_automatico
SMP-002819,CANCELADO,C,False,recusar_automatico
SMP-005335,EM ANALISE,B,False,revisar
SMP-001527,AGUARDANDO REINSPEÇÃO,B,False,recusar_automatico
SMP-001726,REINSPECAO REPROVADA,B,False,recusar_automatico
SMP-002143,EM AJUSTE,B,False,recusar_automatico
SMP-000703,CANCELADO,A,False,recusar_automatico
SMP-009873,PENDENTE,B,False,valido_automatico
SMP-006308,ESPECIFICAÇÃO EM REVISÃO,B,True,revisar
SMP-009029,APROVADO PARCIAL,A,False,valido_automatico
SMP-003138,AJUSTE REPROVADO,C,False,recusar_automatico
SMP-005901,PENDENTE,B,True,revisar
SMP-005136,APROVADO PARCIAL,A,True,revisar
SMP-002845,REINSPECAO REPROVADA,C,True,recusar_automatico
SMP-003514,REINSPECAO REPROVADA,C,False,recusar_automatico
SMP-006040,ESPECIFICAÇÃO EM REVISÃO,B,True,revisar
SMP-008711,PENDENTE,A,False,valido_automatico
SMP-009285,APROVADO PARCIAL,A,True,valido_automatico
SMP-001860,EM AJUSTE,B,True,recusar_automatico
SMP-006053,PENDENTE,B,False,revisar
SMP-012000,APROVADO PARCIAL,C,False,valido_automatico
SMP-005002,EM ANALISE,A,True,revisar
SMP-006197,ESPECIFICAÇÃO EM REVISÃO,B,True,revisar
SMP-001920,FORA DE ESPECIFICACAO,B,False,recusar_automatico
SMP-007224,PENDENTE,C,False,revisar
SMP-006025,EM ANALISE,B,True,revisar
SMP-005150,PENDENTE,A,True,revisar
SMP-005573,ESPECIFICAÇÃO EM REVISÃO,B,True,revisar
SMP-005153,EM ANALISE,A,False,revisar
SMP-006294,CANCELADO,B,False,revisar
SMP-002865,CANCELADO,C,True,recusar_automatico
SMP-007674,PENDENTE,C,False,revisar
SMP-006967,AGUARDANDO REINSPEÇÃO,C,True,revisar
SMP-008734,PENDENTE,A,False,valido_automatico
SMP-001041,REINSPECAO REPROVADA,A,True,recusar_automatico
SMP-007079,AGUARDANDO REINSPEÇÃO,C,False,revisar
SMP-008902,EM AJUSTE,A,False,valido_automatico
SMP-000468,CANCELADO,A,True,recusar_automatico
SMP-005130,AGUARDANDO REINSPEÇÃO,A,False,revisar
SMP-004335,EM ANALISE,A,True,revisar
SMP-002904,REINSPECAO REPROVADA,C,True,recusar_automatico
SMP-002821,EM AJUSTE,C,True,recusar_automatico
SMP-004938,ESPECIFICAÇÃO EM REVISÃO,A,True,revisar
SMP-005060,PENDENTE,A,True,revisar
SMP-011032,ESPECIFICAÇÃO EM REVISÃO,C,True,valido_automatico
SMP-010087,AJUSTE CONCLUIDO,B,True,valido_automatico
SMP-006042,EM ANALISE,B,False,revisar
SMP-011358,AJUSTE CONCLUIDO,C,False,valido_automatico
SMP-001051,CANCELADO,A,False,recusar_automatico
SMP-007111,AJUSTE REPROVADO,C,True,revisar
SMP-002395,CANCELADO,B,True,recusar_automatico
SMP-010146,APROVADO PARCIAL,B,True,valido_automatico
SMP-011230,AJUSTE CONCLUIDO,C,False,valido_automatico
SMP-002014,REINSPECAO REPROVADA,B,False,recusar_automatico
SMP-000938,AJUSTE REPROVADO,A,True,recusar_automatico
SMP-010099,PENDENTE,B,True,valido_automatico
SMP-004302,PENDENTE,A,True,revisar
SMP-000754,AJUSTE REPROVADO,A,False,recusar_automatico
SMP-002924,CANCELADO,C,False,recusar_automatico
SMP-010407,APROVADO PARCIAL,B,False,valido_automatico
SMP-008464,EM ANÁLISE,A,False,valido_automatico
SMP-005496,PENDENTE,B,False,revisar
SMP-004874,ESPECIFICAÇÃO EM REVISÃO,A,True,revisar
SMP-010721,AJUSTE CONCLUIDO,C,True,valido_automatico
SMP-005957,AGUARDANDO REINSPEÇÃO,B,True,revisar
SMP-011812,AJUSTE CONCLUIDO,C,False,valido_automatico
SMP-001606,REINSPECAO REPROVADA,B,True,recusar_automatico
SMP-004011,EM ANALISE,A,True,revisar
SMP-009454,EM ANÁLISE,B,False,valido_automatico
SMP-004832,EM ANALISE,A,True,revisar
SMP-010974,APROVADO PARCIAL,C,True,valido_automatico
SMP-001930,FORA DE ESPECIFICACAO,B,False,recusar_automatico
SMP-000820,AJUSTE REPROVADO,A,False,recusar_automatico
SMP-010797,EM AJUSTE,C,True,valido_automatico
SMP-008251,APROVADO PARCIAL,A,True,valido_automatico
SMP-004820,EM ANALISE,A,True,revisar
SMP-010342,APROVADO PARCIAL,B,False,valido_automatico
SMP-003581,ESPECIFICAÇÃO EM REVISÃO,C,False,recusar_automatico
SMP-001667,CANCELADO,B,True,recusar_automatico
SMP-006089,AGUARDANDO REINSPEÇÃO,B,False,revisar
SMP-001298,CANCELADO,A,True,recusar_automatico
SMP-010409,APROVADO PARCIAL,B,False,valido_automatico
SMP-002771,FORA DE ESPECIFICACAO,C,True,recusar_automatico
SMP-008228,EM AJUSTE,A,False,valido_automatico
SMP-011548,EM AJUSTE,C,True,valido_automatico
SMP-003009,FORA DE ESPECIFICACAO,C,False,recusar_automatico
SMP-001580,REINSPECAO REPROVADA,B,False,recusar_automatico
SMP-002891,REINSPECAO REPROVADA,C,False,recusar_automatico
SMP-006992,AGUARDANDO REINSPEÇÃO,C,True,revisar
SMP-011711,AJUSTE CONCLUIDO,C,True,valido_automatico
SMP-000696,REINSPECAO REPROVADA,A,False,recusar_automatico
SMP-010009,AJUSTE CONCLUIDO,B,True,valido_automatico
SMP-002679,AJUSTE REPROVADO,C,True,recusar_automatico
SMP-006047,ESPECIFICAÇÃO EM REVISÃO,B,False,revisar
SMP-001973,CANCELADO,B,True,recusar_automatico
SMP-006076,EM ANALISE,B,False,revisar
SMP-000484,AJUSTE REPROVADO,A,True,recusar_automatico
SMP-002126,FORA DE ESPECIFICACAO,B,False,recusar_automatico
SMP-004180,ESPECIFICAÇÃO EM REVISÃO,A,False,revisar
SMP-006937,PENDENTE,C,True,revisar
SMP-010784,APROVADO PARCIAL,C,True,valido_automatico
SMP-002666,REINSPECAO REPROVADA,B,True,recusar_automatico
SMP-010596,AJUSTE CONCLUIDO,B,False,valido_automatico
SMP-006161,PENDENTE,B,False,revisar
SMP-010964,AJUSTE CONCLUIDO,C,True,valido_automatico
SMP-008111,PENDENTE,A,False,valido_automatico
SMP-007116,EM ANALISE,C,False,revisar
SMP-002949,AJUSTE REPROVADO,C,True,recusar_automatico
SMP-009165,EM ANÁLISE,A,True,valido_automatico
SMP-002082,FORA DE ESPECIFICACAO,B,True,recusar_automatico
SMP-002874,REINSPECAO REPROVADA,C,False,recusar_automatico
SMP-004805,PENDENTE,A,False,revisar
SMP-004547,PENDENTE,A,False,revisar
SMP-005801,AGUARDANDO REINSPEÇÃO,B,True,revisar
SMP-006469,AGUARDANDO REINSPEÇÃO,B,True,revisar
SMP-000002,CANCELADO,A,False,recusar_automatico
SMP-000405,REINSPECAO REPROVADA,A,False,recusar_automatico
SMP-004197,EM ANALISE,A,False,revisar
SMP-003067,PENDENTE,C,True,recusar_automatico
SMP-007279,AGUARDANDO REINSPEÇÃO,C,True,revisar
SMP-006336,ESPECIFICAÇÃO EM REVISÃO,B,True,revisar
SMP-002621,FORA DE ESPECIFICACAO,B,False,recusar_automatico
SMP-000892,AJUSTE REPROVADO,A,False,recusar_automatico
SMP-000068,CANCELADO,A,False,recusar_automatico
SMP-005858,EM AJUSTE,B,True,revisar
SMP-000422,REINSPECAO REPROVADA,A,False,recusar_automatico
SMP-003943,CANCELADO,C,False,recusar_automatico
SMP-002952,CANCELADO,C,False,recusar_automatico
SMP-006742,EM ANALISE,C,True,revisar
SMP-004166,EM ANALISE,A,True,revisar
SMP-002206,CANCELADO,B,False,recusar_automatico
SMP-011740,AJUSTE CONCLUIDO,C,False,valido_automatico
SMP-009823,EM AJUSTE,B,True,valido_automatico
SMP-001849,EM ANALISE,B,False,recusar_automatico
SMP-008985,APROVADO PARCIAL,A,True,valido_automatico
SMP-008582,APROVADO PARCIAL,A,True,valido_automatico
SMP-006232,ESPECIFICAÇÃO EM REVISÃO,B,True,revisar
SMP-008161,APROVADO PARCIAL,A,True,valido_automatico
SMP-000660,CANCELADO,A,False,recusar_automatico
SMP-000193,REINSPECAO REPROVADA,A,False,recusar_automatico
SMP-004283,AGUARDANDO REINSPEÇÃO,A,False,revisar
SMP-006834,EM ANALISE,C,True,revisar
SMP-002104,AJUSTE REPROVADO,B,False,recusar_automatico
SMP-006038,EM AJUSTE,B,True,revisar
SMP-011680,EM ANÁLISE,C,True,valido_automatico
SMP-010161,EM ANÁLISE,B,False,valido_automatico
SMP-001820,REINSPECAO REPROVADA,B,False,recusar_automatico
SMP-006276,EM AJUSTE,B,False,revisar
SMP-004198,ESPECIFICAÇÃO EM REVISÃO,A,False,revisar
SMP-000588,CANCELADO,A,False,recusar_automatico
SMP-008588,AJUSTE CONCLUIDO,A,False,valido_automatico
SMP-007883,PENDENTE,C,False,revisar
SMP-006195,EM ANALISE,B,True,revisar
SMP-000066,CANCELADO,A,False,recusar_automatico
SMP-002484,AJUSTE REPROVADO,B,False,recusar_automatico
SMP-008239,AJUSTE CONCLUIDO,A,True,valido_automatico
SMP-005214,ESPECIFICAÇÃO EM REVISÃO,A,True,revisar
SMP-009511,AJUSTE CONCLUIDO,B,False,valido_automatico
SMP-010874,EM AJUSTE,C,False,valido_automatico
SMP-003425,FORA DE ESPECIFICACAO,C,True,recusar_automatico
SMP-003048,AGUARDANDO REINSPEÇÃO,C,True,recusar_automatico
SMP-002847,FORA DE ESPECIFICACAO,C,False,recusar_automatico
SMP-004928,AJUSTE CONCLUIDO,A,True,revisar
SMP-000564,REINSPECAO REPROVADA,A,False,recusar_automatico
SMP-009199,APROVADO PARCIAL,A,False,valido_automatico
SMP-008022,APROVADO PARCIAL,A,False,valido_automatico
SMP-003725,FORA DE ESPECIFICACAO,C,False,recusar_automatico
SMP-007172,EM ANALISE,C,False,revisar
SMP-004235,PENDENTE,A,True,revisar
SMP-003390,REINSPECAO REPROVADA,C,False,recusar_automatico
SMP-002349,FORA DE ESPECIFICACAO,B,True,recusar_automatico
SMP-000047,FORA DE ESPECIFICACAO,A,True,recusar_automatico
SMP-005612,AGUARDANDO REINSPEÇÃO,B,False,revisar
SMP-002400,CANCELADO,B,False,recusar_automatico
SMP-002025,FORA DE ESPECIFICACAO,B,False,recusar_automatico
SMP-000025,AJUSTE REPROVADO,A,True,recusar_automatico
SMP-010216,APROVADO PARCIAL,B,False,valido_automatico
SMP-005065,PENDENTE,A,False,revisar
SMP-002449,AJUSTE REPROVADO,B,True,recusar_automatico
SMP-009612,AJUSTE CONCLUIDO,B,False,valido_automatico
SMP-006652,EM ANALISE,B,False,revisar
SMP-011954,EM ANÁLISE,C,False,valido_automatico
SMP-009479,APROVADO PARCIAL,B,True,valido_automatico
SMP-008204,AJUSTE CONCLUIDO,A,True,valido_automatico
SMP-008762,EM ANÁLISE,A,True,valido_automatico
SMP-003439,FORA DE ESPECIFICACAO,C,True,recusar_automatico
SMP-003224,REINSPECAO REPROVADA,C,False,recusar_automatico
SMP-000694,FORA DE ESPECIFICACAO,A,False,recusar_automatico
SMP-007623,AGUARDANDO REINSPEÇÃO,C,True,revisar
SMP-007978,AJUSTE REPROVADO,C,True,revisar
SMP-005495,PENDENTE,B,False,revisar
SMP-011943,ESPECIFICAÇÃO EM REVISÃO,C,False,valido_automatico
SMP-011666,EM AJUSTE,C,False,valido_automatico
SMP-011717,APROVADO PARCIAL,C,False,valido_automatico
SMP-008564,EM AJUSTE,A,False,valido_automatico
SMP-006975,ESPECIFICAÇÃO EM REVISÃO,C,True,revisar
SMP-003740,REINSPECAO REPROVADA,C,False,recusar_automatico
SMP-000020,FORA DE ESPECIFICACAO,A,False,recusar_automatico
SMP-008581,AJUSTE CONCLUIDO,A,True,valido_automatico
SMP-010122,EM ANÁLISE,B,False,valido_automatico
SMP-006271,AJUSTE CONCLUIDO,B,True,revisar
SMP-010815,AJUSTE CONCLUIDO,C,False,valido_automatico
SMP-002193,CANCELADO,B,True,recusar_automatico
SMP-009843,APROVADO PARCIAL,B,True,valido_automatico
SMP-003234,FORA DE ESPECIFICACAO,C,False,recusar_automatico
SMP-003972,CANCELADO,C,True,recusar_automatico
SMP-010967,AJUSTE CONCLUIDO,C,False,valido_automatico
SMP-003776,FORA DE ESPECIFICACAO,C,True,recusar_automatico
SMP-008003,APROVADO PARCIAL,A,True,valido_automatico
SMP-001826,FORA DE ESPECIFICACAO,B,False,recusar_automatico
SMP-010408,APROVADO PARCIAL,B,False,valido_automatico
SMP-004809,PENDENTE,A,True,revisar
SMP-008962,APROVADO PARCIAL,A,True,valido_automatico
SMP-001487,CANCELADO,B,True,recusar_automatico
SMP-004687,EM ANALISE,A,False,revisar
SMP-008059,APROVADO PARCIAL,A,False,valido_automatico
SMP-004578,EM ANALISE,A,True,revisar
SMP-009249,AJUSTE CONCLUIDO,A,False,valido_automatico
SMP-005399,AGUARDANDO REINSPEÇÃO,B,True,revisar
SMP-000056,CANCELADO,A,False,recusar_automatico
SMP-003163,AJUSTE REPROVADO,C,False,recusar_automatico
SMP-004787,PENDENTE,A,True,revisar
SMP-002026,CANCELADO,B,True,recusar_automatico
SMP-010551,PENDENTE,B,False,valido_automatico
SMP-004209,AGUARDANDO REINSPEÇÃO,A,False,revisar
SMP-004146,CANCELADO,A,True,revisar
SMP-001610,FORA DE ESPECIFICACAO,B,False,recusar_automatico
SMP-007551,AJUSTE CONCLUIDO,C,False,revisar
SMP-008817,APROVADO PARCIAL,A,False,valido_automatico
SMP-004112,ESPECIFICAÇÃO EM REVISÃO,A,True,revisar
SMP-003684,AJUSTE REPROVADO,C,False,recusar_automatico
SMP-007143,AJUSTE REPROVADO,C,False,revisar
SMP-008680,AJUSTE CONCLUIDO,A,False,valido_automatico
SMP-003854,FORA DE ESPECIFICACAO,C,True,recusar_automatico
SMP-009358,AJUSTE CONCLUIDO,B,True,valido_automatico
SMP-011047,APROVADO PARCIAL,C,True,valido_automatico
SMP-007348,ESPECIFICAÇÃO EM REVISÃO,C,False,revisar
SMP-000090,FORA DE ESPECIFICACAO,A,False,recusar_automatico
SMP-005580,AGUARDANDO REINSPEÇÃO,B,True,revisar
SMP-001770,CANCELADO,B,True,recusar_automatico
SMP-001844,AJUSTE REPROVADO,B,True,recusar_automatico
SMP-008575,EM ANÁLISE,A,False,valido_automatico
SMP-010798,ESPECIFICAÇÃO EM REVISÃO,C,False,valido_automatico
SMP-002525,AJUSTE REPROVADO,B,True,recusar_automatico
SMP-001040,AJUSTE REPROVADO,A,False,recusar_automatico
SMP-005684,ESPECIFICAÇÃO EM REVISÃO,B,False,revisar
SMP-005799,AGUARDANDO REINSPEÇÃO,B,False,revisar
SMP-010636,APROVADO PARCIAL,B,False,valido_automatico
SMP-004153,PENDENTE,A,True,revisar
SMP-006295,ESPECIFICAÇÃO EM REVISÃO,B,True,revisar
SMP-004178,AGUARDANDO REINSPEÇÃO,A,True,revisar
SMP-008655,EM AJUSTE,A,True,valido_automatico
SMP-010494,AJUSTE CONCLUIDO,B,False,valido_automatico
SMP-011009,ESPECIFICAÇÃO EM REVISÃO,C,False,valido_automatico
SMP-010313,APROVADO PARCIAL,B,False,valido_automatico
SMP-007538,AGUARDANDO REINSPEÇÃO,C,False,revisar
SMP-004800,APROVADO PARCIAL,A,False,revisar
SMP-006306,REINSPECAO REPROVADA,B,False,revisar
SMP-001693,REINSPECAO REPROVADA,B,False,recusar_automatico
SMP-004822,PENDENTE,A,True,revisar
SMP-000354,CANCELADO,A,True,recusar_automatico
SMP-004878,PENDENTE,A,False,revisar
SMP-004888,PENDENTE,A,False,revisar
SMP-007974,EM ANALISE,C,True,revisar
SMP-004845,AGUARDANDO REINSPEÇÃO,A,False,revisar
SMP-000998,REINSPECAO REPROVADA,A,True,recusar_automatico
SMP-011536,APROVADO PARCIAL,C,False,valido_automatico
SMP-005199,PENDENTE,A,False,revisar
SMP-006116,AGUARDANDO REINSPEÇÃO,B,True,revisar
SMP-007689,EM AJUSTE,C,True,revisar
SMP-004193,AGUARDANDO REINSPEÇÃO,A,True,revisar
SMP-000292,AJUSTE REPROVADO,A,True,recusar_automatico
SMP-005392,AGUARDANDO REINSPEÇÃO,B,True,revisar
SMP-010576,APROVADO PARCIAL,B,False,valido_automatico
SMP-005072,PENDENTE,A,False,revisar
SMP-001172,AJUSTE REPROVADO,A,False,recusar_automatico
SMP-009265,AJUSTE CONCLUIDO,A,False,valido_automatico
SMP-005844,EM ANALISE,B,True,revisar
SMP-000687,FORA DE ESPECIFICACAO,A,True,recusar_automatico
SMP-004483,ESPECIFICAÇÃO EM REVISÃO,A,True,revisar
SMP-008237,EM ANÁLISE,A,True,valido_automatico
SMP-002197,EM ANALISE,B,False,recusar_automatico
SMP-001427,PENDENTE,B,True,recusar_automatico
SMP-007181,ESPECIFICAÇÃO EM REVISÃO,C,True,revisar
SMP-002692,REINSPECAO REPROVADA,C,True,recusar_automatico
SMP-008256,EM ANÁLISE,A,False,valido_automatico
SMP-004122,ESPECIFICAÇÃO EM REVISÃO,A,True,revisar
SMP-002842,AJUSTE REPROVADO,C,False,recusar_automatico
SMP-007566,EM ANALISE,C,True,revisar
SMP-010270,EM ANÁLISE,B,False,valido_automatico
SMP-004393,EM ANALISE,A,False,revisar
SMP-003198,REINSPECAO REPROVADA,C,False,recusar_automatico
SMP-000225,AJUSTE REPROVADO,A,False,recusar_automatico
SMP-001792,REINSPECAO REPROVADA,B,False,recusar_automatico
SMP-008089,APROVADO PARCIAL,A,True,valido_automatico
SMP-004295,PENDENTE,A,True,revisar
SMP-008807,APROVADO PARCIAL,A,True,valido_automatico
SMP-007504,EM ANALISE,C,True,revisar
SMP-007326,AGUARDANDO REINSPEÇÃO,C,True,revisar
SMP-009078,APROVADO PARCIAL,A,True,valido_automatico
SMP-011761,AJUSTE CONCLUIDO,C,False,valido_automatico
SMP-003109,AJUSTE REPROVADO,C,False,recusar_automatico
SMP-008811,APROVADO PARCIAL,A,True,valido_automatico
SMP-003486,AJUSTE REPROVADO,C,True,recusar_automatico
SMP-011973,APROVADO PARCIAL,C,True,valido_automatico
SMP-009502,AJUSTE CONCLUIDO,B,True,valido_automatico
SMP-002427,REINSPECAO REPROVADA,B,True,recusar_automatico
SMP-005084,ESPECIFICAÇÃO EM REVISÃO,A,True,revisar
SMP-011692,APROVADO PARCIAL,C,True,valido_automatico
SMP-000351,AJUSTE REPROVADO,A,True,recusar_automatico
SMP-003930,CANCELADO,C,True,recusar_automatico
SMP-007948,ESPECIFICAÇÃO EM REVISÃO,C,True,revisar
SMP-011990,APROVADO PARCIAL,C,True,valido_automatico
SMP-005503,ESPECIFICAÇÃO EM REVISÃO,B,True,revisar
SMP-001185,REINSPECAO REPROVADA,A,False,recusar_automatico
SMP-004042,AGUARDANDO REINSPEÇÃO,A,False,revisar
SMP-009525,AJUSTE CONCLUIDO,B,True,valido_automatico
SMP-007342,ESPECIFICAÇÃO EM REVISÃO,C,True,revisar
SMP-000487,PENDENTE,A,False,recusar_automatico
SMP-008610,AJUSTE CONCLUIDO,A,True,valido_automatico
SMP-007864,REINSPECAO REPROVADA,C,False,revisar
SMP-006048,AGUARDANDO REINSPEÇÃO,B,False,revisar
SMP-003262,CANCELADO,C,False,recusar_automatico
SMP-009310,AJUSTE CONCLUIDO,A,True,valido_automatico
SMP-005678,AGUARDANDO REINSPEÇÃO,B,True,revisar
SMP-003907,CANCELADO,C,True,recusar_automatico
SMP-011489,AJUSTE CONCLUIDO,C,True,valido_automatico
SMP-008019,APROVADO PARCIAL,A,False,valido_automatico
SMP-005301,ESPECIFICAÇÃO EM REVISÃO,A,False,revisar
SMP-008233,APROVADO PARCIAL,A,True,valido_automatico
SMP-003046,ESPECIFICAÇÃO EM REVISÃO,C,True,recusar_automatico
SMP-008612,AJUSTE CONCLUIDO,A,True,valido_automatico
SMP-011502,AJUSTE CONCLUIDO,C,False,valido_automatico
SMP-007249,EM ANALISE,C,False,revisar
SMP-009985,EM AJUSTE,B,True,valido_automatico
SMP-008343,AGUARDANDO REINSPEÇÃO,A,False,valido_automatico
SMP-002722,CANCELADO,C,False,recusar_automatico
SMP-003061,CANCELADO,C,False,recusar_automatico
SMP-006391,PENDENTE,B,True,revisar
SMP-004613,EM AJUSTE,A,False,revisar
SMP-005439,EM ANALISE,B,True,revisar
SMP-010324,EM AJUSTE,B,False,valido_automatico
SMP-000511,FORA DE ESPECIFICACAO,A,True,recusar_automatico
SMP-000653,REINSPECAO REPROVADA,A,False,recusar_automatico
SMP-004788,ESPECIFICAÇÃO EM REVISÃO,A,False,revisar
SMP-009271,AJUSTE CONCLUIDO,A,True,valido_automatico
SMP-001456,AJUSTE REPROVADO,B,False,recusar_automatico
SMP-008899,APROVADO PARCIAL,A,True,valido_automatico
SMP-004811,REINSPECAO REPROVADA,A,False,revisar
SMP-011595,AJUSTE CONCLUIDO,C,True,valido_automatico
SMP-009743,APROVADO PARCIAL,B,True,valido_automatico
SMP-000753,CANCELADO,A,True,recusar_automatico
SMP-005172,EM ANALISE,A,False,revisar
SMP-007177,APROVADO PARCIAL,C,True,revisar
SMP-007764,EM ANALISE,C,False,revisar
SMP-000936,CANCELADO,A,False,recusar_automatico
SMP-003574,CANCELADO,C,True,recusar_automatico
SMP-002441,AJUSTE REPROVADO,B,True,recusar_automatico
SMP-008937,APROVADO PARCIAL,A,False,valido_automatico
SMP-007979,EM ANALISE,C,False,revisar
SMP-002299,PENDENTE,B,False,recusar_automatico
SMP-001674,AJUSTE REPROVADO,B,True,recusar_automatico
SMP-004165,AGUARDANDO REINSPEÇÃO,A,True,revisar
SMP-010451,AGUARDANDO REINSPEÇÃO,B,True,valido_automatico
SMP-005563,AGUARDANDO REINSPEÇÃO,B,False,revisar
SMP-001848,CANCELADO,B,False,recusar_automatico
SMP-001562,EM AJUSTE,B,True,recusar_automatico
SMP-007657,EM ANALISE,C,True,revisar
SMP-009983,APROVADO PARCIAL,B,True,valido_automatico
SMP-000781,FORA DE ESPECIFICACAO,A,True,recusar_automatico
SMP-008045,AJUSTE CONCLUIDO,A,False,valido_automatico
SMP-003590,CANCELADO,C,False,recusar_automatico
SMP-009982,APROVADO PARCIAL,B,True,valido_automatico
SMP-001130,AJUSTE REPROVADO,A,False,recusar_automatico
SMP-006510,AGUARDANDO REINSPEÇÃO,B,True,revisar
SMP-008359,EM AJUSTE,A,False,valido_automatico
SMP-004833,ESPECIFICAÇÃO EM REVISÃO,A,False,revisar
SMP-006943,CANCELADO,C,False,revisar
SMP-004808,AGUARDANDO REINSPEÇÃO,A,True,revisar
SMP-003540,REINSPECAO REPROVADA,C,True,recusar_automatico
SMP-000480,CANCELADO,A,False,recusar_automatico
SMP-002403,REINSPECAO REPROVADA,B,False,recusar_automatico
SMP-008860,APROVADO PARCIAL,A,True,valido_automatico
SMP-004685,EM ANALISE,A,False,revisar
SMP-007630,CANCELADO,C,True,revisar
SMP-001090,REINSPECAO REPROVADA,A,True,recusar_automatico
SMP-002960,AJUSTE REPROVADO,C,False,recusar_automatico
SMP-007811,ESPECIFICAÇÃO EM REVISÃO,C,True,revisar
SMP-000593,AJUSTE REPROVADO,A,False,recusar_automatico
SMP-002491,EM AJUSTE,B,False,recusar_automatico
SMP-005270,AGUARDANDO REINSPEÇÃO,A,False,revisar
SMP-008291,EM ANÁLISE,A,True,valido_automatico
SMP-002171,REINSPECAO REPROVADA,B,False,recusar_automatico
SMP-007443,PENDENTE,C,True,revisar
SMP-009067,APROVADO PARCIAL,A,True,valido_automatico
SMP-007957,AGUARDANDO REINSPEÇÃO,C,True,revisar
SMP-005587,ESPECIFICAÇÃO EM REVISÃO,B,True,revisar
SMP-007567,AGUARDANDO REINSPEÇÃO,C,True,revisar
SMP-011555,AJUSTE CONCLUIDO,C,True,valido_automatico
SMP-005445,ESPECIFICAÇÃO EM REVISÃO,B,False,revisar
SMP-002312,EM AJUSTE,B,True,recusar_automatico
SMP-010046,EM ANÁLISE,B,False,valido_automatico
SMP-011650,APROVADO PARCIAL,C,True,valido_automatico
SMP-005110,ESPECIFICAÇÃO EM REVISÃO,A,True,revisar
SMP-000494,REINSPECAO REPROVADA,A,False,recusar_automatico
SMP-003181,AJUSTE REPROVADO,C,True,recusar_automatico
SMP-010603,APROVADO PARCIAL,B,True,valido_automatico
SMP-008062,APROVADO PARCIAL,A,True,valido_automatico
SMP-004458,AGUARDANDO REINSPEÇÃO,A,False,revisar
SMP-006008,PENDENTE,B,True,revisar
SMP-010441,AJUSTE CONCLUIDO,B,False,valido_automatico
SMP-009407,AJUSTE CONCLUIDO,B,True,valido_automatico
SMP-007151,ESPECIFICAÇÃO EM REVISÃO,C,True,revisar
SMP-005382,ESPECIFICAÇÃO EM REVISÃO,B,False,revisar
SMP-003020,CANCELADO,C,False,recusar_automatico
SMP-004535,ESPECIFICAÇÃO EM REVISÃO,A,False,revisar
SMP-002869,FORA DE ESPECIFICACAO,C,False,recusar_automatico
SMP-000107,AJUSTE REPROVADO,A,True,recusar_automatico
SMP-007060,AJUSTE REPROVADO,C,False,revisar
SMP-007889,EM ANALISE,C,True,revisar
SMP-010406,APROVADO PARCIAL,B,False,valido_automatico
SMP-003857,FORA DE ESPECIFICACAO,C,True,recusar_automatico
SMP-003034,CANCELADO,C,False,recusar_automatico
SMP-001097,REINSPECAO REPROVADA,A,True,recusar_automatico
SMP-010325,AJUSTE CONCLUIDO,B,True,valido_automatico
SMP-010855,APROVADO PARCIAL,C,False,valido_automatico
SMP-000276,CANCELADO,A,True,recusar_automatico
SMP-000637,AGUARDANDO REINSPEÇÃO,A,False,recusar_automatico
SMP-008219,APROVADO PARCIAL,A,False,valido_automatico
SMP-007844,EM ANALISE,C,False,revisar
SMP-003409,EM AJUSTE,C,False,recusar_automatico
SMP-008139,APROVADO PARCIAL,A,True,valido_automatico
SMP-000081,REINSPECAO REPROVADA,A,True,recusar_automatico
SMP-011514,AJUSTE CONCLUIDO,C,True,valido_automatico
SMP-000869,REINSPECAO REPROVADA,A,True,recusar_automatico
SMP-001532,CANCELADO,B,False,recusar_automatico
SMP-003113,FORA DE ESPECIFICACAO,C,False,recusar_automatico
SMP-007982,AGUARDANDO REINSPEÇÃO,C,True,revisar
SMP-008662,AJUSTE CONCLUIDO,A,True,valido_automatico
SMP-002210,EM AJUSTE,B,False,recusar_automatico
SMP-010017,APROVADO PARCIAL,B,False,valido_automatico
SMP-006683,PENDENTE,C,True,revisar
SMP-002844,REINSPECAO REPROVADA,C,False,recusar_automatico
SMP-008202,AJUSTE CONCLUIDO,A,False,valido_automatico
SMP-007914,PENDENTE,C,False,revisar
SMP-007574,EM ANALISE,C,False,revisar
SMP-004901,EM AJUSTE,A,False,revisar
SMP-004625,EM AJUSTE,A,False,revisar
SMP-010556,APROVADO PARCIAL,B,False,valido_automatico
SMP-002583,FORA DE ESPECIFICACAO,B,False,recusar_automatico
SMP-000516,AJUSTE REPROVADO,A,True,recusar_automatico
SMP-008104,APROVADO PARCIAL,A,False,valido_automatico
SMP-009002,EM ANÁLISE,A,False,valido_automatico
SMP-011661,APROVADO PARCIAL,C,True,valido_automatico
SMP-007408,AJUSTE REPROVADO,C,True,revisar
SMP-002651,CANCELADO,B,True,recusar_automatico
SMP-002130,FORA DE ESPECIFICACAO,B,True,recusar_automatico
SMP-007546,AGUARDANDO REINSPEÇÃO,C,False,revisar
SMP-002927,CANCELADO,C,True,recusar_automatico
SMP-007307,PENDENTE,C,False,revisar
SMP-001093,REINSPECAO REPROVADA,A,True,recusar_automatico
SMP-011841,AJUSTE CONCLUIDO,C,False,valido_automatico
SMP-002465,CANCELADO,B,False,recusar_automatico
SMP-003206,REINSPECAO REPROVADA,C,True,recusar_automatico
SMP-002202,CANCELADO,B,False,recusar_automatico
SMP-004473,EM ANALISE,A,True,revisar
SMP-005079,PENDENTE,A,False,revisar
SMP-003139,CANCELADO,C,False,recusar_automatico
SMP-002620,REINSPECAO REPROVADA,B,True,recusar_automatico
SMP-011872,EM ANÁLISE,C,False,valido_automatico
SMP-000202,FORA DE ESPECIFICACAO,A,False,recusar_automatico
SMP-010015,AJUSTE CONCLUIDO,B,False,valido_automatico
SMP-010394,APROVADO PARCIAL,B,True,valido_automatico
SMP-007942,AGUARDANDO REINSPEÇÃO,C,True,revisar
SMP-002273,CANCELADO,B,True,recusar_automatico
SMP-008172,APROVADO PARCIAL,A,True,valido_automatico
SMP-008441,EM AJUSTE,A,True,valido_automatico
SMP-000642,AJUSTE REPROVADO,A,False,recusar_automatico
SMP-009173,APROVADO PARCIAL,A,False,valido_automatico
SMP-008175,APROVADO PARCIAL,A,True,valido_automatico
SMP-010291,AJUSTE CONCLUIDO,B,True,valido_automatico
SMP-000640,EM ANALISE,A,False,recusar_automatico
SMP-001451,AGUARDANDO REINSPEÇÃO,B,True,recusar_automatico
SMP-008171,APROVADO PARCIAL,A,False,valido_automatico
SMP-001980,EM AJUSTE,B,False,recusar_automatico
SMP-008987,APROVADO PARCIAL,A,True,valido_automatico
SMP-011359,AJUSTE CONCLUIDO,C,False,valido_automatico
SMP-005963,ESPECIFICAÇÃO EM REVISÃO,B,True,revisar
SMP-007049,PENDENTE,C,True,revisar
SMP-005036,AGUARDANDO REINSPEÇÃO,A,True,revisar
SMP-010918,EM ANÁLISE,C,True,valido_automatico
SMP-002524,AJUSTE REPROVADO,B,True,recusar_automatico
SMP-008836,APROVADO PARCIAL,A,True,valido_automatico
SMP-003440,FORA DE ESPECIFICACAO,C,False,recusar_automatico
SMP-006101,REINSPECAO REPROVADA,B,True,revisar
SMP-009211,EM AJUSTE,A,True,valido_automatico
SMP-001114,AJUSTE REPROVADO,A,False,recusar_automatico
SMP-004014,EM ANALISE,A,False,revisar
SMP-011082,APROVADO PARCIAL,C,False,valido_automatico
SMP-002375,AJUSTE REPROVADO,B,False,recusar_automatico
SMP-007317,EM ANALISE,C,True,revisar
SMP-003265,CANCELADO,C,False,recusar_automatico
SMP-011498,AJUSTE CONCLUIDO,C,True,valido_automatico
SMP-003910,REINSPECAO REPROVADA,C,True,recusar_automatico
SMP-010674,APROVADO PARCIAL,C,False,valido_automatico
SMP-003490,FORA DE ESPECIFICACAO,C,True,recusar_automatico
SMP-010926,AGUARDANDO REINSPEÇÃO,C,True,valido_automatico
SMP-011526,APROVADO PARCIAL,C,False,valido_automatico
SMP-011553,APROVADO PARCIAL,C,True,valido_automatico
SMP-009113,APROVADO PARCIAL,A,False,valido_automatico
SMP-011444,AJUSTE CONCLUIDO,C,False,valido_automatico
SMP-009993,EM ANÁLISE,B,False,valido_automatico
SMP-011857,AGUARDANDO REINSPEÇÃO,C,False,valido_automatico
SMP-005733,AGUARDANDO REINSPEÇÃO,B,True,revisar
SMP-002306,FORA DE ESPECIFICACAO,B,True,recusar_automatico
SMP-005220,EM ANALISE,A,False,revisar
SMP-010007,PENDENTE,B,True,valido_automatico
SMP-007838,EM ANALISE,C,False,revisar
SMP-010927,APROVADO PARCIAL,C,True,valido_automatico
SMP-001311,FORA DE ESPECIFICACAO,A,True,recusar_automatico
SMP-009710,AJUSTE CONCLUIDO,B,True,valido_automatico
SMP-000316,AGUARDANDO REINSPEÇÃO,A,False,recusar_automatico
SMP-000659,EM AJUSTE,A,False,recusar_automatico
SMP-004050,AGUARDANDO REINSPEÇÃO,A,True,revisar
SMP-009816,EM AJUSTE,B,False,valido_automatico
SMP-001322,CANCELADO,A,True,recusar_automatico
SMP-004444,ESPECIFICAÇÃO EM REVISÃO,A,True,revisar
SMP-001189,ESPECIFICAÇÃO EM REVISÃO,A,False,recusar_automatico
SMP-005767,AJUSTE CONCLUIDO,B,False,revisar
SMP-005197,APROVADO PARCIAL,A,False,revisar
SMP-008896,AJUSTE CONCLUIDO,A,False,valido_automatico
SMP-000813,REINSPECAO REPROVADA,A,False,recusar_automatico
SMP-001918,AJUSTE REPROVADO,B,False,recusar_automatico
SMP-001052,CANCELADO,A,False,recusar_automatico
SMP-003975,CANCELADO,C,True,recusar_automatico
SMP-000173,CANCELADO,A,True,recusar_automatico
SMP-000015,CANCELADO,A,False,recusar_automatico
SMP-002505,AJUSTE REPROVADO,B,False,recusar_automatico
SMP-007268,ESPECIFICAÇÃO EM REVISÃO,C,False,revisar
SMP-008466,EM AJUSTE,A,False,valido_automatico
SMP-005749,PENDENTE,B,False,revisar
SMP-009434,EM AJUSTE,B,True,valido_automatico
SMP-006117,CANCELADO,B,False,revisar
SMP-009960,AJUSTE CONCLUIDO,B,False,valido_automatico
SMP-008397,APROVADO PARCIAL,A,True,valido_automatico
SMP-008119,AJUSTE CONCLUIDO,A,False,valido_automatico
SMP-001905,FORA DE ESPECIFICACAO,B,True,recusar_automatico
SMP-000580,REINSPECAO REPROVADA,A,True,recusar_automatico
SMP-003925,CANCELADO,C,True,recusar_automatico
SMP-002342,AGUARDANDO REINSPEÇÃO,B,True,recusar_automatico
SMP-008704,PENDENTE,A,False,valido_automatico
SMP-011916,APROVADO PARCIAL,C,True,valido_automatico
SMP-001505,CANCELADO,B,True,recusar_automatico
SMP-007058,CANCELADO,C,True,revisar
SMP-011272,AJUSTE CONCLUIDO,C,False,valido_automatico
SMP-010650,EM ANÁLISE,B,True,valido_automatico
SMP-010181,AJUSTE CONCLUIDO,B,True,valido_automatico
SMP-011961,APROVADO PARCIAL,C,False,valido_automatico
SMP-005735,EM ANALISE,B,True,revisar
SMP-010552,EM AJUSTE,B,False,valido_automatico
SMP-000122,REINSPECAO REPROVADA,A,False,recusar_automatico
SMP-002570,CANCELADO,B,False,recusar_automatico
SMP-011365,ESPECIFICAÇÃO EM REVISÃO,C,False,valido_automatico
SMP-006106,EM AJUSTE,B,False,revisar
SMP-005941,APROVADO PARCIAL,B,False,revisar
SMP-006816,EM ANALISE,C,True,revisar
SMP-006631,ESPECIFICAÇÃO EM REVISÃO,B,False,revisar
SMP-005970,AGUARDANDO REINSPEÇÃO,B,False,revisar
SMP-005659,AGUARDANDO REINSPEÇÃO,B,False,revisar
SMP-001887,FORA DE ESPECIFICACAO,B,False,recusar_automatico
SMP-011019,APROVADO PARCIAL,C,True,valido_automatico
SMP-007295,AGUARDANDO REINSPEÇÃO,C,True,revisar
SMP-007432,ESPECIFICAÇÃO EM REVISÃO,C,True,revisar
SMP-010823,AJUSTE CONCLUIDO,C,False,valido_automatico
SMP-000674,AJUSTE REPROVADO,A,True,recusar_automatico
SMP-008536,APROVADO PARCIAL,A,False,valido_automatico
SMP-007425,AGUARDANDO REINSPEÇÃO,C,True,revisar
SMP-005176,AJUSTE CONCLUIDO,A,True,revisar
SMP-004104,AGUARDANDO REINSPEÇÃO,A,True,revisar
SMP-008703,APROVADO PARCIAL,A,True,valido_automatico
SMP-009046,AJUSTE CONCLUIDO,A,True,valido_automatico
SMP-004616,PENDENTE,A,False,revisar
SMP-006968,EM AJUSTE,C,False,revisar
SMP-002762,AJUSTE REPROVADO,C,True,recusar_automatico
SMP-003463,FORA DE ESPECIFICACAO,C,False,recusar_automatico
SMP-008226,EM AJUSTE,A,False,valido_automatico
SMP-008916,AJUSTE REPROVADO,A,True,valido_automatico
SMP-000250,CANCELADO,A,True,recusar_automatico
SMP-005996,CANCELADO,B,True,revisar
SMP-004661,PENDENTE,A,False,revisar
SMP-008020,AJUSTE CONCLUIDO,A,True,valido_automatico
SMP-007052,PENDENTE,C,False,revisar
SMP-008873,PENDENTE,A,False,valido_automatico
SMP-000519,REINSPECAO REPROVADA,A,True,recusar_automatico
SMP-010989,PENDENTE,C,False,valido_automatico
SMP-002412,CANCELADO,B,True,recusar_automatico
SMP-010034,EM AJUSTE,B,False,valido_automatico
SMP-007042,AGUARDANDO REINSPEÇÃO,C,False,revisar
SMP-005809,EM ANALISE,B,True,revisar
SMP-003826,FORA DE ESPECIFICACAO,C,True,recusar_automatico
SMP-005772,ESPECIFICAÇÃO EM REVISÃO,B,True,revisar
SMP-007267,EM ANALISE,C,False,revisar
SMP-008886,APROVADO PARCIAL,A,False,valido_automatico
SMP-008224,AJUSTE CONCLUIDO,A,True,valido_automatico
SMP-002211,REINSPECAO REPROVADA,B,True,recusar_automatico
SMP-002219,REINSPECAO REPROVADA,B,False,recusar_automatico
SMP-002782,CANCELADO,C,True,recusar_automatico
SMP-010350,AJUSTE CONCLUIDO,B,False,valido_automatico
SMP-008647,AJUSTE CONCLUIDO,A,False,valido_automatico
SMP-011807,AJUSTE REPROVADO,C,True,valido_automatico
SMP-006147,EM ANALISE,B,True,revisar
SMP-002476,ESPECIFICAÇÃO EM REVISÃO,B,True,recusar_automatico
SMP-001296,AJUSTE REPROVADO,A,True,recusar_automatico
SMP-008018,APROVADO PARCIAL,A,True,valido_automatico
SMP-003058,FORA DE ESPECIFICACAO,C,False,recusar_automatico
SMP-006045,ESPECIFICAÇÃO EM REVISÃO,B,False,revisar
SMP-000691,AJUSTE REPROVADO,A,True,recusar_automatico
SMP-010854,EM ANÁLISE,C,False,valido_automatico
SMP-006849,ESPECIFICAÇÃO EM REVISÃO,C,False,revisar
SMP-011467,AJUSTE CONCLUIDO,C,True,valido_automatico
SMP-009457,AJUSTE CONCLUIDO,B,False,valido_automatico
SMP-003694,REINSPECAO REPROVADA,C,False,recusar_automatico
SMP-011935,AJUSTE CONCLUIDO,C,False,valido_automatico
SMP-011140,APROVADO PARCIAL,C,True,valido_automatico
SMP-007104,REINSPECAO REPROVADA,C,False,revisar
SMP-011278,EM AJUSTE,C,False,valido_automatico
SMP-006212,ESPECIFICAÇÃO EM REVISÃO,B,False,revisar
SMP-010435,ESPECIFICAÇÃO EM REVISÃO,B,False,valido_automatico
SMP-005028,EM ANALISE,A,False,revisar
SMP-007234,AGUARDANDO REINSPEÇÃO,C,True,revisar
SMP-010684,EM AJUSTE,C,True,valido_automatico
SMP-006392,PENDENTE,B,True,revisar
SMP-001836,CANCELADO,B,False,recusar_automatico
SMP-009221,APROVADO PARCIAL,A,False,valido_automatico
SMP-006074,AGUARDANDO REINSPEÇÃO,B,True,revisar
SMP-004915,PENDENTE,A,False,revisar
SMP-011995,APROVADO PARCIAL,C,True,valido_automatico
SMP-002215,FORA DE ESPECIFICACAO,B,True,recusar_automatico
SMP-005030,AGUARDANDO REINSPEÇÃO,A,False,revisar
SMP-002808,REINSPECAO REPROVADA,C,True,recusar_automatico
SMP-005823,CANCELADO,B,True,revisar
SMP-007599,APROVADO PARCIAL,C,True,revisar
SMP-011102,APROVADO PARCIAL,C,True,valido_automatico
SMP-002587,FORA DE ESPECIFICACAO,B,False,recusar_automatico
SMP-007544,AGUARDANDO REINSPEÇÃO,C,True,revisar
SMP-011110,AJUSTE CONCLUIDO,C,True,valido_automatico
SMP-009483,APROVADO PARCIAL,B,True,valido_automatico
SMP-007110,EM ANALISE,C,True,revisar
SMP-010315,EM AJUSTE,B,False,valido_automatico
SMP-006607,PENDENTE,B,True,revisar
SMP-000583,AJUSTE REPROVADO,A,False,recusar_automatico
SMP-007697,PENDENTE,C,False,revisar
SMP-006249,PENDENTE,B,False,revisar
SMP-011098,EM AJUSTE,C,False,valido_automatico
SMP-008792,AJUSTE CONCLUIDO,A,True,valido_automatico
SMP-008723,AJUSTE CONCLUIDO,A,True,valido_automatico
SMP-006505,PENDENTE,B,False,revisar
SMP-005205,AGUARDANDO REINSPEÇÃO,A,False,revisar
SMP-000798,FORA DE ESPECIFICACAO,A,True,recusar_automatico
SMP-005903,PENDENTE,B,True,revisar
SMP-007505,PENDENTE,C,False,revisar
SMP-004020,ESPECIFICAÇÃO EM REVISÃO,A,True,revisar
SMP-008928,APROVADO PARCIAL,A,True,valido_automatico
SMP-001654,CANCELADO,B,True,recusar_automatico
SMP-009072,AJUSTE CONCLUIDO,A,False,valido_automatico
SMP-002239,REINSPECAO REPROVADA,B,True,recusar_automatico
SMP-011840,APROVADO PARCIAL,C,True,valido_automatico
SMP-000582,AJUSTE REPROVADO,A,False,recusar_automatico
SMP-008670,AJUSTE CONCLUIDO,A,False,valido_automatico
SMP-011920,AJUSTE CONCLUIDO,C,True,valido_automatico
SMP-003242,EM AJUSTE,C,True,recusar_automatico
SMP-000384,CANCELADO,A,True,recusar_automatico
SMP-009931,APROVADO PARCIAL,B,True,valido_automatico
SMP-007875,AJUSTE CONCLUIDO,C,True,revisar
SMP-005179,PENDENTE,A,True,revisar
SMP-000587,REINSPECAO REPROVADA,A,False,recusar_automatico
SMP-008530,APROVADO PARCIAL,A,True,valido_automatico
SMP-007066,AGUARDANDO REINSPEÇÃO,C,False,revisar
SMP-003004,FORA DE ESPECIFICACAO,C,True,recusar_automatico
SMP-009047,AJUSTE CONCLUIDO,A,True,valido_automatico
SMP-005070,ESPECIFICAÇÃO EM REVISÃO,A,True,revisar
SMP-006065,ESPECIFICAÇÃO EM REVISÃO,B,False,revisar
SMP-010118,AJUSTE CONCLUIDO,B,False,valido_automatico
SMP-002409,CANCELADO,B,False,recusar_automatico
SMP-005634,EM ANALISE,B,True,revisar
SMP-007054,EM ANALISE,C,True,revisar
SMP-002556,FORA DE ESPECIFICACAO,B,False,recusar_automatico
SMP-003235,AJUSTE REPROVADO,C,False,recusar_automatico
SMP-008188,AJUSTE CONCLUIDO,A,False,valido_automatico
SMP-004861,EM ANALISE,A,True,revisar
SMP-008454,AJUSTE CONCLUIDO,A,True,valido_automatico
SMP-000159,REINSPECAO REPROVADA,A,True,recusar_automatico
SMP-001299,REINSPECAO REPROVADA,A,True,recusar_automatico
SMP-004356,EM ANALISE,A,True,revisar
SMP-002746,AJUSTE REPROVADO,C,True,recusar_automatico
SMP-001083,PENDENTE,A,True,recusar_automatico
SMP-000431,AJUSTE REPROVADO,A,True,recusar_automatico
SMP-010832,APROVADO PARCIAL,C,True,valido_automatico
SMP-008645,APROVADO PARCIAL,A,True,valido_automatico
SMP-011716,APROVADO PARCIAL,C,True,valido_automatico
SMP-009276,AJUSTE CONCLUIDO,A,True,valido_automatico
SMP-001201,REINSPECAO REPROVADA,A,False,recusar_automatico
SMP-006693,EM AJUSTE,C,False,revisar
SMP-004686,PENDENTE,A,True,revisar
SMP-011529,EM AJUSTE,C,False,valido_automatico
SMP-006690,ESPECIFICAÇÃO EM REVISÃO,C,True,revisar
SMP-010955,EM ANÁLISE,C,False,valido_automatico
SMP-010368,EM AJUSTE,B,False,valido_automatico
SMP-003291,FORA DE ESPECIFICACAO,C,False,recusar_automatico
SMP-002360,CANCELADO,B,False,recusar_automatico
SMP-010908,EM ANÁLISE,C,False,valido_automatico
SMP-001700,AJUSTE REPROVADO,B,False,recusar_automatico
SMP-003149,REINSPECAO REPROVADA,C,False,recusar_automatico
SMP-001035,AJUSTE REPROVADO,A,False,recusar_automatico
SMP-000146,CANCELADO,A,True,recusar_automatico
SMP-008150,EM AJUSTE,A,False,valido_automatico
SMP-007274,AGUARDANDO REINSPEÇÃO,C,True,revisar
SMP-005916,PENDENTE,B,False,revisar
SMP-010225,APROVADO PARCIAL,B,True,valido_automatico
SMP-011944,APROVADO PARCIAL,C,True,valido_automatico
SMP-007462,PENDENTE,C,True,revisar
SMP-011593,APROVADO PARCIAL,C,False,valido_automatico
SMP-005424,EM ANALISE,B,False,revisar
SMP-007933,ESPECIFICAÇÃO EM REVISÃO,C,False,revisar
SMP-005337,PENDENTE,B,True,revisar
SMP-002831,PENDENTE,C,False,recusar_automatico
SMP-008325,AJUSTE CONCLUIDO,A,True,valido_automatico
SMP-002833,CANCELADO,C,False,recusar_automatico
SMP-000997,AJUSTE REPROVADO,A,True,recusar_automatico
SMP-011053,APROVADO PARCIAL,C,False,valido_automatico
SMP-001957,AGUARDANDO REINSPEÇÃO,B,False,recusar_automatico
SMP-007519,ESPECIFICAÇÃO EM REVISÃO,C,False,revisar
SMP-004032,AGUARDANDO REINSPEÇÃO,A,False,revisar
SMP-001469,FORA DE ESPECIFICACAO,B,True,recusar_automatico
SMP-000124,REINSPECAO REPROVADA,A,True,recusar_automatico
SMP-008044,AJUSTE CONCLUIDO,A,False,valido_automatico
SMP-003670,FORA DE ESPECIFICACAO,C,False,recusar_automatico
SMP-002370,REINSPECAO REPROVADA,B,False,recusar_automatico
SMP-001318,AGUARDANDO REINSPEÇÃO,A,True,recusar_automatico
SMP-011436,APROVADO PARCIAL,C,True,valido_automatico
SMP-010281,APROVADO PARCIAL,B,True,valido_automatico
SMP-004840,PENDENTE,A,False,revisar
SMP-003732,FORA DE ESPECIFICACAO,C,True,recusar_automatico
SMP-002852,REINSPECAO REPROVADA,C,False,recusar_automatico
SMP-010736,EM AJUSTE,C,False,valido_automatico
SMP-004352,AGUARDANDO REINSPEÇÃO,A,True,revisar
SMP-006175,AGUARDANDO REINSPEÇÃO,B,True,revisar
SMP-004897,EM ANALISE,A,False,revisar
SMP-001067,REINSPECAO REPROVADA,A,True,recusar_automatico
SMP-010165,APROVADO PARCIAL,B,True,valido_automatico
SMP-009226,APROVADO PARCIAL,A,False,valido_automatico
SMP-011702,AJUSTE CONCLUIDO,C,True,valido_automatico
SMP-006680,EM ANALISE,C,True,revisar
SMP-005141,PENDENTE,A,False,revisar
SMP-004289,PENDENTE,A,True,revisar
SMP-007201,ESPECIFICAÇÃO EM REVISÃO,C,False,revisar
SMP-002527,REINSPECAO REPROVADA,B,True,recusar_automatico
SMP-001630,REINSPECAO REPROVADA,B,True,recusar_automatico
SMP-007007,PENDENTE,C,False,revisar
SMP-002507,REINSPECAO REPROVADA,B,True,recusar_automatico
SMP-004188,EM ANALISE,A,True,revisar
SMP-000856,REINSPECAO REPROVADA,A,True,recusar_automatico
SMP-000722,CANCELADO,A,False,recusar_automatico
SMP-001966,CANCELADO,B,True,recusar_automatico
SMP-001736,CANCELADO,B,False,recusar_automatico
SMP-008541,AJUSTE CONCLUIDO,A,True,valido_automatico
SMP-010579,APROVADO PARCIAL,B,False,valido_automatico
SMP-001212,CANCELADO,A,False,recusar_automatico
SMP-011192,APROVADO PARCIAL,C,False,valido_automatico
SMP-000386,FORA DE ESPECIFICACAO,A,False,recusar_automatico
SMP-001502,AJUSTE REPROVADO,B,False,recusar_automatico
SMP-011838,EM AJUSTE,C,False,valido_automatico
SMP-005845,EM AJUSTE,B,False,revisar
SMP-000557,FORA DE ESPECIFICACAO,A,False,recusar_automatico
SMP-011321,AJUSTE CONCLUIDO,C,True,valido_automatico
SMP-000103,ESPECIFICAÇÃO EM REVISÃO,A,True,recusar_automatico
SMP-008832,AJUSTE CONCLUIDO,A,True,valido_automatico
SMP-010269,AJUSTE CONCLUIDO,B,True,valido_automatico
SMP-000289,AJUSTE REPROVADO,A,False,recusar_automatico
SMP-008050,AJUSTE CONCLUIDO,A,False,valido_automatico
SMP-000065,REINSPECAO REPROVADA,A,True,recusar_automatico
SMP-001768,FORA DE ESPECIFICACAO,B,False,recusar_automatico
SMP-005592,EM ANALISE,B,False,revisar
SMP-010858,EM AJUSTE,C,True,valido_automatico
SMP-009699,AJUSTE CONCLUIDO,B,False,valido_automatico
SMP-000141,AJUSTE REPROVADO,A,True,recusar_automatico
SMP-004367,AGUARDANDO REINSPEÇÃO,A,True,revisar
SMP-001802,AGUARDANDO REINSPEÇÃO,B,True,recusar_automatico
SMP-006483,AGUARDANDO REINSPEÇÃO,B,True,revisar
SMP-005305,PENDENTE,A,True,revisar
SMP-000717,AGUARDANDO REINSPEÇÃO,A,False,recusar_automatico
SMP-006878,APROVADO PARCIAL,C,False,revisar
SMP-000654,FORA DE ESPECIFICACAO,A,False,recusar_automatico
SMP-009497,EM ANÁLISE,B,True,valido_automatico
SMP-008386,AGUARDANDO REINSPEÇÃO,A,False,valido_automatico
SMP-011341,APROVADO PARCIAL,C,False,valido_automatico
SMP-003885,AJUSTE REPROVADO,C,True,recusar_automatico
SMP-010219,APROVADO PARCIAL,B,False,valido_automatico
SMP-003620,ESPECIFICAÇÃO EM REVISÃO,C,False,recusar_automatico
SMP-008613,AJUSTE CONCLUIDO,A,True,valido_automatico
SMP-006300,AGUARDANDO REINSPEÇÃO,B,False,revisar
SMP-009171,EM ANÁLISE,A,True,valido_automatico
SMP-009341,APROVADO PARCIAL,B,False,valido_automatico
SMP-006356,PENDENTE,B,True,revisar
SMP-009673,EM AJUSTE,B,True,valido_automatico
SMP-003158,EM AJUSTE,C,False,recusar_automatico
SMP-002726,ESPECIFICAÇÃO EM REVISÃO,C,False,recusar_automatico
SMP-001014,AJUSTE REPROVADO,A,True,recusar_automatico
SMP-002693,CANCELADO,C,False,recusar_automatico
SMP-001419,FORA DE ESPECIFICACAO,B,True,recusar_automatico
SMP-000988,CANCELADO,A,True,recusar_automatico
SMP-005033,EM ANALISE,A,True,revisar
SMP-004115,EM ANALISE,A,False,revisar
SMP-004823,ESPECIFICAÇÃO EM REVISÃO,A,False,revisar
SMP-001917,FORA DE ESPECIFICACAO,B,True,recusar_automatico
SMP-010661,EM AJUSTE,B,True,valido_automatico
SMP-001553,CANCELADO,B,False,recusar_automatico
SMP-003116,FORA DE ESPECIFICACAO,C,True,recusar_automatico
SMP-003636,FORA DE ESPECIFICACAO,C,True,recusar_automatico
SMP-008065,APROVADO PARCIAL,A,False,valido_automatico
SMP-009342,AJUSTE CONCLUIDO,B,True,valido_automatico
SMP-006003,EM ANALISE,B,False,revisar
SMP-007222,EM ANALISE,C,True,revisar
SMP-002646,AJUSTE REPROVADO,B,False,recusar_automatico
SMP-009280,APROVADO PARCIAL,A,False,valido_automatico
SMP-004907,EM ANALISE,A,False,revisar
SMP-007073,ESPECIFICAÇÃO EM REVISÃO,C,True,revisar
SMP-010609,APROVADO PARCIAL,B,True,valido_automatico
SMP-009821,EM AJUSTE,B,True,valido_automatico
SMP-008603,APROVADO PARCIAL,A,False,valido_automatico
SMP-004445,PENDENTE,A,True,revisar
SMP-009361,APROVADO PARCIAL,B,False,valido_automatico
SMP-011727,APROVADO PARCIAL,C,True,valido_automatico
SMP-006324,EM ANALISE,B,False,revisar
SMP-005004,AGUARDANDO REINSPEÇÃO,A,False,revisar
SMP-002506,FORA DE ESPECIFICACAO,B,False,recusar_automatico
SMP-007108,EM ANALISE,C,False,revisar
SMP-007992,PENDENTE,C,True,revisar
SMP-010802,APROVADO PARCIAL,C,False,valido_automatico
SMP-000473,FORA DE ESPECIFICACAO,A,False,recusar_automatico
SMP-006224,ESPECIFICAÇÃO EM REVISÃO,B,True,revisar
SMP-007935,EM AJUSTE,C,False,revisar
SMP-009216,APROVADO PARCIAL,A,False,valido_automatico
SMP-002552,CANCELADO,B,False,recusar_automatico
SMP-010893,ESPECIFICAÇÃO EM REVISÃO,C,False,valido_automatico
SMP-002667,FORA DE ESPECIFICACAO,B,False,recusar_automatico
SMP-009769,APROVADO PARCIAL,B,True,valido_automatico
SMP-007460,EM ANALISE,C,True,revisar
SMP-010414,EM ANÁLISE,B,False,valido_automatico
SMP-011597,PENDENTE,C,False,valido_automatico
SMP-006218,EM ANALISE,B,False,revisar
SMP-002256,CANCELADO,B,True,recusar_automatico
SMP-010212,AJUSTE CONCLUIDO,B,False,valido_automatico
SMP-000233,AJUSTE REPROVADO,A,True,recusar_automatico
SMP-007078,ESPECIFICAÇÃO EM REVISÃO,C,True,revisar
SMP-006675,PENDENTE,C,False,revisar
SMP-000984,FORA DE ESPECIFICACAO,A,True,recusar_automatico
SMP-002240,FORA DE ESPECIFICACAO,B,False,recusar_automatico
SMP-003664,CANCELADO,C,False,recusar_automatico
SMP-002734,CANCELADO,C,False,recusar_automatico
SMP-001589,CANCELADO,B,True,recusar_automatico
SMP-007802,PENDENTE,C,True,revisar
SMP-005641,AGUARDANDO REINSPEÇÃO,B,True,revisar
SMP-005578,ESPECIFICAÇÃO EM REVISÃO,B,True,revisar
SMP-006762,AJUSTE REPROVADO,C,False,revisar
SMP-002678,AJUSTE REPROVADO,C,True,recusar_automatico
SMP-009233,APROVADO PARCIAL,A,False,valido_automatico
SMP-009377,AJUSTE CONCLUIDO,B,True,valido_automatico
SMP-010872,AJUSTE CONCLUIDO,C,True,valido_automatico
SMP-005828,EM ANALISE,B,True,revisar
SMP-002314,AJUSTE REPROVADO,B,False,recusar_automatico
SMP-005059,ESPECIFICAÇÃO EM REVISÃO,A,False,revisar
SMP-010975,APROVADO PARCIAL,C,False,valido_automatico
SMP-008757,AGUARDANDO REINSPEÇÃO,A,False,valido_automatico
SMP-008878,APROVADO PARCIAL,A,False,valido_automatico
SMP-010170,AJUSTE CONCLUIDO,B,False,valido_automatico
SMP-010617,AJUSTE CONCLUIDO,B,True,valido_automatico
SMP-005336,CANCELADO,B,False,revisar
SMP-001512,AJUSTE REPROVADO,B,True,recusar_automatico
SMP-008963,EM AJUSTE,A,False,valido_automatico
SMP-002431,AJUSTE REPROVADO,B,False,recusar_automatico
SMP-008661,EM ANÁLISE,A,True,valido_automatico
SMP-007213,EM ANALISE,C,False,revisar
SMP-004028,PENDENTE,A,False,revisar
SMP-007477,PENDENTE,C,True,revisar
SMP-007783,PENDENTE,C,False,revisar
SMP-000082,REINSPECAO REPROVADA,A,True,recusar_automatico
SMP-010933,AJUSTE CONCLUIDO,C,False,valido_automatico
SMP-001141,AJUSTE REPROVADO,A,True,recusar_automatico
SMP-002192,FORA DE ESPECIFICACAO,B,True,recusar_automatico
SMP-008966,APROVADO PARCIAL,A,True,valido_automatico
SMP-001567,CANCELADO,B,False,recusar_automatico
SMP-007094,ESPECIFICAÇÃO EM REVISÃO,C,False,revisar
SMP-004108,EM ANALISE,A,True,revisar
SMP-005652,ESPECIFICAÇÃO EM REVISÃO,B,False,revisar
SMP-003363,FORA DE ESPECIFICACAO,C,False,recusar_automatico
SMP-000077,EM ANALISE,A,False,recusar_automatico
SMP-008620,AJUSTE CONCLUIDO,A,False,valido_automatico
SMP-007973,EM AJUSTE,C,False,revisar
SMP-005119,AGUARDANDO REINSPEÇÃO,A,False,revisar
SMP-010882,APROVADO PARCIAL,C,False,valido_automatico
SMP-009949,AJUSTE CONCLUIDO,B,True,valido_automatico
SMP-010020,AJUSTE CONCLUIDO,B,True,valido_automatico
SMP-008609,APROVADO PARCIAL,A,True,valido_automatico
SMP-008754,AJUSTE CONCLUIDO,A,True,valido_automatico
SMP-009850,PENDENTE,B,True,valido_automatico
SMP-010276,APROVADO PARCIAL,B,False,valido_automatico
SMP-011785,AJUSTE CONCLUIDO,C,True,valido_automatico
SMP-009068,AJUSTE CONCLUIDO,A,False,valido_automatico
SMP-011490,APROVADO PARCIAL,C,True,valido_automatico
SMP-008924,APROVADO PARCIAL,A,False,valido_automatico
SMP-000782,CANCELADO,A,True,recusar_automatico
SMP-006612,EM ANALISE,B,False,revisar
SMP-007587,AGUARDANDO REINSPEÇÃO,C,False,revisar
SMP-001184,CANCELADO,A,True,recusar_automatico
SMP-006728,AGUARDANDO REINSPEÇÃO,C,True,revisar
SMP-003471,REINSPECAO REPROVADA,C,False,recusar_automatico
SMP-004576,EM ANALISE,A,True,revisar
SMP-007263,APROVADO PARCIAL,C,False,revisar
SMP-006381,EM ANALISE,B,False,revisar
SMP-007947,ESPECIFICAÇÃO EM REVISÃO,C,False,revisar
SMP-010669,AJUSTE CONCLUIDO,C,True,valido_automatico
SMP-003724,REINSPECAO REPROVADA,C,False,recusar_automatico
SMP-007507,EM ANALISE,C,False,revisar
SMP-003587,FORA DE ESPECIFICACAO,C,False,recusar_automatico
SMP-006840,EM AJUSTE,C,True,revisar
SMP-004294,EM ANALISE,A,False,revisar
SMP-006166,AJUSTE CONCLUIDO,B,False,revisar
SMP-002531,REINSPECAO REPROVADA,B,False,recusar_automatico
SMP-009999,APROVADO PARCIAL,B,True,valido_automatico
SMP-005298,ESPECIFICAÇÃO EM REVISÃO,A,False,revisar
SMP-005628,AGUARDANDO REINSPEÇÃO,B,True,revisar
SMP-006719,CANCELADO,C,False,revisar
SMP-001186,EM AJUSTE,A,True,recusar_automatico
SMP-002006,CANCELADO,B,False,recusar_automatico
SMP-000792,CANCELADO,A,True,recusar_automatico
SMP-006820,EM ANALISE,C,True,revisar
SMP-004113,EM ANALISE,A,False,revisar
SMP-006081,ESPECIFICAÇÃO EM REVISÃO,B,True,revisar
SMP-002494,FORA DE ESPECIFICACAO,B,True,recusar_automatico
SMP-010729,EM ANÁLISE,C,False,valido_automatico
SMP-009916,EM AJUSTE,B,True,valido_automatico
SMP-011878,AJUSTE CONCLUIDO,C,True,valido_automatico
SMP-010214,AJUSTE CONCLUIDO,B,True,valido_automatico
SMP-011109,AJUSTE CONCLUIDO,C,False,valido_automatico
SMP-010415,APROVADO PARCIAL,B,True,valido_automatico
SMP-009697,ESPECIFICAÇÃO EM REVISÃO,B,True,valido_automatico
SMP-006640,AGUARDANDO REINSPEÇÃO,B,True,revisar
SMP-000766,CANCELADO,A,True,recusar_automatico
SMP-000489,CANCELADO,A,True,recusar_automatico
SMP-001244,FORA DE ESPECIFICACAO,A,True,recusar_automatico
SMP-009630,AJUSTE CONCLUIDO,B,True,valido_automatico
SMP-003140,FORA DE ESPECIFICACAO,C,True,recusar_automatico
SMP-005835,PENDENTE,B,True,revisar
SMP-007614,PENDENTE,C,True,revisar
SMP-001044,AJUSTE REPROVADO,A,False,recusar_automatico
SMP-000537,AJUSTE REPROVADO,A,True,recusar_automatico
SMP-009122,APROVADO PARCIAL,A,False,valido_automatico
SMP-007346,PENDENTE,C,True,revisar
SMP-004179,PENDENTE,A,True,revisar
SMP-007534,EM AJUSTE,C,True,revisar
SMP-007493,ESPECIFICAÇÃO EM REVISÃO,C,True,revisar
SMP-000268,FORA DE ESPECIFICACAO,A,False,recusar_automatico
SMP-008388,AGUARDANDO REINSPEÇÃO,A,True,valido_automatico
SMP-009212,PENDENTE,A,False,valido_automatico
SMP-009210,AJUSTE CONCLUIDO,A,False,valido_automatico
SMP-010022,APROVADO PARCIAL,B,False,valido_automatico
SMP-008461,EM ANÁLISE,A,True,valido_automatico
SMP-008023,APROVADO PARCIAL,A,True,valido_automatico
SMP-002272,EM AJUSTE,B,True,recusar_automatico
SMP-007075,AGUARDANDO REINSPEÇÃO,C,False,revisar
SMP-006073,REINSPECAO REPROVADA,B,True,revisar
SMP-002674,REINSPECAO REPROVADA,C,True,recusar_automatico
SMP-009701,PENDENTE,B,False,valido_automatico
SMP-000545,AJUSTE REPROVADO,A,True,recusar_automatico
SMP-011754,AJUSTE REPROVADO,C,False,valido_automatico
SMP-011075,EM AJUSTE,C,True,valido_automatico
SMP-006299,PENDENTE,B,True,revisar
SMP-006492,ESPECIFICAÇÃO EM REVISÃO,B,False,revisar
SMP-009287,PENDENTE,A,True,valido_automatico
SMP-011299,EM ANÁLISE,C,True,valido_automatico
SMP-008141,APROVADO PARCIAL,A,False,valido_automatico
SMP-004666,EM ANALISE,A,True,revisar
SMP-000721,FORA DE ESPECIFICACAO,A,True,recusar_automatico
SMP-011753,EM ANÁLISE,C,False,valido_automatico
SMP-010005,EM ANÁLISE,B,True,valido_automatico
SMP-005816,PENDENTE,B,True,revisar
SMP-011639,APROVADO PARCIAL,C,False,valido_automatico
SMP-007540,EM ANALISE,C,False,revisar
SMP-010430,AJUSTE CONCLUIDO,B,True,valido_automatico
SMP-004508,PENDENTE,A,False,revisar
SMP-001633,FORA DE ESPECIFICACAO,B,True,recusar_automatico
SMP-008568,PENDENTE,A,False,valido_automatico
SMP-005590,AGUARDANDO REINSPEÇÃO,B,False,revisar
SMP-001513,REINSPECAO REPROVADA,B,False,recusar_automatico
SMP-002079,CANCELADO,B,True,recusar_automatico
SMP-011581,AJUSTE CONCLUIDO,C,False,valido_automatico
SMP-007520,EM AJUSTE,C,True,revisar
SMP-001753,CANCELADO,B,True,recusar_automatico
SMP-005513,REINSPECAO REPROVADA,B,True,revisar
SMP-004247,EM ANALISE,A,True,revisar
SMP-003803,REINSPECAO REPROVADA,C,True,recusar_automatico
SMP-008710,AJUSTE CONCLUIDO,A,True,valido_automatico
SMP-005724,EM ANALISE,B,False,revisar
SMP-003638,AJUSTE REPROVADO,C,False,recusar_automatico
SMP-004276,REINSPECAO REPROVADA,A,False,revisar
SMP-008665,EM AJUSTE,A,True,valido_automatico
SMP-008504,AJUSTE REPROVADO,A,True,valido_automatico
SMP-006059,AGUARDANDO REINSPEÇÃO,B,True,revisar
SMP-007050,PENDENTE,C,False,revisar
SMP-006457,EM ANALISE,B,False,revisar
SMP-002279,REINSPECAO REPROVADA,B,False,recusar_automatico
SMP-001215,AJUSTE REPROVADO,A,True,recusar_automatico
SMP-002737,PENDENTE,C,True,recusar_automatico
SMP-003059,REINSPECAO REPROVADA,C,False,recusar_automatico
SMP-002140,AJUSTE REPROVADO,B,False,recusar_automatico
SMP-003593,FORA DE ESPECIFICACAO,C,True,recusar_automatico
SMP-001425,CANCELADO,B,True,recusar_automatico
SMP-008485,APROVADO PARCIAL,A,False,valido_automatico
SMP-007232,AJUSTE CONCLUIDO,C,True,revisar
SMP-010361,APROVADO PARCIAL,B,True,valido_automatico
SMP-002835,CANCELADO,C,False,recusar_automatico
SMP-005339,EM ANALISE,B,True,revisar
SMP-008184,AJUSTE CONCLUIDO,A,False,valido_automatico
SMP-000921,FORA DE ESPECIFICACAO,A,False,recusar_automatico
SMP-011197,APROVADO PARCIAL,C,True,valido_automatico
SMP-004659,ESPECIFICAÇÃO EM REVISÃO,A,True,revisar
SMP-002643,CANCELADO,B,True,recusar_automatico
SMP-002589,REINSPECAO REPROVADA,B,True,recusar_automatico
SMP-006108,PENDENTE,B,False,revisar
SMP-002657,REINSPECAO REPROVADA,B,False,recusar_automatico
SMP-002311,CANCELADO,B,False,recusar_automatico
SMP-008991,EM AJUSTE,A,False,valido_automatico
SMP-003026,CANCELADO,C,False,recusar_automatico
SMP-005910,AGUARDANDO REINSPEÇÃO,B,True,revisar
SMP-008058,APROVADO PARCIAL,A,False,valido_automatico
SMP-000688,EM AJUSTE,A,False,recusar_automatico
SMP-002694,AJUSTE REPROVADO,C,False,recusar_automatico
SMP-000216,CANCELADO,A,True,recusar_automatico
SMP-000206,REINSPECAO REPROVADA,A,True,recusar_automatico
SMP-006927,PENDENTE,C,False,revisar
SMP-004244,AGUARDANDO REINSPEÇÃO,A,False,revisar
SMP-008340,PENDENTE,A,False,valido_automatico
SMP-001955,AJUSTE REPROVADO,B,False,recusar_automatico
SMP-003175,FORA DE ESPECIFICACAO,C,False,recusar_automatico
SMP-010620,AJUSTE REPROVADO,B,True,valido_automatico
SMP-010496,APROVADO PARCIAL,B,True,valido_automatico
SMP-005040,EM ANALISE,A,False,revisar
SMP-006246,ESPECIFICAÇÃO EM REVISÃO,B,False,revisar
SMP-008984,AJUSTE CONCLUIDO,A,False,valido_automatico
SMP-009685,APROVADO PARCIAL,B,False,valido_automatico
SMP-000102,CANCELADO,A,True,recusar_automatico
SMP-001608,FORA DE ESPECIFICACAO,B,False,recusar_automatico
SMP-007409,AJUSTE CONCLUIDO,C,False,revisar
SMP-007909,PENDENTE,C,True,revisar
SMP-001006,REINSPECAO REPROVADA,A,True,recusar_automatico
SMP-004539,EM ANALISE,A,True,revisar
SMP-003726,CANCELADO,C,True,recusar_automatico
SMP-000946,AJUSTE REPROVADO,A,False,recusar_automatico
SMP-007790,EM ANALISE,C,False,revisar
SMP-008944,ESPECIFICAÇÃO EM REVISÃO,A,True,valido_automatico
SMP-005974,EM AJUSTE,B,False,revisar
SMP-003498,CANCELADO,C,False,recusar_automatico
SMP-009859,AGUARDANDO REINSPEÇÃO,B,False,valido_automatico
SMP-001729,AGUARDANDO REINSPEÇÃO,B,True,recusar_automatico
SMP-010029,APROVADO PARCIAL,B,True,valido_automatico
SMP-007245,AGUARDANDO REINSPEÇÃO,C,True,revisar
SMP-011874,APROVADO PARCIAL,C,False,valido_automatico
SMP-007607,ESPECIFICAÇÃO EM REVISÃO,C,True,revisar
SMP-009445,APROVADO PARCIAL,B,False,valido_automatico
SMP-010779,EM ANÁLISE,C,False,valido_automatico
SMP-004860,AGUARDANDO REINSPEÇÃO,A,True,revisar
SMP-001965,CANCELADO,B,False,recusar_automatico
SMP-004669,AJUSTE CONCLUIDO,A,False,revisar
SMP-000403,FORA DE ESPECIFICACAO,A,False,recusar_automatico
SMP-009624,AJUSTE CONCLUIDO,B,False,valido_automatico
SMP-009533,EM AJUSTE,B,False,valido_automatico
SMP-002094,CANCELADO,B,True,recusar_automatico
SMP-007019,ESPECIFICAÇÃO EM REVISÃO,C,False,revisar
SMP-002857,AJUSTE REPROVADO,C,True,recusar_automatico
SMP-007596,AGUARDANDO REINSPEÇÃO,C,False,revisar
SMP-011404,APROVADO PARCIAL,C,False,valido_automatico
SMP-010868,AJUSTE CONCLUIDO,C,True,valido_automatico
SMP-010336,AJUSTE CONCLUIDO,B,False,valido_automatico
SMP-001171,AJUSTE REPROVADO,A,True,recusar_automatico
SMP-008042,AJUSTE CONCLUIDO,A,False,valido_automatico
SMP-003572,AJUSTE REPROVADO,C,True,recusar_automatico
SMP-001984,REINSPECAO REPROVADA,B,False,recusar_automatico
SMP-005194,PENDENTE,A,False,revisar
SMP-011700,EM ANÁLISE,C,False,valido_automatico
SMP-007668,PENDENTE,C,True,revisar
SMP-010952,AJUSTE CONCLUIDO,C,True,valido_automatico
SMP-005815,PENDENTE,B,True,revisar
SMP-008048,EM AJUSTE,A,False,valido_automatico
SMP-006407,ESPECIFICAÇÃO EM REVISÃO,B,False,revisar
SMP-001896,CANCELADO,B,False,recusar_automatico
SMP-002294,AGUARDANDO REINSPEÇÃO,B,True,recusar_automatico
SMP-005366,AGUARDANDO REINSPEÇÃO,B,False,revisar
SMP-006669,AGUARDANDO REINSPEÇÃO,C,False,revisar
SMP-007495,AGUARDANDO REINSPEÇÃO,C,False,revisar
SMP-007429,AGUARDANDO REINSPEÇÃO,C,True,revisar
SMP-002882,AJUSTE REPROVADO,C,True,recusar_automatico
SMP-005191,AJUSTE REPROVADO,A,True,revisar
SMP-001763,ESPECIFICAÇÃO EM REVISÃO,B,False,recusar_automatico
SMP-010699,AJUSTE CONCLUIDO,C,True,valido_automatico
SMP-010726,EM AJUSTE,C,True,valido_automatico
SMP-010607,APROVADO PARCIAL,B,False,valido_automatico
SMP-000249,PENDENTE,A,True,recusar_automatico
SMP-010921,PENDENTE,C,True,valido_automatico
SMP-003351,AJUSTE REPROVADO,C,False,recusar_automatico
SMP-011451,EM AJUSTE,C,False,valido_automatico
SMP-003427,CANCELADO,C,True,recusar_automatico
SMP-004118,AGUARDANDO REINSPEÇÃO,A,True,revisar
SMP-009879,APROVADO PARCIAL,B,True,valido_automatico
SMP-006936,EM ANALISE,C,False,revisar
SMP-004266,AGUARDANDO REINSPEÇÃO,A,True,revisar
SMP-004155,ESPECIFICAÇÃO EM REVISÃO,A,True,revisar
SMP-001557,REINSPECAO REPROVADA,B,False,recusar_automatico
SMP-009770,EM ANÁLISE,B,False,valido_automatico
SMP-006342,ESPECIFICAÇÃO EM REVISÃO,B,False,revisar
SMP-011352,AJUSTE CONCLUIDO,C,False,valido_automatico
SMP-004994,PENDENTE,A,True,revisar
SMP-002096,AJUSTE REPROVADO,B,True,recusar_automatico
SMP-002682,FORA DE ESPECIFICACAO,C,False,recusar_automatico
SMP-006394,EM ANALISE,B,True,revisar
SMP-009808,AJUSTE REPROVADO,B,True,valido_automatico
SMP-000374,AJUSTE REPROVADO,A,False,recusar_automatico
SMP-010469,APROVADO PARCIAL,B,True,valido_automatico
SMP-003974,CANCELADO,C,True,recusar_automatico
SMP-007301,EM ANALISE,C,True,revisar
SMP-000872,CANCELADO,A,False,recusar_automatico
SMP-004429,EM ANALISE,A,True,revisar
SMP-001328,CANCELADO,A,False,recusar_automatico
SMP-008983,APROVADO PARCIAL,A,True,valido_automatico
SMP-009833,AJUSTE CONCLUIDO,B,True,valido_automatico
SMP-010994,AJUSTE CONCLUIDO,C,True,valido_automatico
SMP-003942,FORA DE ESPECIFICACAO,C,False,recusar_automatico
SMP-001781,EM AJUSTE,B,True,recusar_automatico
SMP-008185,AJUSTE REPROVADO,A,False,valido_automatico
SMP-002392,AJUSTE REPROVADO,B,True,recusar_automatico
SMP-000535,FORA DE ESPECIFICACAO,A,False,recusar_automatico
SMP-006309,ESPECIFICAÇÃO EM REVISÃO,B,True,revisar
SMP-009154,APROVADO PARCIAL,A,True,valido_automatico
SMP-005351,EM ANALISE,B,False,revisar
SMP-010364,APROVADO PARCIAL,B,False,valido_automatico
SMP-010766,EM AJUSTE,C,True,valido_automatico
SMP-004314,ESPECIFICAÇÃO EM REVISÃO,A,False,revisar
SMP-007272,AGUARDANDO REINSPEÇÃO,C,True,revisar
SMP-007950,ESPECIFICAÇÃO EM REVISÃO,C,True,revisar
SMP-011422,EM AJUSTE,C,False,valido_automatico
SMP-007154,EM ANALISE,C,True,revisar
SMP-000957,CANCELADO,A,False,recusar_automatico
SMP-000755,ESPECIFICAÇÃO EM REVISÃO,A,True,recusar_automatico
SMP-001723,CANCELADO,B,False,recusar_automatico
SMP-007502,EM ANALISE,C,True,revisar
SMP-003844,CANCELADO,C,True,recusar_automatico
SMP-010340,APROVADO PARCIAL,B,False,valido_automatico
SMP-006515,AGUARDANDO REINSPEÇÃO,B,True,revisar
SMP-011557,AJUSTE CONCLUIDO,C,False,valido_automatico
SMP-010202,EM AJUSTE,B,True,valido_automatico
SMP-006087,PENDENTE,B,False,revisar
SMP-009934,EM ANÁLISE,B,True,valido_automatico
SMP-002675,REINSPECAO REPROVADA,C,True,recusar_automatico
SMP-001901,FORA DE ESPECIFICACAO,B,True,recusar_automatico
SMP-005422,EM ANALISE,B,False,revisar
SMP-004085,AJUSTE CONCLUIDO,A,True,revisar
SMP-001642,AJUSTE REPROVADO,B,False,recusar_automatico
SMP-007146,AGUARDANDO REINSPEÇÃO,C,True,revisar
SMP-006118,EM ANALISE,B,True,revisar
SMP-000718,FORA DE ESPECIFICACAO,A,False,recusar_automatico
SMP-008687,AJUSTE CONCLUIDO,A,False,valido_automatico
SMP-006460,PENDENTE,B,True,revisar
SMP-000615,AJUSTE REPROVADO,A,False,recusar_automatico
SMP-003451,AJUSTE REPROVADO,C,False,recusar_automatico
SMP-008602,AJUSTE CONCLUIDO,A,True,valido_automatico
SMP-003881,REINSPECAO REPROVADA,C,False,recusar_automatico
SMP-001462,REINSPECAO REPROVADA,B,True,recusar_automatico
SMP-005221,PENDENTE,A,True,revisar
SMP-001064,CANCELADO,A,False,recusar_automatico
SMP-011157,APROVADO PARCIAL,C,True,valido_automatico
SMP-001024,FORA DE ESPECIFICACAO,A,True,recusar_automatico
SMP-005238,EM ANALISE,A,True,revisar
SMP-004522,EM ANALISE,A,False,revisar
SMP-008748,PENDENTE,A,True,valido_automatico
SMP-010024,APROVADO PARCIAL,B,False,valido_automatico
SMP-005923,EM ANALISE,B,False,revisar
SMP-001206,REINSPECAO REPROVADA,A,True,recusar_automatico
SMP-010002,APROVADO PARCIAL,B,False,valido_automatico
SMP-004131,EM ANALISE,A,True,revisar
SMP-007121,EM ANALISE,C,True,revisar
SMP-001470,FORA DE ESPECIFICACAO,B,False,recusar_automatico
SMP-009135,AJUSTE CONCLUIDO,A,True,valido_automatico
SMP-003727,FORA DE ESPECIFICACAO,C,True,recusar_automatico
SMP-010442,EM AJUSTE,B,False,valido_automatico
SMP-001576,AGUARDANDO REINSPEÇÃO,B,True,recusar_automatico
SMP-006199,AGUARDANDO REINSPEÇÃO,B,True,revisar
SMP-002418,REINSPECAO REPROVADA,B,False,recusar_automatico
SMP-003185,CANCELADO,C,True,recusar_automatico
SMP-011031,EM AJUSTE,C,False,valido_automatico
SMP-007691,PENDENTE,C,False,revisar
SMP-005583,AJUSTE CONCLUIDO,B,False,revisar
SMP-011778,APROVADO PARCIAL,C,True,valido_automatico
SMP-008990,AJUSTE CONCLUIDO,A,True,valido_automatico
SMP-002584,AJUSTE REPROVADO,B,False,recusar_automatico
SMP-009253,AJUSTE REPROVADO,A,False,valido_automatico
SMP-001405,AJUSTE REPROVADO,B,True,recusar_automatico
SMP-004107,AJUSTE CONCLUIDO,A,True,revisar
SMP-007003,AGUARDANDO REINSPEÇÃO,C,False,revisar
SMP-004400,PENDENTE,A,False,revisar
SMP-006383,ESPECIFICAÇÃO EM REVISÃO,B,False,revisar
SMP-008848,EM AJUSTE,A,False,valido_automatico
SMP-010564,APROVADO PARCIAL,B,False,valido_automatico
SMP-001153,FORA DE ESPECIFICACAO,A,False,recusar_automatico
SMP-003307,REINSPECAO REPROVADA,C,False,recusar_automatico
SMP-005492,EM ANALISE,B,False,revisar
SMP-006369,ESPECIFICAÇÃO EM REVISÃO,B,True,revisar
SMP-003874,AJUSTE REPROVADO,C,True,recusar_automatico
SMP-001515,REINSPECAO REPROVADA,B,True,recusar_automatico
SMP-009158,PENDENTE,A,True,valido_automatico
SMP-006190,PENDENTE,B,False,revisar
SMP-008986,APROVADO PARCIAL,A,True,valido_automatico
SMP-009582,EM AJUSTE,B,False,valido_automatico
SMP-003423,AJUSTE REPROVADO,C,False,recusar_automatico
SMP-003329,CANCELADO,C,False,recusar_automatico
SMP-005846,CANCELADO,B,False,revisar
SMP-006730,PENDENTE,C,False,revisar
SMP-004896,PENDENTE,A,False,revisar
SMP-004305,AJUSTE CONCLUIDO,A,False,revisar
SMP-003142,AJUSTE REPROVADO,C,True,recusar_automatico
SMP-005972,REINSPECAO REPROVADA,B,True,revisar
SMP-010718,APROVADO PARCIAL,C,True,valido_automatico
SMP-005229,ESPECIFICAÇÃO EM REVISÃO,A,False,revisar
SMP-004565,EM AJUSTE,A,False,revisar
SMP-002050,AJUSTE REPROVADO,B,True,recusar_automatico
SMP-011242,AJUSTE CONCLUIDO,C,True,valido_automatico
SMP-008423,AJUSTE CONCLUIDO,A,True,valido_automatico
SMP-006940,EM ANALISE,C,True,revisar
SMP-004998,PENDENTE,A,True,revisar
SMP-010704,APROVADO PARCIAL,C,False,valido_automatico
SMP-005311,EM ANALISE,A,False,revisar
SMP-008222,EM AJUSTE,A,False,valido_automatico
SMP-002194,CANCELADO,B,True,recusar_automatico
SMP-006486,PENDENTE,B,True,revisar
SMP-001286,CANCELADO,A,True,recusar_automatico
SMP-011999,EM ANÁLISE,C,True,valido_automatico
SMP-006782,PENDENTE,C,True,revisar
SMP-006441,EM AJUSTE,B,True,revisar
SMP-002367,PENDENTE,B,True,recusar_automatico
SMP-011100,EM ANÁLISE,C,False,valido_automatico
SMP-006399,EM ANALISE,B,False,revisar
SMP-002840,AJUSTE REPROVADO,C,True,recusar_automatico
SMP-010127,AJUSTE CONCLUIDO,B,True,valido_automatico
SMP-004498,CANCELADO,A,True,revisar
SMP-001131,AJUSTE REPROVADO,A,True,recusar_automatico
SMP-004338,APROVADO PARCIAL,A,False,revisar
SMP-004308,REINSPECAO REPROVADA,A,False,revisar
SMP-010530,AJUSTE CONCLUIDO,B,False,valido_automatico
SMP-011396,AJUSTE REPROVADO,C,False,valido_automatico
SMP-004789,AGUARDANDO REINSPEÇÃO,A,True,revisar
SMP-000699,PENDENTE,A,True,recusar_automatico
SMP-002399,AJUSTE REPROVADO,B,False,recusar_automatico
SMP-001678,FORA DE ESPECIFICACAO,B,True,recusar_automatico
SMP-008511,AJUSTE CONCLUIDO,A,False,valido_automatico
SMP-002300,CANCELADO,B,True,recusar_automatico
SMP-004145,EM ANALISE,A,True,revisar
SMP-003000,REINSPECAO REPROVADA,C,False,recusar_automatico
SMP-002905,REINSPECAO REPROVADA,C,True,recusar_automatico
SMP-004132,PENDENTE,A,False,revisar
SMP-002251,CANCELADO,B,False,recusar_automatico
SMP-009467,APROVADO PARCIAL,B,False,valido_automatico
SMP-009765,AGUARDANDO REINSPEÇÃO,B,False,valido_automatico
SMP-001839,REINSPECAO REPROVADA,B,False,recusar_automatico
SMP-003696,FORA DE ESPECIFICACAO,C,False,recusar_automatico
SMP-000956,REINSPECAO REPROVADA,A,True,recusar_automatico
SMP-007705,PENDENTE,C,False,revisar
SMP-001662,REINSPECAO REPROVADA,B,True,recusar_automatico
SMP-009100,APROVADO PARCIAL,A,False,valido_automatico
SMP-002117,AJUSTE REPROVADO,B,False,recusar_automatico
SMP-007960,AGUARDANDO REINSPEÇÃO,C,True,revisar
SMP-006981,EM ANALISE,C,False,revisar
SMP-001907,CANCELADO,B,False,recusar_automatico
SMP-005894,AGUARDANDO REINSPEÇÃO,B,False,revisar
SMP-007969,ESPECIFICAÇÃO EM REVISÃO,C,True,revisar
SMP-008768,AGUARDANDO REINSPEÇÃO,A,False,valido_automatico
SMP-003130,CANCELADO,C,False,recusar_automatico
SMP-001294,CANCELADO,A,True,recusar_automatico
SMP-006814,PENDENTE,C,True,revisar
SMP-000976,CANCELADO,A,False,recusar_automatico
SMP-010969,EM AJUSTE,C,True,valido_automatico
SMP-001707,FORA DE ESPECIFICACAO,B,True,recusar_automatico
SMP-006819,EM ANALISE,C,False,revisar
SMP-007309,EM ANALISE,C,False,revisar
SMP-005290,PENDENTE,A,True,revisar
SMP-007100,AGUARDANDO REINSPEÇÃO,C,False,revisar
SMP-011446,PENDENTE,C,False,valido_automatico
SMP-000780,FORA DE ESPECIFICACAO,A,True,recusar_automatico
SMP-009733,AGUARDANDO REINSPEÇÃO,B,True,valido_automatico
SMP-000205,CANCELADO,A,False,recusar_automatico
SMP-003309,REINSPECAO REPROVADA,C,True,recusar_automatico
SMP-001295,FORA DE ESPECIFICACAO,A,False,recusar_automatico
SMP-000135,REINSPECAO REPROVADA,A,False,recusar_automatico
SMP-006808,EM ANALISE,C,False,revisar
SMP-005726,AGUARDANDO REINSPEÇÃO,B,True,revisar
SMP-001323,CANCELADO,A,True,recusar_automatico
SMP-007375,PENDENTE,C,False,revisar
SMP-011007,EM AJUSTE,C,True,valido_automatico
SMP-009038,AJUSTE CONCLUIDO,A,True,valido_automatico
SMP-009622,EM AJUSTE,B,False,valido_automatico
SMP-000585,AJUSTE REPROVADO,A,True,recusar_automatico
SMP-003145,REINSPECAO REPROVADA,C,True,recusar_automatico
SMP-000453,EM ANALISE,A,False,recusar_automatico
SMP-004141,PENDENTE,A,True,revisar
SMP-010992,AGUARDANDO REINSPEÇÃO,C,True,valido_automatico
SMP-008286,EM AJUSTE,A,False,valido_automatico
SMP-011610,EM AJUSTE,C,True,valido_automatico
SMP-006872,APROVADO PARCIAL,C,False,revisar
SMP-009815,APROVADO PARCIAL,B,True,valido_automatico
SMP-005473,EM ANALISE,B,True,revisar
SMP-010582,APROVADO PARCIAL,B,False,valido_automatico
SMP-004135,PENDENTE,A,True,revisar
SMP-004496,AGUARDANDO REINSPEÇÃO,A,True,revisar
SMP-006536,AGUARDANDO REINSPEÇÃO,B,False,revisar
SMP-008590,EM AJUSTE,A,True,valido_automatico
SMP-003997,CANCELADO,C,True,recusar_automatico
SMP-008148,APROVADO PARCIAL,A,False,valido_automatico
SMP-010730,APROVADO PARCIAL,C,False,valido_automatico
SMP-007655,ESPECIFICAÇÃO EM REVISÃO,C,False,revisar
SMP-003348,AJUSTE REPROVADO,C,False,recusar_automatico
SMP-004210,ESPECIFICAÇÃO EM REVISÃO,A,True,revisar
SMP-010667,APROVADO PARCIAL,B,True,valido_automatico
SMP-003772,AJUSTE REPROVADO,C,False,recusar_automatico
SMP-006055,AGUARDANDO REINSPEÇÃO,B,True,revisar
SMP-008017,EM ANÁLISE,A,False,valido_automatico
SMP-005966,EM ANALISE,B,True,revisar
SMP-002530,REINSPECAO REPROVADA,B,False,recusar_automatico
SMP-004649,ESPECIFICAÇÃO EM REVISÃO,A,False,revisar
SMP-008443,PENDENTE,A,False,valido_automatico
SMP-003431,PENDENTE,C,False,recusar_automatico
SMP-006942,AJUSTE REPROVADO,C,False,revisar
SMP-001495,AJUSTE REPROVADO,B,False,recusar_automatico
SMP-000987,REINSPECAO REPROVADA,A,False,recusar_automatico
SMP-002878,REINSPECAO REPROVADA,C,True,recusar_automatico
SMP-010566,EM AJUSTE,B,True,valido_automatico
SMP-007772,PENDENTE,C,False,revisar
SMP-001570,REINSPECAO REPROVADA,B,False,recusar_automatico
SMP-000375,FORA DE ESPECIFICACAO,A,False,recusar_automatico
SMP-009955,APROVADO PARCIAL,B,True,valido_automatico
SMP-000729,CANCELADO,A,True,recusar_automatico
SMP-009346,EM AJUSTE,B,True,valido_automatico
SMP-005454,EM ANALISE,B,True,revisar
SMP-010052,PENDENTE,B,True,valido_automatico
SMP-010071,AJUSTE CONCLUIDO,B,True,valido_automatico
SMP-007292,ESPECIFICAÇÃO EM REVISÃO,C,False,revisar
SMP-005993,AGUARDANDO REINSPEÇÃO,B,False,revisar
SMP-003952,FORA DE ESPECIFICACAO,C,True,recusar_automatico
SMP-001997,REINSPECAO REPROVADA,B,False,recusar_automatico
SMP-006678,PENDENTE,C,True,revisar
SMP-001460,REINSPECAO REPROVADA,B,True,recusar_automatico
SMP-006358,AGUARDANDO REINSPEÇÃO,B,True,revisar
SMP-008673,AJUSTE CONCLUIDO,A,False,valido_automatico
SMP-000462,REINSPECAO REPROVADA,A,True,recusar_automatico
SMP-007390,REINSPECAO REPROVADA,C,False,revisar
SMP-010137,EM AJUSTE,B,False,valido_automatico
SMP-000590,CANCELADO,A,True,recusar_automatico
SMP-011216,AJUSTE CONCLUIDO,C,False,valido_automatico
SMP-009024,APROVADO PARCIAL,A,True,valido_automatico
SMP-001660,AJUSTE REPROVADO,B,False,recusar_automatico
SMP-009316,APROVADO PARCIAL,A,True,valido_automatico
SMP-002328,CANCELADO,B,False,recusar_automatico
SMP-007406,EM ANALISE,C,False,revisar
SMP-004441,AGUARDANDO REINSPEÇÃO,A,True,revisar
SMP-009958,PENDENTE,B,False,valido_automatico
SMP-004958,PENDENTE,A,True,revisar
SMP-010783,APROVADO PARCIAL,C,False,valido_automatico
SMP-008342,APROVADO PARCIAL,A,False,valido_automatico
SMP-004126,EM ANALISE,A,True,revisar
SMP-001859,AJUSTE REPROVADO,B,True,recusar_automatico
SMP-009789,AJUSTE CONCLUIDO,B,False,valido_automatico
SMP-000597,REINSPECAO REPROVADA,A,True,recusar_automatico
SMP-006897,CANCELADO,C,True,revisar
SMP-005494,EM ANALISE,B,False,revisar
SMP-002471,REINSPECAO REPROVADA,B,True,recusar_automatico
SMP-001392,REINSPECAO REPROVADA,B,True,recusar_automatico
SMP-008069,AJUSTE CONCLUIDO,A,False,valido_automatico
SMP-011264,APROVADO PARCIAL,C,False,valido_automatico
SMP-007988,EM AJUSTE,C,True,revisar
SMP-001646,REINSPECAO REPROVADA,B,False,recusar_automatico
SMP-000825,FORA DE ESPECIFICACAO,A,True,recusar_automatico
SMP-008997,APROVADO PARCIAL,A,False,valido_automatico
SMP-007074,PENDENTE,C,False,revisar
SMP-006609,CANCELADO,B,False,revisar
SMP-001631,PENDENTE,B,False,recusar_automatico
SMP-004562,ESPECIFICAÇÃO EM REVISÃO,A,False,revisar
SMP-002940,AJUSTE REPROVADO,C,False,recusar_automatico
SMP-001741,REINSPECAO REPROVADA,B,False,recusar_automatico
SMP-002350,CANCELADO,B,False,recusar_automatico
SMP-004772,ESPECIFICAÇÃO EM REVISÃO,A,False,revisar
SMP-006674,PENDENTE,C,True,revisar
SMP-001020,EM AJUSTE,A,True,recusar_automatico
SMP-008324,EM AJUSTE,A,False,valido_automatico
SMP-003384,CANCELADO,C,True,recusar_automatico
SMP-002776,CANCELADO,C,True,recusar_automatico
SMP-002871,REINSPECAO REPROVADA,C,False,recusar_automatico
SMP-007896,AGUARDANDO REINSPEÇÃO,C,True,revisar
SMP-005359,AGUARDANDO REINSPEÇÃO,B,False,revisar
SMP-007560,PENDENTE,C,True,revisar
SMP-005847,EM ANALISE,B,False,revisar
SMP-005917,EM ANALISE,B,False,revisar
SMP-008407,APROVADO PARCIAL,A,False,valido_automatico
SMP-001158,FORA DE ESPECIFICACAO,A,True,recusar_automatico
SMP-006682,EM AJUSTE,C,True,revisar
SMP-003595,REINSPECAO REPROVADA,C,True,recusar_automatico
SMP-000824,AGUARDANDO REINSPEÇÃO,A,False,recusar_automatico
SMP-001390,AJUSTE REPROVADO,B,False,recusar_automatico
SMP-008970,APROVADO PARCIAL,A,False,valido_automatico
SMP-004537,AGUARDANDO REINSPEÇÃO,A,True,revisar
SMP-007952,ESPECIFICAÇÃO EM REVISÃO,C,True,revisar
SMP-011057,AGUARDANDO REINSPEÇÃO,C,True,valido_automatico
SMP-002780,FORA DE ESPECIFICACAO,C,True,recusar_automatico
SMP-005329,ESPECIFICAÇÃO EM REVISÃO,A,False,revisar
SMP-000045,AJUSTE REPROVADO,A,False,recusar_automatico
SMP-008736,APROVADO PARCIAL,A,False,valido_automatico
SMP-010392,APROVADO PARCIAL,B,True,valido_automatico
SMP-000165,CANCELADO,A,True,recusar_automatico
SMP-000905,REINSPECAO REPROVADA,A,True,recusar_automatico
SMP-005537,PENDENTE,B,False,revisar
SMP-004420,ESPECIFICAÇÃO EM REVISÃO,A,False,revisar
SMP-007034,EM ANALISE,C,False,revisar
SMP-005953,EM ANALISE,B,True,revisar
SMP-010769,ESPECIFICAÇÃO EM REVISÃO,C,False,valido_automatico
SMP-004791,AGUARDANDO REINSPEÇÃO,A,False,revisar
SMP-008705,EM AJUSTE,A,True,valido_automatico
SMP-003295,CANCELADO,C,True,recusar_automatico
SMP-008666,APROVADO PARCIAL,A,True,valido_automatico
SMP-009900,EM ANÁLISE,B,True,valido_automatico
SMP-006401,EM ANALISE,B,True,revisar
SMP-007140,ESPECIFICAÇÃO EM REVISÃO,C,True,revisar
SMP-009112,AJUSTE CONCLUIDO,A,False,valido_automatico
SMP-000392,REINSPECAO REPROVADA,A,True,recusar_automatico
SMP-001759,CANCELADO,B,False,recusar_automatico
SMP-009456,AJUSTE CONCLUIDO,B,False,valido_automatico
SMP-000739,AJUSTE REPROVADO,A,False,recusar_automatico
SMP-008641,APROVADO PARCIAL,A,False,valido_automatico
SMP-003606,FORA DE ESPECIFICACAO,C,False,recusar_automatico
SMP-002749,AJUSTE REPROVADO,C,False,recusar_automatico
SMP-008055,APROVADO PARCIAL,A,False,valido_automatico
SMP-006661,EM ANALISE,B,True,revisar
SMP-009664,EM AJUSTE,B,False,valido_automatico
SMP-005878,ESPECIFICAÇÃO EM REVISÃO,B,False,revisar
SMP-009383,AJUSTE CONCLUIDO,B,False,valido_automatico
SMP-003927,CANCELADO,C,True,recusar_automatico
SMP-008887,APROVADO PARCIAL,A,False,valido_automatico
SMP-002862,EM AJUSTE,C,False,recusar_automatico
SMP-011671,AJUSTE CONCLUIDO,C,True,valido_automatico
SMP-000334,REINSPECAO REPROVADA,A,False,recusar_automatico
SMP-003977,AJUSTE REPROVADO,C,False,recusar_automatico
SMP-004160,CANCELADO,A,True,revisar
SMP-010675,APROVADO PARCIAL,C,True,valido_automatico
SMP-000157,AJUSTE REPROVADO,A,True,recusar_automatico
SMP-000178,EM AJUSTE,A,False,recusar_automatico
SMP-003633,REINSPECAO REPROVADA,C,False,recusar_automatico
SMP-005472,PENDENTE,B,False,revisar
SMP-007288,AGUARDANDO REINSPEÇÃO,C,True,revisar
SMP-000167,FORA DE ESPECIFICACAO,A,False,recusar_automatico
SMP-005324,PENDENTE,A,False,revisar
SMP-000007,REINSPECAO REPROVADA,A,True,recusar_automatico
SMP-011534,AJUSTE CONCLUIDO,C,False,valido_automatico
SMP-002245,CANCELADO,B,False,recusar_automatico
SMP-002755,REINSPECAO REPROVADA,C,False,recusar_automatico
SMP-007661,EM ANALISE,C,True,revisar
SMP-010929,APROVADO PARCIAL,C,False,valido_automatico
SMP-002391,REINSPECAO REPROVADA,B,False,recusar_automatico
SMP-007854,EM ANALISE,C,True,revisar
SMP-011635,AJUSTE CONCLUIDO,C,True,valido_automatico
SMP-010970,AJUSTE CONCLUIDO,C,True,valido_automatico
SMP-007202,ESPECIFICAÇÃO EM REVISÃO,C,True,revisar
SMP-010789,AJUSTE CONCLUIDO,C,True,valido_automatico
SMP-002708,REINSPECAO REPROVADA,C,True,recusar_automatico
SMP-011607,AJUSTE CONCLUIDO,C,False,valido_automatico
SMP-010983,AJUSTE CONCLUIDO,C,True,valido_automatico
SMP-007085,PENDENTE,C,True,revisar
SMP-002364,AJUSTE REPROVADO,B,True,recusar_automatico
SMP-010565,AJUSTE CONCLUIDO,B,True,valido_automatico
SMP-008808,APROVADO PARCIAL,A,False,valido_automatico
SMP-000359,AJUSTE REPROVADO,A,False,recusar_automatico
SMP-006361,PENDENTE,B,True,revisar
SMP-010601,PENDENTE,B,False,valido_automatico
SMP-001309,CANCELADO,A,True,recusar_automatico
SMP-002242,CANCELADO,B,True,recusar_automatico
SMP-001297,REINSPECAO REPROVADA,A,True,recusar_automatico
SMP-003290,PENDENTE,C,False,recusar_automatico
SMP-006107,PENDENTE,B,True,revisar
SMP-000415,CANCELADO,A,True,recusar_automatico
SMP-001533,AJUSTE REPROVADO,B,False,recusar_automatico
SMP-011377,APROVADO PARCIAL,C,True,valido_automatico
SMP-008892,AJUSTE CONCLUIDO,A,True,valido_automatico
SMP-010911,APROVADO PARCIAL,C,False,valido_automatico
SMP-006363,PENDENTE,B,False,revisar
SMP-009482,AJUSTE CONCLUIDO,B,True,valido_automatico
SMP-004090,REINSPECAO REPROVADA,A,False,revisar
SMP-005848,AGUARDANDO REINSPEÇÃO,B,True,revisar
SMP-008159,AJUSTE CONCLUIDO,A,True,valido_automatico
SMP-003819,REINSPECAO REPROVADA,C,False,recusar_automatico
SMP-008134,AJUSTE CONCLUIDO,A,True,valido_automatico
SMP-008169,APROVADO PARCIAL,A,True,valido_automatico
SMP-008677,AGUARDANDO REINSPEÇÃO,A,False,valido_automatico
SMP-000409,REINSPECAO REPROVADA,A,True,recusar_automatico
SMP-005458,APROVADO PARCIAL,B,False,revisar
SMP-011592,AJUSTE CONCLUIDO,C,True,valido_automatico
SMP-009498,AJUSTE CONCLUIDO,B,False,valido_automatico
SMP-001767,FORA DE ESPECIFICACAO,B,False,recusar_automatico
SMP-004173,AGUARDANDO REINSPEÇÃO,A,False,revisar
SMP-003998,FORA DE ESPECIFICACAO,C,True,recusar_automatico
SMP-000619,CANCELADO,A,True,recusar_automatico
SMP-001196,REINSPECAO REPROVADA,A,True,recusar_automatico
SMP-000252,CANCELADO,A,False,recusar_automatico
SMP-006172,EM ANALISE,B,False,revisar
SMP-000728,CANCELADO,A,False,recusar_automatico
SMP-003161,CANCELADO,C,True,recusar_automatico
SMP-005071,EM ANALISE,A,True,revisar
SMP-000791,FORA DE ESPECIFICACAO,A,False,recusar_automatico
SMP-002731,CANCELADO,C,True,recusar_automatico
SMP-004518,AJUSTE REPROVADO,A,False,revisar
SMP-006216,ESPECIFICAÇÃO EM REVISÃO,B,True,revisar
SMP-006310,PENDENTE,B,True,revisar
SMP-003583,ESPECIFICAÇÃO EM REVISÃO,C,False,recusar_automatico
SMP-006626,ESPECIFICAÇÃO EM REVISÃO,B,True,revisar
SMP-011199,EM ANÁLISE,C,False,valido_automatico
SMP-004918,APROVADO PARCIAL,A,False,revisar
SMP-004920,EM ANALISE,A,True,revisar
SMP-005350,PENDENTE,B,True,revisar
SMP-008273,AJUSTE REPROVADO,A,True,valido_automatico
SMP-002554,AJUSTE REPROVADO,B,True,recusar_automatico
SMP-003969,EM AJUSTE,C,True,recusar_automatico
SMP-005547,ESPECIFICAÇÃO EM REVISÃO,B,True,revisar
SMP-008743,AJUSTE CONCLUIDO,A,True,valido_automatico
SMP-010349,ESPECIFICAÇÃO EM REVISÃO,B,False,valido_automatico
SMP-005371,ESPECIFICAÇÃO EM REVISÃO,B,False,revisar
SMP-006497,ESPECIFICAÇÃO EM REVISÃO,B,False,revisar
SMP-000540,AJUSTE REPROVADO,A,False,recusar_automatico
SMP-011427,EM AJUSTE,C,True,valido_automatico
SMP-005164,EM ANALISE,A,False,revisar
SMP-007324,AGUARDANDO REINSPEÇÃO,C,False,revisar
SMP-008220,EM AJUSTE,A,False,valido_automatico
SMP-000009,FORA DE ESPECIFICACAO,A,False,recusar_automatico
SMP-005095,APROVADO PARCIAL,A,False,revisar
SMP-011073,APROVADO PARCIAL,C,True,valido_automatico
SMP-008517,PENDENTE,A,True,valido_automatico
SMP-006286,AGUARDANDO REINSPEÇÃO,B,False,revisar
SMP-007669,PENDENTE,C,True,revisar
SMP-010061,AJUSTE CONCLUIDO,B,True,valido_automatico
SMP-007711,EM ANALISE,C,True,revisar
SMP-004190,EM ANALISE,A,True,revisar
SMP-003667,CANCELADO,C,False,recusar_automatico
SMP-011409,APROVADO PARCIAL,C,False,valido_automatico
SMP-008539,APROVADO PARCIAL,A,False,valido_automatico
SMP-008572,AJUSTE CONCLUIDO,A,True,valido_automatico
SMP-011360,AJUSTE CONCLUIDO,C,False,valido_automatico
SMP-001002,CANCELADO,A,False,recusar_automatico
SMP-008861,APROVADO PARCIAL,A,True,valido_automatico
SMP-005480,EM ANALISE,B,True,revisar
SMP-004852,EM ANALISE,A,True,revisar
SMP-002948,AJUSTE REPROVADO,C,True,recusar_automatico
SMP-009181,AJUSTE CONCLUIDO,A,True,valido_automatico
SMP-006813,EM ANALISE,C,False,revisar
SMP-004635,AGUARDANDO REINSPEÇÃO,A,True,revisar
SMP-002109,CANCELADO,B,True,recusar_automatico
SMP-009804,AJUSTE CONCLUIDO,B,True,valido_automatico
SMP-004381,EM AJUSTE,A,False,revisar
SMP-007903,EM AJUSTE,C,False,revisar
SMP-011784,AJUSTE CONCLUIDO,C,True,valido_automatico
SMP-001106,AJUSTE REPROVADO,A,False,recusar_automatico
SMP-005650,EM ANALISE,B,False,revisar
SMP-002740,CANCELADO,C,False,recusar_automatico
SMP-003077,CANCELADO,C,False,recusar_automatico
SMP-006458,EM ANALISE,B,False,revisar
SMP-003477,CANCELADO,C,False,recusar_automatico
SMP-000928,FORA DE ESPECIFICACAO,A,True,recusar_automatico
SMP-000215,FORA DE ESPECIFICACAO,A,True,recusar_automatico
SMP-009668,AJUSTE CONCLUIDO,B,False,valido_automatico
SMP-007608,EM ANALISE,C,True,revisar
SMP-009704,AJUSTE CONCLUIDO,B,True,valido_automatico
SMP-006058,AGUARDANDO REINSPEÇÃO,B,True,revisar
SMP-010589,APROVADO PARCIAL,B,False,valido_automatico
SMP-007924,CANCELADO,C,False,revisar
SMP-010834,APROVADO PARCIAL,C,True,valido_automatico
SMP-011460,APROVADO PARCIAL,C,False,valido_automatico
SMP-002796,CANCELADO,C,True,recusar_automatico
SMP-002362,REINSPECAO REPROVADA,B,False,recusar_automatico
SMP-000570,CANCELADO,A,False,recusar_automatico
SMP-005863,EM ANALISE,B,True,revisar
SMP-002203,FORA DE ESPECIFICACAO,B,False,recusar_automatico
SMP-003738,CANCELADO,C,True,recusar_automatico
SMP-010233,AJUSTE CONCLUIDO,B,False,valido_automatico
SMP-008374,PENDENTE,A,True,valido_automatico
SMP-011706,AGUARDANDO REINSPEÇÃO,C,False,valido_automatico
SMP-004452,ESPECIFICAÇÃO EM REVISÃO,A,False,revisar
SMP-001592,REINSPECAO REPROVADA,B,False,recusar_automatico
SMP-001099,CANCELADO,A,False,recusar_automatico
SMP-009474,APROVADO PARCIAL,B,True,valido_automatico
SMP-010462,EM AJUSTE,B,False,valido_automatico
SMP-006896,REINSPECAO REPROVADA,C,True,revisar
SMP-003531,CANCELADO,C,False,recusar_automatico
SMP-009167,AJUSTE CONCLUIDO,A,False,valido_automatico
SMP-006112,APROVADO PARCIAL,B,True,revisar
SMP-004376,PENDENTE,A,True,revisar
SMP-001144,ESPECIFICAÇÃO EM REVISÃO,A,False,recusar_automatico
SMP-005905,ESPECIFICAÇÃO EM REVISÃO,B,False,revisar
SMP-006866,AGUARDANDO REINSPEÇÃO,C,True,revisar
SMP-004867,PENDENTE,A,False,revisar
SMP-010673,APROVADO PARCIAL,C,False,valido_automatico
SMP-008527,APROVADO PARCIAL,A,True,valido_automatico
SMP-007076,PENDENTE,C,False,revisar
SMP-003833,REINSPECAO REPROVADA,C,True,recusar_automatico
SMP-000377,CANCELADO,A,False,recusar_automatico
SMP-009531,APROVADO PARCIAL,B,False,valido_automatico
SMP-008396,AJUSTE CONCLUIDO,A,False,valido_automatico
SMP-006007,AGUARDANDO REINSPEÇÃO,B,False,revisar
SMP-008865,EM AJUSTE,A,False,valido_automatico
SMP-009864,AJUSTE CONCLUIDO,B,False,valido_automatico
SMP-001054,EM AJUSTE,A,True,recusar_automatico
SMP-010839,AJUSTE CONCLUIDO,C,False,valido_automatico
SMP-005090,PENDENTE,A,False,revisar
SMP-003573,REINSPECAO REPROVADA,C,False,recusar_automatico
SMP-003828,AJUSTE REPROVADO,C,False,recusar_automatico
SMP-001590,PENDENTE,B,True,recusar_automatico
SMP-006480,AGUARDANDO REINSPEÇÃO,B,True,revisar
SMP-006142,ESPECIFICAÇÃO EM REVISÃO,B,False,revisar
SMP-010657,EM ANÁLISE,B,False,valido_automatico
SMP-009786,APROVADO PARCIAL,B,False,valido_automatico
SMP-001239,FORA DE ESPECIFICACAO,A,True,recusar_automatico
SMP-009548,EM ANÁLISE,B,False,valido_automatico
SMP-004033,EM ANALISE,A,True,revisar
SMP-011249,AJUSTE CONCLUIDO,C,True,valido_automatico
SMP-007998,PENDENTE,C,True,revisar
SMP-005802,PENDENTE,B,True,revisar
SMP-006588,EM ANALISE,B,True,revisar
SMP-004203,AGUARDANDO REINSPEÇÃO,A,True,revisar
SMP-010606,AJUSTE CONCLUIDO,B,False,valido_automatico
SMP-006611,PENDENTE,B,False,revisar
SMP-004182,AGUARDANDO REINSPEÇÃO,A,False,revisar
SMP-002028,AJUSTE REPROVADO,B,True,recusar_automatico
SMP-006312,ESPECIFICAÇÃO EM REVISÃO,B,False,revisar
SMP-009133,APROVADO PARCIAL,A,True,valido_automatico
SMP-004468,AGUARDANDO REINSPEÇÃO,A,True,revisar
SMP-007024,PENDENTE,C,False,revisar
SMP-008505,EM AJUSTE,A,False,valido_automatico
SMP-002539,REINSPECAO REPROVADA,B,False,recusar_automatico
SMP-011616,AJUSTE CONCLUIDO,C,True,valido_automatico
SMP-003469,FORA DE ESPECIFICACAO,C,True,recusar_automatico
SMP-011845,AJUSTE CONCLUIDO,C,False,valido_automatico
SMP-007618,AGUARDANDO REINSPEÇÃO,C,False,revisar
SMP-001140,AJUSTE REPROVADO,A,True,recusar_automatico
SMP-003466,AJUSTE REPROVADO,C,False,recusar_automatico
SMP-010907,APROVADO PARCIAL,C,False,valido_automatico
SMP-006472,ESPECIFICAÇÃO EM REVISÃO,B,True,revisar
SMP-001658,CANCELADO,B,True,recusar_automatico
SMP-009127,AJUSTE CONCLUIDO,A,True,valido_automatico
SMP-005165,EM ANALISE,A,False,revisar
SMP-002985,CANCELADO,C,False,recusar_automatico
SMP-009182,AJUSTE CONCLUIDO,A,True,valido_automatico
SMP-002696,CANCELADO,C,True,recusar_automatico
SMP-003615,CANCELADO,C,False,recusar_automatico
SMP-007056,PENDENTE,C,True,revisar
SMP-007953,ESPECIFICAÇÃO EM REVISÃO,C,True,revisar
SMP-005798,AGUARDANDO REINSPEÇÃO,B,True,revisar
SMP-009203,AJUSTE CONCLUIDO,A,False,valido_automatico
SMP-006630,PENDENTE,B,False,revisar
SMP-002637,REINSPECAO REPROVADA,B,False,recusar_automatico
SMP-005434,EM ANALISE,B,False,revisar
SMP-003292,FORA DE ESPECIFICACAO,C,False,recusar_automatico
SMP-001855,CANCELADO,B,False,recusar_automatico
SMP-011085,APROVADO PARCIAL,C,False,valido_automatico
SMP-000407,AJUSTE REPROVADO,A,False,recusar_automatico
SMP-003418,REINSPECAO REPROVADA,C,True,recusar_automatico
SMP-006327,ESPECIFICAÇÃO EM REVISÃO,B,True,revisar
SMP-004140,ESPECIFICAÇÃO EM REVISÃO,A,True,revisar
SMP-004077,ESPECIFICAÇÃO EM REVISÃO,A,False,revisar
SMP-007712,PENDENTE,C,False,revisar
SMP-005168,EM ANALISE,A,True,revisar
SMP-006543,PENDENTE,B,True,revisar
SMP-002293,CANCELADO,B,False,recusar_automatico
SMP-002582,CANCELADO,B,False,recusar_automatico
SMP-011076,AJUSTE CONCLUIDO,C,False,valido_automatico
SMP-011476,AJUSTE CONCLUIDO,C,False,valido_automatico
SMP-005470,EM ANALISE,B,True,revisar
SMP-009745,APROVADO PARCIAL,B,False,valido_automatico
SMP-010584,APROVADO PARCIAL,B,True,valido_automatico
SMP-000968,FORA DE ESPECIFICACAO,A,False,recusar_automatico
SMP-004824,APROVADO PARCIAL,A,False,revisar
SMP-008076,APROVADO PARCIAL,A,True,valido_automatico
SMP-005948,EM AJUSTE,B,False,revisar
SMP-009615,AJUSTE CONCLUIDO,B,True,valido_automatico
SMP-008750,AJUSTE CONCLUIDO,A,False,valido_automatico
SMP-010811,AJUSTE CONCLUIDO,C,False,valido_automatico
SMP-004424,ESPECIFICAÇÃO EM REVISÃO,A,False,revisar
SMP-008774,EM AJUSTE,A,True,valido_automatico
SMP-003871,AJUSTE REPROVADO,C,True,recusar_automatico
SMP-008782,AJUSTE CONCLUIDO,A,False,valido_automatico
SMP-008281,APROVADO PARCIAL,A,True,valido_automatico
SMP-005190,AGUARDANDO REINSPEÇÃO,A,False,revisar
SMP-000199,AJUSTE REPROVADO,A,True,recusar_automatico
SMP-002628,AJUSTE REPROVADO,B,False,recusar_automatico
SMP-008706,AJUSTE CONCLUIDO,A,True,valido_automatico
SMP-000663,REINSPECAO REPROVADA,A,True,recusar_automatico
SMP-000180,CANCELADO,A,False,recusar_automatico
SMP-000710,AJUSTE REPROVADO,A,False,recusar_automatico
SMP-005321,PENDENTE,A,True,revisar
SMP-004070,ESPECIFICAÇÃO EM REVISÃO,A,True,revisar
SMP-004016,CANCELADO,A,True,revisar
SMP-011344,EM ANÁLISE,C,False,valido_automatico
SMP-003176,REINSPECAO REPROVADA,C,False,recusar_automatico
SMP-002810,REINSPECAO REPROVADA,C,True,recusar_automatico
SMP-003932,AJUSTE REPROVADO,C,False,recusar_automatico
SMP-011535,APROVADO PARCIAL,C,True,valido_automatico
SMP-006556,PENDENTE,B,False,revisar
SMP-001510,FORA DE ESPECIFICACAO,B,True,recusar_automatico
SMP-009053,APROVADO PARCIAL,A,False,valido_automatico
SMP-000361,REINSPECAO REPROVADA,A,False,recusar_automatico
SMP-000101,AJUSTE REPROVADO,A,True,recusar_automatico
SMP-001435,FORA DE ESPECIFICACAO,B,False,recusar_automatico
SMP-004164,REINSPECAO REPROVADA,A,False,revisar
SMP-004174,EM AJUSTE,A,True,revisar
SMP-003022,CANCELADO,C,False,recusar_automatico
SMP-002359,AJUSTE REPROVADO,B,True,recusar_automatico
SMP-008529,AJUSTE CONCLUIDO,A,False,valido_automatico
SMP-008538,APROVADO PARCIAL,A,True,valido_automatico
SMP-001722,AJUSTE REPROVADO,B,True,recusar_automatico
SMP-000281,REINSPECAO REPROVADA,A,True,recusar_automatico
SMP-009299,AJUSTE CONCLUIDO,A,True,valido_automatico
SMP-000190,FORA DE ESPECIFICACAO,A,True,recusar_automatico
SMP-010861,EM AJUSTE,C,False,valido_automatico
SMP-011231,APROVADO PARCIAL,C,False,valido_automatico
SMP-011585,EM AJUSTE,C,True,valido_automatico
SMP-000914,PENDENTE,A,True,recusar_automatico
SMP-003509,AJUSTE REPROVADO,C,False,recusar_automatico
SMP-010262,APROVADO PARCIAL,B,False,valido_automatico
SMP-011394,AJUSTE CONCLUIDO,C,False,valido_automatico
SMP-008331,EM ANÁLISE,A,False,valido_automatico
SMP-007868,ESPECIFICAÇÃO EM REVISÃO,C,True,revisar
SMP-005826,PENDENTE,B,False,revisar
SMP-009526,EM ANÁLISE,B,True,valido_automatico
SMP-003151,CANCELADO,C,False,recusar_automatico
SMP-003594,FORA DE ESPECIFICACAO,C,False,recusar_automatico
SMP-007211,EM ANALISE,C,False,revisar
SMP-004553,EM ANALISE,A,True,revisar
SMP-003038,CANCELADO,C,True,recusar_automatico
SMP-006765,AJUSTE CONCLUIDO,C,False,revisar
SMP-008786,APROVADO PARCIAL,A,False,valido_automatico
SMP-009466,PENDENTE,B,False,valido_automatico
SMP-001204,REINSPECAO REPROVADA,A,False,recusar_automatico
SMP-010256,APROVADO PARCIAL,B,False,valido_automatico
SMP-007902,PENDENTE,C,False,revisar
SMP-002060,REINSPECAO REPROVADA,B,False,recusar_automatico
SMP-009898,APROVADO PARCIAL,B,True,valido_automatico
SMP-010507,EM AJUSTE,B,False,valido_automatico
SMP-011788,EM ANÁLISE,C,False,valido_automatico
SMP-008788,APROVADO PARCIAL,A,True,valido_automatico
SMP-000032,CANCELADO,A,True,recusar_automatico
SMP-007126,PENDENTE,C,True,revisar
SMP-003987,REINSPECAO REPROVADA,C,False,recusar_automatico
SMP-008270,AJUSTE CONCLUIDO,A,True,valido_automatico
SMP-002838,CANCELADO,C,False,recusar_automatico
SMP-003285,REINSPECAO REPROVADA,C,True,recusar_automatico
SMP-004482,AJUSTE REPROVADO,A,True,revisar
SMP-010207,EM AJUSTE,B,True,valido_automatico
SMP-001982,FORA DE ESPECIFICACAO,B,False,recusar_automatico
SMP-005232,PENDENTE,A,False,revisar
SMP-007665,AGUARDANDO REINSPEÇÃO,C,False,revisar
SMP-000880,REINSPECAO REPROVADA,A,True,recusar_automatico
SMP-002287,FORA DE ESPECIFICACAO,B,False,recusar_automatico
SMP-009281,AJUSTE CONCLUIDO,A,True,valido_automatico
SMP-008167,EM AJUSTE,A,True,valido_automatico
SMP-000768,PENDENTE,A,False,recusar_automatico
SMP-003802,CANCELADO,C,False,recusar_automatico
SMP-010593,APROVADO PARCIAL,B,True,valido_automatico
SMP-003663,CANCELADO,C,False,recusar_automatico
SMP-005976,EM AJUSTE,B,True,revisar
SMP-008915,EM AJUSTE,A,False,valido_automatico
SMP-008054,APROVADO PARCIAL,A,True,valido_automatico
SMP-001187,REINSPECAO REPROVADA,A,True,recusar_automatico
SMP-000986,REINSPECAO REPROVADA,A,False,recusar_automatico
SMP-002277,REINSPECAO REPROVADA,B,True,recusar_automatico
SMP-003817,AJUSTE REPROVADO,C,True,recusar_automatico
SMP-011704,EM ANÁLISE,C,False,valido_automatico
SMP-005227,AGUARDANDO REINSPEÇÃO,A,False,revisar
SMP-001389,REINSPECAO REPROVADA,B,False,recusar_automatico
SMP-000229,AJUSTE REPROVADO,A,False,recusar_automatico
SMP-010796,APROVADO PARCIAL,C,True,valido_automatico
SMP-010563,PENDENTE,B,True,valido_automatico
SMP-000423,FORA DE ESPECIFICACAO,A,False,recusar_automatico
SMP-001132,FORA DE ESPECIFICACAO,A,True,recusar_automatico
SMP-010160,APROVADO PARCIAL,B,False,valido_automatico
SMP-009159,AJUSTE CONCLUIDO,A,True,valido_automatico
SMP-011447,APROVADO PARCIAL,C,False,valido_automatico
SMP-007424,EM ANALISE,C,True,revisar
SMP-003357,FORA DE ESPECIFICACAO,C,True,recusar_automatico
SMP-007000,ESPECIFICAÇÃO EM REVISÃO,C,False,revisar
SMP-004412,EM ANALISE,A,True,revisar
SMP-006041,PENDENTE,B,True,revisar
SMP-001628,REINSPECAO REPROVADA,B,True,recusar_automatico
SMP-007955,PENDENTE,C,True,revisar
SMP-007767,AGUARDANDO REINSPEÇÃO,C,False,revisar
SMP-002011,AJUSTE REPROVADO,B,False,recusar_automatico
SMP-005899,ESPECIFICAÇÃO EM REVISÃO,B,False,revisar
SMP-000635,REINSPECAO REPROVADA,A,False,recusar_automatico
SMP-009626,APROVADO PARCIAL,B,False,valido_automatico
SMP-001234,CANCELADO,A,False,recusar_automatico
SMP-001539,FORA DE ESPECIFICACAO,B,False,recusar_automatico
SMP-006523,AJUSTE CONCLUIDO,B,True,revisar
SMP-004608,EM ANALISE,A,False,revisar
SMP-006875,APROVADO PARCIAL,C,True,revisar
SMP-011719,AJUSTE CONCLUIDO,C,False,valido_automatico
SMP-005253,AJUSTE CONCLUIDO,A,True,revisar
SMP-010012,AJUSTE CONCLUIDO,B,False,valido_automatico
SMP-000692,AJUSTE REPROVADO,A,True,recusar_automatico
SMP-002923,FORA DE ESPECIFICACAO,C,True,recusar_automatico
SMP-009217,AJUSTE CONCLUIDO,A,False,valido_automatico
SMP-005664,EM AJUSTE,B,True,revisar
SMP-010197,APROVADO PARCIAL,B,True,valido_automatico
SMP-006345,AGUARDANDO REINSPEÇÃO,B,True,revisar
SMP-007319,ESPECIFICAÇÃO EM REVISÃO,C,False,revisar
SMP-008760,APROVADO PARCIAL,A,True,valido_automatico
SMP-004716,EM ANALISE,A,False,revisar
SMP-002002,AJUSTE REPROVADO,B,True,recusar_automatico
SMP-001728,CANCELADO,B,True,recusar_automatico
SMP-001397,REINSPECAO REPROVADA,B,False,recusar_automatico
SMP-007758,EM ANALISE,C,True,revisar
SMP-006499,ESPECIFICAÇÃO EM REVISÃO,B,True,revisar
SMP-009436,EM ANÁLISE,B,False,valido_automatico
SMP-005327,ESPECIFICAÇÃO EM REVISÃO,A,True,revisar
SMP-006423,AGUARDANDO REINSPEÇÃO,B,True,revisar
SMP-000433,AJUSTE REPROVADO,A,True,recusar_automatico
SMP-009406,AJUSTE CONCLUIDO,B,True,valido_automatico
SMP-010243,APROVADO PARCIAL,B,False,valido_automatico
SMP-010804,APROVADO PARCIAL,C,True,valido_automatico
SMP-007975,ESPECIFICAÇÃO EM REVISÃO,C,True,revisar
SMP-001272,CANCELADO,A,True,recusar_automatico
SMP-002243,AJUSTE REPROVADO,B,True,recusar_automatico
SMP-009842,AGUARDANDO REINSPEÇÃO,B,False,valido_automatico
SMP-002966,FORA DE ESPECIFICACAO,C,False,recusar_automatico
SMP-003489,REINSPECAO REPROVADA,C,False,recusar_automatico
SMP-009348,AJUSTE CONCLUIDO,B,True,valido_automatico
SMP-004672,ESPECIFICAÇÃO EM REVISÃO,A,True,revisar
SMP-008387,EM ANÁLISE,A,True,valido_automatico
SMP-008841,PENDENTE,A,False,valido_automatico
SMP-009374,AJUSTE CONCLUIDO,B,True,valido_automatico
SMP-007237,PENDENTE,C,False,revisar
SMP-002522,FORA DE ESPECIFICACAO,B,False,recusar_automatico
SMP-001925,PENDENTE,B,True,recusar_automatico
SMP-002442,FORA DE ESPECIFICACAO,B,True,recusar_automatico
SMP-007025,ESPECIFICAÇÃO EM REVISÃO,C,True,revisar
SMP-005249,EM ANALISE,A,True,revisar
SMP-009115,AJUSTE CONCLUIDO,A,True,valido_automatico
SMP-004740,ESPECIFICAÇÃO EM REVISÃO,A,True,revisar
SMP-009705,ESPECIFICAÇÃO EM REVISÃO,B,True,valido_automatico
SMP-001833,AJUSTE REPROVADO,B,True,recusar_automatico
SMP-010370,AJUSTE CONCLUIDO,B,True,valido_automatico
SMP-005979,EM ANALISE,B,False,revisar
SMP-011644,EM ANÁLISE,C,True,valido_automatico
SMP-011285,APROVADO PARCIAL,C,False,valido_automatico
SMP-001163,CANCELADO,A,True,recusar_automatico
SMP-008446,EM AJUSTE,A,False,valido_automatico
SMP-004017,EM ANALISE,A,False,revisar
SMP-008452,EM AJUSTE,A,False,valido_automatico
SMP-003444,CANCELADO,C,True,recusar_automatico
SMP-007499,AJUSTE REPROVADO,C,False,revisar
SMP-002020,REINSPECAO REPROVADA,B,False,recusar_automatico
SMP-011693,EM AJUSTE,C,False,valido_automatico
SMP-004322,ESPECIFICAÇÃO EM REVISÃO,A,False,revisar
SMP-009908,APROVADO PARCIAL,B,True,valido_automatico
SMP-011117,APROVADO PARCIAL,C,False,valido_automatico
SMP-001229,REINSPECAO REPROVADA,A,True,recusar_automatico
SMP-009762,AJUSTE CONCLUIDO,B,True,valido_automatico
SMP-001797,AJUSTE REPROVADO,B,True,recusar_automatico
SMP-003785,AJUSTE REPROVADO,C,True,recusar_automatico
SMP-011808,AJUSTE CONCLUIDO,C,False,valido_automatico
SMP-005525,EM ANALISE,B,True,revisar
SMP-002080,REINSPECAO REPROVADA,B,True,recusar_automatico
SMP-006484,PENDENTE,B,True,revisar
SMP-000319,REINSPECAO REPROVADA,A,True,recusar_automatico
SMP-005024,ESPECIFICAÇÃO EM REVISÃO,A,True,revisar
SMP-004619,AJUSTE REPROVADO,A,False,revisar
SMP-001363,AJUSTE REPROVADO,B,False,recusar_automatico
SMP-008883,AJUSTE CONCLUIDO,A,False,valido_automatico
SMP-006983,AGUARDANDO REINSPEÇÃO,C,True,revisar
SMP-004899,REINSPECAO REPROVADA,A,False,revisar
SMP-005912,EM ANALISE,B,True,revisar
SMP-005700,PENDENTE,B,True,revisar
SMP-010504,AJUSTE CONCLUIDO,B,True,valido_automatico
SMP-010851,AJUSTE CONCLUIDO,C,True,valido_automatico
SMP-005307,EM AJUSTE,A,False,revisar
SMP-005771,ESPECIFICAÇÃO EM REVISÃO,B,True,revisar
SMP-003316,CANCELADO,C,True,recusar_automatico
SMP-003869,CANCELADO,C,True,recusar_automatico
SMP-011310,APROVADO PARCIAL,C,True,valido_automatico
SMP-007270,EM ANALISE,C,False,revisar
SMP-008689,AJUSTE CONCLUIDO,A,False,valido_automatico
SMP-009073,AJUSTE CONCLUIDO,A,True,valido_automatico
SMP-009790,EM AJUSTE,B,True,valido_automatico
SMP-003640,FORA DE ESPECIFICACAO,C,True,recusar_automatico
SMP-007386,EM ANALISE,C,True,revisar
SMP-000558,ESPECIFICAÇÃO EM REVISÃO,A,True,recusar_automatico
SMP-007144,AJUSTE CONCLUIDO,C,False,revisar
SMP-002091,AJUSTE REPROVADO,B,True,recusar_automatico
SMP-000125,CANCELADO,A,False,recusar_automatico
SMP-007217,PENDENTE,C,True,revisar
SMP-008528,AJUSTE CONCLUIDO,A,True,valido_automatico
SMP-003345,EM AJUSTE,C,True,recusar_automatico
SMP-001154,FORA DE ESPECIFICACAO,A,True,recusar_automatico
SMP-008708,APROVADO PARCIAL,A,False,valido_automatico
SMP-010288,EM AJUSTE,B,False,valido_automatico
SMP-004863,EM ANALISE,A,False,revisar
SMP-011658,AJUSTE CONCLUIDO,C,False,valido_automatico
SMP-002716,AJUSTE REPROVADO,C,True,recusar_automatico
SMP-006769,AGUARDANDO REINSPEÇÃO,C,True,revisar
SMP-003735,FORA DE ESPECIFICACAO,C,False,recusar_automatico
SMP-001858,PENDENTE,B,False,recusar_automatico
SMP-002056,FORA DE ESPECIFICACAO,B,False,recusar_automatico
SMP-001073,EM ANALISE,A,True,recusar_automatico
SMP-007589,PENDENTE,C,True,revisar
SMP-010319,AJUSTE CONCLUIDO,B,True,valido_automatico
SMP-003276,REINSPECAO REPROVADA,C,False,recusar_automatico
SMP-005163,EM ANALISE,A,False,revisar
SMP-002356,REINSPECAO REPROVADA,B,True,recusar_automatico
SMP-000508,REINSPECAO REPROVADA,A,True,recusar_automatico
SMP-011731,ESPECIFICAÇÃO EM REVISÃO,C,False,valido_automatico
SMP-003044,CANCELADO,C,True,recusar_automatico
SMP-005158,AGUARDANDO REINSPEÇÃO,A,False,revisar
SMP-011247,AJUSTE CONCLUIDO,C,False,valido_automatico
SMP-007579,AJUSTE REPROVADO,C,True,revisar
SMP-001387,CANCELADO,B,True,recusar_automatico
SMP-006741,ESPECIFICAÇÃO EM REVISÃO,C,False,revisar
SMP-000325,AJUSTE REPROVADO,A,False,recusar_automatico
SMP-011363,AJUSTE CONCLUIDO,C,True,valido_automatico
SMP-007906,PENDENTE,C,False,revisar
SMP-002980,FORA DE ESPECIFICACAO,C,False,recusar_automatico
SMP-001716,CANCELADO,B,True,recusar_automatico
SMP-009867,EM AJUSTE,B,False,valido_automatico
SMP-002649,CANCELADO,B,False,recusar_automatico
SMP-008657,APROVADO PARCIAL,A,False,valido_automatico
SMP-003705,CANCELADO,C,False,recusar_automatico
SMP-009950,EM ANÁLISE,B,True,valido_automatico
SMP-009411,EM ANÁLISE,B,False,valido_automatico
SMP-002067,CANCELADO,B,False,recusar_automatico
SMP-000404,FORA DE ESPECIFICACAO,A,False,recusar_automatico
SMP-010725,EM ANÁLISE,C,True,valido_automatico
SMP-002946,AJUSTE REPROVADO,C,True,recusar_automatico
SMP-005263,AGUARDANDO REINSPEÇÃO,A,False,revisar
SMP-001125,REINSPECAO REPROVADA,A,True,recusar_automatico
SMP-008558,APROVADO PARCIAL,A,False,valido_automatico
SMP-000566,REINSPECAO REPROVADA,A,True,recusar_automatico
SMP-010253,AJUSTE CONCLUIDO,B,True,valido_automatico
SMP-006843,ESPECIFICAÇÃO EM REVISÃO,C,False,revisar
SMP-005137,PENDENTE,A,False,revisar
SMP-006759,AJUSTE CONCLUIDO,C,True,revisar
SMP-008341,EM AJUSTE,A,True,valido_automatico
SMP-004495,EM ANALISE,A,True,revisar
SMP-000347,AJUSTE REPROVADO,A,True,recusar_automatico
SMP-010520,EM AJUSTE,B,True,valido_automatico
SMP-000430,FORA DE ESPECIFICACAO,A,True,recusar_automatico
SMP-004606,AGUARDANDO REINSPEÇÃO,A,False,revisar
SMP-000970,FORA DE ESPECIFICACAO,A,True,recusar_automatico
SMP-001342,REINSPECAO REPROVADA,B,True,recusar_automatico
SMP-002614,AJUSTE REPROVADO,B,False,recusar_automatico
SMP-003988,AGUARDANDO REINSPEÇÃO,C,True,recusar_automatico
SMP-003964,REINSPECAO REPROVADA,C,False,recusar_automatico
SMP-005325,EM ANALISE,A,True,revisar
SMP-002153,REINSPECAO REPROVADA,B,False,recusar_automatico
SMP-010752,APROVADO PARCIAL,C,False,valido_automatico
SMP-008131,EM AJUSTE,A,True,valido_automatico
SMP-003003,REINSPECAO REPROVADA,C,True,recusar_automatico
SMP-010633,APROVADO PARCIAL,B,False,valido_automatico
SMP-007831,AGUARDANDO REINSPEÇÃO,C,False,revisar
SMP-011678,PENDENTE,C,False,valido_automatico
SMP-009240,AJUSTE CONCLUIDO,A,True,valido_automatico
SMP-005192,AGUARDANDO REINSPEÇÃO,A,True,revisar
SMP-006157,APROVADO PARCIAL,B,True,revisar
SMP-006802,ESPECIFICAÇÃO EM REVISÃO,C,True,revisar
SMP-005793,ESPECIFICAÇÃO EM REVISÃO,B,False,revisar
SMP-004767,ESPECIFICAÇÃO EM REVISÃO,A,True,revisar
SMP-007323,REINSPECAO REPROVADA,C,True,revisar
SMP-011198,APROVADO PARCIAL,C,False,valido_automatico
SMP-000230,CANCELADO,A,False,recusar_automatico
SMP-000973,EM AJUSTE,A,True,recusar_automatico
SMP-010514,EM ANÁLISE,B,False,valido_automatico
SMP-003131,REINSPECAO REPROVADA,C,False,recusar_automatico
SMP-009420,APROVADO PARCIAL,B,True,valido_automatico
SMP-002165,REINSPECAO REPROVADA,B,False,recusar_automatico
SMP-001233,REINSPECAO REPROVADA,A,False,recusar_automatico
SMP-009441,APROVADO PARCIAL,B,False,valido_automatico
SMP-006016,ESPECIFICAÇÃO EM REVISÃO,B,False,revisar
SMP-005055,CANCELADO,A,False,revisar
SMP-008574,APROVADO PARCIAL,A,False,valido_automatico
SMP-007701,ESPECIFICAÇÃO EM REVISÃO,C,False,revisar
SMP-000574,AJUSTE REPROVADO,A,True,recusar_automatico
SMP-005178,ESPECIFICAÇÃO EM REVISÃO,A,True,revisar
SMP-002721,FORA DE ESPECIFICACAO,C,False,recusar_automatico
SMP-004733,AGUARDANDO REINSPEÇÃO,A,False,revisar
SMP-004078,EM ANALISE,A,True,revisar
SMP-005981,PENDENTE,B,True,revisar
SMP-007511,AGUARDANDO REINSPEÇÃO,C,True,revisar
SMP-000091,CANCELADO,A,True,recusar_automatico
SMP-000018,AGUARDANDO REINSPEÇÃO,A,True,recusar_automatico
SMP-004260,PENDENTE,A,True,revisar
SMP-002288,FORA DE ESPECIFICACAO,B,False,recusar_automatico
SMP-010768,EM ANÁLISE,C,False,valido_automatico
SMP-003005,REINSPECAO REPROVADA,C,True,recusar_automatico
SMP-009899,APROVADO PARCIAL,B,False,valido_automatico
SMP-010283,AJUSTE CONCLUIDO,B,False,valido_automatico
SMP-004470,EM AJUSTE,A,False,revisar
SMP-004908,CANCELADO,A,True,revisar
SMP-007943,ESPECIFICAÇÃO EM REVISÃO,C,False,revisar
SMP-007357,EM AJUSTE,C,True,revisar
SMP-004894,ESPECIFICAÇÃO EM REVISÃO,A,True,revisar
SMP-006616,AGUARDANDO REINSPEÇÃO,B,True,revisar
SMP-007333,PENDENTE,C,True,revisar
SMP-009913,AJUSTE CONCLUIDO,B,False,valido_automatico
SMP-000738,FORA DE ESPECIFICACAO,A,False,recusar_automatico
SMP-007107,PENDENTE,C,False,revisar
SMP-009567,AJUSTE CONCLUIDO,B,False,valido_automatico
SMP-003919,AJUSTE REPROVADO,C,False,recusar_automatico
SMP-009657,APROVADO PARCIAL,B,True,valido_automatico
SMP-008825,APROVADO PARCIAL,A,False,valido_automatico
SMP-010286,AJUSTE CONCLUIDO,B,False,valido_automatico
SMP-002447,REINSPECAO REPROVADA,B,True,recusar_automatico
SMP-007799,AGUARDANDO REINSPEÇÃO,C,True,revisar
SMP-007923,EM ANALISE,C,True,revisar
SMP-002876,REINSPECAO REPROVADA,C,False,recusar_automatico
SMP-011493,APROVADO PARCIAL,C,False,valido_automatico
SMP-004756,AJUSTE CONCLUIDO,A,True,revisar
SMP-011172,APROVADO PARCIAL,C,False,valido_automatico
SMP-011122,APROVADO PARCIAL,C,False,valido_automatico
SMP-004129,AGUARDANDO REINSPEÇÃO,A,True,revisar
SMP-001008,AGUARDANDO REINSPEÇÃO,A,True,recusar_automatico
SMP-000677,ESPECIFICAÇÃO EM REVISÃO,A,False,recusar_automatico
SMP-003154,FORA DE ESPECIFICACAO,C,True,recusar_automatico
SMP-011374,AJUSTE CONCLUIDO,C,True,valido_automatico
SMP-008604,APROVADO PARCIAL,A,True,valido_automatico
SMP-007572,PENDENTE,C,True,revisar
SMP-003311,CANCELADO,C,True,recusar_automatico
SMP-003592,REINSPECAO REPROVADA,C,False,recusar_automatico
SMP-004278,PENDENTE,A,True,revisar
SMP-007672,EM ANALISE,C,False,revisar
SMP-002450,CANCELADO,B,False,recusar_automatico
SMP-005691,PENDENTE,B,False,revisar
SMP-003382,REINSPECAO REPROVADA,C,True,recusar_automatico
SMP-007286,EM AJUSTE,C,False,revisar
SMP-005551,PENDENTE,B,False,revisar
SMP-003610,AGUARDANDO REINSPEÇÃO,C,False,recusar_automatico
SMP-010497,AJUSTE CONCLUIDO,B,False,valido_automatico
SMP-011646,EM ANÁLISE,C,True,valido_automatico
SMP-005946,PENDENTE,B,True,revisar
SMP-000222,REINSPECAO REPROVADA,A,False,recusar_automatico
SMP-002560,CANCELADO,B,True,recusar_automatico
SMP-003051,AJUSTE REPROVADO,C,True,recusar_automatico
SMP-005219,ESPECIFICAÇÃO EM REVISÃO,A,False,revisar
SMP-000633,AJUSTE REPROVADO,A,True,recusar_automatico
SMP-010343,AJUSTE CONCLUIDO,B,False,valido_automatico
SMP-010250,EM AJUSTE,B,False,valido_automatico
SMP-001785,REINSPECAO REPROVADA,B,True,recusar_automatico
SMP-004501,REINSPECAO REPROVADA,A,True,revisar
SMP-010075,AJUSTE CONCLUIDO,B,True,valido_automatico
SMP-010691,APROVADO PARCIAL,C,False,valido_automatico
SMP-005813,APROVADO PARCIAL,B,False,revisar
SMP-007359,PENDENTE,C,False,revisar
SMP-007080,AJUSTE REPROVADO,C,True,revisar
SMP-000819,AJUSTE REPROVADO,A,True,recusar_automatico
SMP-011325,APROVADO PARCIAL,C,True,valido_automatico
SMP-010740,PENDENTE,C,True,valido_automatico
SMP-008079,APROVADO PARCIAL,A,False,valido_automatico
SMP-004407,EM ANALISE,A,True,revisar
SMP-009229,APROVADO PARCIAL,A,False,valido_automatico
SMP-009660,AJUSTE CONCLUIDO,B,True,valido_automatico
SMP-009123,AJUSTE CONCLUIDO,A,False,valido_automatico
SMP-002257,CANCELADO,B,True,recusar_automatico
SMP-009222,EM AJUSTE,A,False,valido_automatico
SMP-004630,ESPECIFICAÇÃO EM REVISÃO,A,True,revisar
SMP-005929,AGUARDANDO REINSPEÇÃO,B,True,revisar
SMP-003955,REINSPECAO REPROVADA,C,False,recusar_automatico
SMP-002059,FORA DE ESPECIFICACAO,B,True,recusar_automatico
SMP-002557,AJUSTE REPROVADO,B,True,recusar_automatico
SMP-006102,AGUARDANDO REINSPEÇÃO,B,True,revisar
SMP-004360,EM ANALISE,A,False,revisar
SMP-002018,CANCELADO,B,False,recusar_automatico
SMP-001754,FORA DE ESPECIFICACAO,B,False,recusar_automatico
SMP-004256,EM ANALISE,A,True,revisar
SMP-001007,REINSPECAO REPROVADA,A,False,recusar_automatico
SMP-001050,AJUSTE REPROVADO,A,False,recusar_automatico
SMP-003768,CANCELADO,C,False,recusar_automatico
SMP-011108,EM ANÁLISE,C,False,valido_automatico
SMP-008746,EM AJUSTE,A,True,valido_automatico
SMP-011786,AJUSTE CONCLUIDO,C,True,valido_automatico
SMP-003132,AJUSTE REPROVADO,C,False,recusar_automatico
SMP-008174,APROVADO PARCIAL,A,True,valido_automatico
SMP-000483,CANCELADO,A,False,recusar_automatico
SMP-007983,PENDENTE,C,True,revisar
SMP-006054,EM ANALISE,B,True,revisar
SMP-004629,PENDENTE,A,True,revisar
SMP-011125,APROVADO PARCIAL,C,False,valido_automatico
SMP-006477,EM ANALISE,B,False,revisar
SMP-011606,APROVADO PARCIAL,C,False,valido_automatico
SMP-001963,AJUSTE REPROVADO,B,True,recusar_automatico
SMP-011532,APROVADO PARCIAL,C,True,valido_automatico
SMP-005840,ESPECIFICAÇÃO EM REVISÃO,B,False,revisar
SMP-008819,AJUSTE CONCLUIDO,A,True,valido_automatico
SMP-010891,APROVADO PARCIAL,C,False,valido_automatico
SMP-004368,PENDENTE,A,True,revisar
SMP-002779,AJUSTE REPROVADO,C,True,recusar_automatico
SMP-005544,AGUARDANDO REINSPEÇÃO,B,False,revisar
SMP-007336,EM ANALISE,C,False,revisar
SMP-008047,PENDENTE,A,True,valido_automatico
SMP-004806,ESPECIFICAÇÃO EM REVISÃO,A,True,revisar
SMP-011287,ESPECIFICAÇÃO EM REVISÃO,C,True,valido_automatico
SMP-008035,AJUSTE CONCLUIDO,A,True,valido_automatico
SMP-009079,AJUSTE CONCLUIDO,A,False,valido_automatico
SMP-010369,AJUSTE CONCLUIDO,B,True,valido_automatico
SMP-011342,APROVADO PARCIAL,C,False,valido_automatico
SMP-001042,FORA DE ESPECIFICACAO,A,True,recusar_automatico
SMP-009327,APROVADO PARCIAL,A,False,valido_automatico
SMP-009820,EM ANÁLISE,B,False,valido_automatico
SMP-000804,CANCELADO,A,False,recusar_automatico
SMP-009650,APROVADO PARCIAL,B,True,valido_automatico
SMP-010519,EM AJUSTE,B,True,valido_automatico
SMP-003909,CANCELADO,C,True,recusar_automatico
SMP-003805,CANCELADO,C,False,recusar_automatico
SMP-011505,EM AJUSTE,C,True,valido_automatico
SMP-002644,REINSPECAO REPROVADA,B,True,recusar_automatico
SMP-002789,AJUSTE REPROVADO,C,True,recusar_automatico
SMP-007001,AGUARDANDO REINSPEÇÃO,C,False,revisar
SMP-009247,EM ANÁLISE,A,True,valido_automatico
SMP-007584,ESPECIFICAÇÃO EM REVISÃO,C,False,revisar
SMP-008067,EM AJUSTE,A,False,valido_automatico
SMP-000147,FORA DE ESPECIFICACAO,A,False,recusar_automatico
SMP-002032,EM AJUSTE,B,False,recusar_automatico
SMP-007165,AJUSTE REPROVADO,C,False,revisar
SMP-004826,EM ANALISE,A,True,revisar
SMP-008957,AJUSTE CONCLUIDO,A,False,valido_automatico
SMP-007694,CANCELADO,C,True,revisar
SMP-004906,ESPECIFICAÇÃO EM REVISÃO,A,True,revisar
SMP-011695,AJUSTE CONCLUIDO,C,True,valido_automatico
SMP-002990,REINSPECAO REPROVADA,C,True,recusar_automatico
SMP-001657,AJUSTE REPROVADO,B,True,recusar_automatico
SMP-010396,AJUSTE CONCLUIDO,B,True,valido_automatico
SMP-003032,FORA DE ESPECIFICACAO,C,True,recusar_automatico
SMP-010915,AJUSTE CONCLUIDO,C,True,valido_automatico
SMP-008652,ESPECIFICAÇÃO EM REVISÃO,A,False,valido_automatico
SMP-009086,APROVADO PARCIAL,A,False,valido_automatico
SMP-011654,PENDENTE,C,True,valido_automatico
SMP-009586,AJUSTE CONCLUIDO,B,True,valido_automatico
SMP-005320,CANCELADO,A,True,revisar
SMP-009422,EM AJUSTE,B,False,valido_automatico
SMP-010004,APROVADO PARCIAL,B,True,valido_automatico
SMP-005717,AJUSTE REPROVADO,B,True,revisar
SMP-011563,EM ANÁLISE,C,False,valido_automatico
SMP-010395,APROVADO PARCIAL,B,False,valido_automatico
SMP-002041,AGUARDANDO REINSPEÇÃO,B,True,recusar_automatico
SMP-001018,AJUSTE REPROVADO,A,True,recusar_automatico
SMP-010791,AJUSTE CONCLUIDO,C,False,valido_automatico
SMP-002867,FORA DE ESPECIFICACAO,C,False,recusar_automatico
SMP-006303,EM ANALISE,B,False,revisar
SMP-005737,AGUARDANDO REINSPEÇÃO,B,False,revisar
SMP-006945,APROVADO PARCIAL,C,False,revisar
SMP-003621,AJUSTE REPROVADO,C,True,recusar_automatico
SMP-011793,APROVADO PARCIAL,C,True,valido_automatico
SMP-002641,REINSPECAO REPROVADA,B,False,recusar_automatico
SMP-002451,PENDENTE,B,True,recusar_automatico
SMP-004327,PENDENTE,A,True,revisar
SMP-007403,ESPECIFICAÇÃO EM REVISÃO,C,True,revisar
SMP-007251,EM ANALISE,C,True,revisar
SMP-008908,APROVADO PARCIAL,A,False,valido_automatico
SMP-008867,APROVADO PARCIAL,A,True,valido_automatico
SMP-000522,REINSPECAO REPROVADA,A,True,recusar_automatico
SMP-005302,AJUSTE CONCLUIDO,A,True,revisar
SMP-003582,CANCELADO,C,False,recusar_automatico
SMP-004065,EM AJUSTE,A,True,revisar
SMP-004181,PENDENTE,A,False,revisar
SMP-008394,APROVADO PARCIAL,A,True,valido_automatico
SMP-003996,AJUSTE REPROVADO,C,True,recusar_automatico
SMP-011078,APROVADO PARCIAL,C,True,valido_automatico
SMP-009326,APROVADO PARCIAL,A,True,valido_automatico
SMP-008323,APROVADO PARCIAL,A,False,valido_automatico
SMP-005950,AGUARDANDO REINSPEÇÃO,B,True,revisar
SMP-011923,AJUSTE CONCLUIDO,C,True,valido_automatico
SMP-008566,AJUSTE CONCLUIDO,A,True,valido_automatico
SMP-008864,AJUSTE REPROVADO,A,False,valido_automatico
SMP-007742,AGUARDANDO REINSPEÇÃO,C,False,revisar
SMP-005269,PENDENTE,A,False,revisar
SMP-011855,AJUSTE CONCLUIDO,C,False,valido_automatico
SMP-011453,APROVADO PARCIAL,C,True,valido_automatico
SMP-006851,ESPECIFICAÇÃO EM REVISÃO,C,False,revisar
SMP-002979,CANCELADO,C,False,recusar_automatico
SMP-006658,PENDENTE,B,False,revisar
SMP-006242,EM AJUSTE,B,True,revisar
SMP-008903,EM AJUSTE,A,True,valido_automatico
SMP-004417,REINSPECAO REPROVADA,A,False,revisar
SMP-003653,CANCELADO,C,True,recusar_automatico
SMP-003340,FORA DE ESPECIFICACAO,C,False,recusar_automatico
SMP-004455,ESPECIFICAÇÃO EM REVISÃO,A,True,revisar
SMP-003690,AJUSTE REPROVADO,C,True,recusar_automatico
SMP-007533,PENDENTE,C,False,revisar
SMP-011466,APROVADO PARCIAL,C,True,valido_automatico
SMP-007071,PENDENTE,C,True,revisar
SMP-011564,AJUSTE CONCLUIDO,C,False,valido_automatico
SMP-002811,AJUSTE REPROVADO,C,True,recusar_automatico
SMP-008553,APROVADO PARCIAL,A,True,valido_automatico
SMP-011116,AJUSTE CONCLUIDO,C,True,valido_automatico
SMP-006371,PENDENTE,B,False,revisar
SMP-005861,PENDENTE,B,False,revisar
SMP-009549,APROVADO PARCIAL,B,True,valido_automatico
SMP-005902,EM AJUSTE,B,True,revisar
SMP-010163,EM AJUSTE,B,True,valido_automatico
SMP-008684,APROVADO PARCIAL,A,True,valido_automatico
SMP-001938,REINSPECAO REPROVADA,B,True,recusar_automatico
SMP-004261,AGUARDANDO REINSPEÇÃO,A,True,revisar
SMP-004259,AGUARDANDO REINSPEÇÃO,A,True,revisar
SMP-008063,AJUSTE CONCLUIDO,A,False,valido_automatico
SMP-008717,EM AJUSTE,A,False,valido_automatico
SMP-001832,FORA DE ESPECIFICACAO,B,True,recusar_automatico
SMP-004541,PENDENTE,A,False,revisar
SMP-004456,ESPECIFICAÇÃO EM REVISÃO,A,True,revisar
SMP-008950,APROVADO PARCIAL,A,False,valido_automatico
SMP-010990,AJUSTE CONCLUIDO,C,True,valido_automatico
SMP-003095,REINSPECAO REPROVADA,C,False,recusar_automatico
SMP-005111,ESPECIFICAÇÃO EM REVISÃO,A,False,revisar
SMP-000089,CANCELADO,A,False,recusar_automatico
SMP-000967,REINSPECAO REPROVADA,A,True,recusar_automatico
SMP-008615,EM ANÁLISE,A,True,valido_automatico
SMP-002124,AGUARDANDO REINSPEÇÃO,B,True,recusar_automatico
SMP-011051,EM ANÁLISE,C,False,valido_automatico
SMP-009435,AJUSTE CONCLUIDO,B,True,valido_automatico
SMP-011094,EM AJUSTE,C,False,valido_automatico
SMP-007568,EM AJUSTE,C,True,revisar
SMP-011329,APROVADO PARCIAL,C,False,valido_automatico
SMP-008463,EM AJUSTE,A,False,valido_automatico
SMP-009499,APROVADO PARCIAL,B,False,valido_automatico
SMP-001075,REINSPECAO REPROVADA,A,True,recusar_automatico
SMP-011602,EM ANÁLISE,C,False,valido_automatico
SMP-011191,AJUSTE CONCLUIDO,C,False,valido_automatico
SMP-010727,APROVADO PARCIAL,C,False,valido_automatico
SMP-003372,AJUSTE REPROVADO,C,False,recusar_automatico
SMP-008874,AJUSTE CONCLUIDO,A,True,valido_automatico
SMP-006463,ESPECIFICAÇÃO EM REVISÃO,B,False,revisar
SMP-006367,PENDENTE,B,True,revisar
SMP-011450,APROVADO PARCIAL,C,False,valido_automatico
SMP-002185,CANCELADO,B,False,recusar_automatico
SMP-004075,AGUARDANDO REINSPEÇÃO,A,True,revisar
SMP-007881,PENDENTE,C,True,revisar
SMP-006860,ESPECIFICAÇÃO EM REVISÃO,C,True,revisar
SMP-010014,APROVADO PARCIAL,B,False,valido_automatico
SMP-011691,APROVADO PARCIAL,C,True,valido_automatico
SMP-005184,AGUARDANDO REINSPEÇÃO,A,False,revisar
SMP-005662,EM AJUSTE,B,False,revisar
SMP-004827,APROVADO PARCIAL,A,False,revisar
SMP-000219,AJUSTE REPROVADO,A,True,recusar_automatico
SMP-006170,AGUARDANDO REINSPEÇÃO,B,False,revisar
SMP-001162,REINSPECAO REPROVADA,A,False,recusar_automatico
SMP-002358,CANCELADO,B,True,recusar_automatico
SMP-010488,EM ANÁLISE,B,False,valido_automatico
SMP-010912,AJUSTE CONCLUIDO,C,True,valido_automatico
SMP-011277,APROVADO PARCIAL,C,False,valido_automatico
SMP-003194,CANCELADO,C,True,recusar_automatico
SMP-003256,FORA DE ESPECIFICACAO,C,False,recusar_automatico
SMP-000457,FORA DE ESPECIFICACAO,A,False,recusar_automatico
SMP-010239,AJUSTE CONCLUIDO,B,True,valido_automatico
SMP-006997,PENDENTE,C,False,revisar
SMP-011319,APROVADO PARCIAL,C,True,valido_automatico
SMP-008252,APROVADO PARCIAL,A,False,valido_automatico
SMP-010265,PENDENTE,B,False,valido_automatico
SMP-001990,CANCELADO,B,True,recusar_automatico
SMP-004239,EM ANALISE,A,False,revisar
SMP-011002,EM ANÁLISE,C,False,valido_automatico
SMP-007819,AGUARDANDO REINSPEÇÃO,C,False,revisar
SMP-000153,CANCELADO,A,True,recusar_automatico
SMP-003054,CANCELADO,C,False,recusar_automatico
SMP-003072,CANCELADO,C,True,recusar_automatico
SMP-011653,APROVADO PARCIAL,C,False,valido_automatico
SMP-009787,APROVADO PARCIAL,B,False,valido_automatico
SMP-007658,ESPECIFICAÇÃO EM REVISÃO,C,True,revisar
SMP-003911,EM AJUSTE,C,True,recusar_automatico
SMP-004624,EM AJUSTE,A,False,revisar
SMP-010630,AJUSTE CONCLUIDO,B,True,valido_automatico
SMP-005960,AGUARDANDO REINSPEÇÃO,B,True,revisar
SMP-006824,EM ANALISE,C,True,revisar
SMP-001194,AJUSTE REPROVADO,A,False,recusar_automatico
SMP-005093,ESPECIFICAÇÃO EM REVISÃO,A,False,revisar
SMP-009162,APROVADO PARCIAL,A,False,valido_automatico
SMP-001769,CANCELADO,B,True,recusar_automatico
SMP-004369,EM ANALISE,A,True,revisar
SMP-007518,EM AJUSTE,C,False,revisar
SMP-003306,FORA DE ESPECIFICACAO,C,True,recusar_automatico
SMP-011652,EM AJUSTE,C,False,valido_automatico
SMP-004306,CANCELADO,A,True,revisar
SMP-009875,AJUSTE CONCLUIDO,B,True,valido_automatico
SMP-003411,FORA DE ESPECIFICACAO,C,False,recusar_automatico
SMP-005411,AGUARDANDO REINSPEÇÃO,B,True,revisar
SMP-009963,APROVADO PARCIAL,B,True,valido_automatico
SMP-008595,APROVADO PARCIAL,A,True,valido_automatico
SMP-011261,APROVADO PARCIAL,C,False,valido_automatico
SMP-000424,ESPECIFICAÇÃO EM REVISÃO,A,False,recusar_automatico
SMP-009042,EM AJUSTE,A,True,valido_automatico
SMP-000121,REINSPECAO REPROVADA,A,True,recusar_automatico
SMP-005635,EM ANALISE,B,True,revisar
SMP-010971,AJUSTE CONCLUIDO,C,False,valido_automatico
SMP-011370,AJUSTE CONCLUIDO,C,True,valido_automatico
SMP-005300,EM ANALISE,A,True,revisar
SMP-007801,PENDENTE,C,True,revisar
SMP-003884,CANCELADO,C,True,recusar_automatico
SMP-004366,EM ANALISE,A,True,revisar
SMP-008458,EM ANÁLISE,A,False,valido_automatico
SMP-011454,APROVADO PARCIAL,C,False,valido_automatico
SMP-006494,PENDENTE,B,True,revisar
SMP-000227,FORA DE ESPECIFICACAO,A,False,recusar_automatico
SMP-000857,REINSPECAO REPROVADA,A,False,recusar_automatico
SMP-001879,REINSPECAO REPROVADA,B,True,recusar_automatico
SMP-010903,APROVADO PARCIAL,C,True,valido_automatico
SMP-010482,AJUSTE CONCLUIDO,B,True,valido_automatico
SMP-004413,ESPECIFICAÇÃO EM REVISÃO,A,False,revisar
SMP-006752,ESPECIFICAÇÃO EM REVISÃO,C,False,revisar
SMP-005785,PENDENTE,B,True,revisar
SMP-007029,APROVADO PARCIAL,C,False,revisar
SMP-010123,AGUARDANDO REINSPEÇÃO,B,True,valido_automatico
SMP-003033,AJUSTE REPROVADO,C,True,recusar_automatico
SMP-001241,FORA DE ESPECIFICACAO,A,False,recusar_automatico
SMP-006718,EM ANALISE,C,True,revisar
SMP-002462,REINSPECAO REPROVADA,B,True,recusar_automatico
SMP-011430,AJUSTE CONCLUIDO,C,True,valido_automatico
SMP-007671,EM AJUSTE,C,False,revisar
SMP-003558,AJUSTE REPROVADO,C,True,recusar_automatico
SMP-003641,CANCELADO,C,True,recusar_automatico
SMP-002956,CANCELADO,C,False,recusar_automatico
SMP-011586,EM AJUSTE,C,True,valido_automatico
SMP-009634,AJUSTE CONCLUIDO,B,False,valido_automatico
SMP-002378,FORA DE ESPECIFICACAO,B,False,recusar_automatico
SMP-007053,PENDENTE,C,False,revisar
SMP-005892,PENDENTE,B,False,revisar
SMP-002186,REINSPECAO REPROVADA,B,False,recusar_automatico
SMP-011672,AJUSTE CONCLUIDO,C,True,valido_automatico
SMP-000814,REINSPECAO REPROVADA,A,True,recusar_automatico
SMP-010366,AJUSTE CONCLUIDO,B,False,valido_automatico
SMP-002180,CANCELADO,B,True,recusar_automatico
SMP-008939,APROVADO PARCIAL,A,False,valido_automatico
SMP-006912,AGUARDANDO REINSPEÇÃO,C,False,revisar
SMP-003714,FORA DE ESPECIFICACAO,C,False,recusar_automatico
SMP-006378,ESPECIFICAÇÃO EM REVISÃO,B,False,revisar
SMP-011286,EM ANÁLISE,C,False,valido_automatico
SMP-000134,FORA DE ESPECIFICACAO,A,False,recusar_automatico
SMP-003814,AJUSTE REPROVADO,C,False,recusar_automatico
SMP-007014,AGUARDANDO REINSPEÇÃO,C,False,revisar
SMP-001432,REINSPECAO REPROVADA,B,False,recusar_automatico
SMP-006022,PENDENTE,B,False,revisar
SMP-006351,ESPECIFICAÇÃO EM REVISÃO,B,True,revisar
SMP-000111,CANCELADO,A,False,recusar_automatico
SMP-009678,AJUSTE CONCLUIDO,B,False,valido_automatico
SMP-008298,AJUSTE CONCLUIDO,A,False,valido_automatico
SMP-008122,AJUSTE CONCLUIDO,A,False,valido_automatico
SMP-007652,ESPECIFICAÇÃO EM REVISÃO,C,False,revisar
SMP-005046,ESPECIFICAÇÃO EM REVISÃO,A,False,revisar
SMP-010108,APROVADO PARCIAL,B,False,valido_automatico
SMP-001632,REINSPECAO REPROVADA,B,False,recusar_automatico
SMP-006393,EM ANALISE,B,True,revisar
SMP-002148,FORA DE ESPECIFICACAO,B,True,recusar_automatico
SMP-008436,EM AJUSTE,A,False,valido_automatico
SMP-004821,EM ANALISE,A,False,revisar
SMP-001118,CANCELADO,A,False,recusar_automatico
SMP-011049,AJUSTE CONCLUIDO,C,False,valido_automatico
SMP-009877,APROVADO PARCIAL,B,False,valido_automatico
SMP-006449,PENDENTE,B,True,revisar
SMP-009455,APROVADO PARCIAL,B,False,valido_automatico
SMP-007721,CANCELADO,C,False,revisar
SMP-005998,PENDENTE,B,True,revisar
SMP-003792,REINSPECAO REPROVADA,C,True,recusar_automatico
SMP-008913,AJUSTE CONCLUIDO,A,True,valido_automatico
SMP-000989,CANCELADO,A,False,recusar_automatico
SMP-006585,PENDENTE,B,False,revisar
SMP-010577,AJUSTE CONCLUIDO,B,False,valido_automatico
SMP-007006,CANCELADO,C,True,revisar
SMP-000532,CANCELADO,A,True,recusar_automatico
SMP-002616,AJUSTE REPROVADO,B,False,recusar_automatico
SMP-010184,APROVADO PARCIAL,B,True,valido_automatico
SMP-010515,APROVADO PARCIAL,B,True,valido_automatico
SMP-002654,CANCELADO,B,True,recusar_automatico
SMP-009201,AJUSTE CONCLUIDO,A,True,valido_automatico
SMP-007748,REINSPECAO REPROVADA,C,False,revisar
SMP-006347,PENDENTE,B,True,revisar
SMP-001127,CANCELADO,A,False,recusar_automatico
SMP-009512,AGUARDANDO REINSPEÇÃO,B,False,valido_automatico
SMP-005183,CANCELADO,A,False,revisar
SMP-002574,AGUARDANDO REINSPEÇÃO,B,True,recusar_automatico
SMP-007527,PENDENTE,C,True,revisar
SMP-009268,AJUSTE CONCLUIDO,A,True,valido_automatico
SMP-009261,PENDENTE,A,True,valido_automatico
SMP-004593,REINSPECAO REPROVADA,A,True,revisar
SMP-010426,AJUSTE CONCLUIDO,B,False,valido_automatico
SMP-001086,REINSPECAO REPROVADA,A,True,recusar_automatico
SMP-002593,AJUSTE REPROVADO,B,False,recusar_automatico
SMP-003631,CANCELADO,C,False,recusar_automatico
SMP-001063,REINSPECAO REPROVADA,A,False,recusar_automatico
SMP-011694,AJUSTE CONCLUIDO,C,True,valido_automatico
SMP-005198,EM ANALISE,A,True,revisar
SMP-007418,AGUARDANDO REINSPEÇÃO,C,True,revisar
SMP-003037,REINSPECAO REPROVADA,C,True,recusar_automatico
SMP-009168,APROVADO PARCIAL,A,True,valido_automatico
SMP-001821,EM AJUSTE,B,True,recusar_automatico
SMP-006903,PENDENTE,C,True,revisar
SMP-006508,PENDENTE,B,False,revisar
SMP-007582,ESPECIFICAÇÃO EM REVISÃO,C,True,revisar
SMP-001081,REINSPECAO REPROVADA,A,False,recusar_automatico
SMP-003338,AJUSTE REPROVADO,C,False,recusar_automatico
SMP-004081,PENDENTE,A,False,revisar
SMP-001437,REINSPECAO REPROVADA,B,True,recusar_automatico
SMP-010998,EM ANÁLISE,C,False,valido_automatico
SMP-001738,CANCELADO,B,True,recusar_automatico
SMP-009818,APROVADO PARCIAL,B,False,valido_automatico
SMP-007017,PENDENTE,C,True,revisar
SMP-011240,AJUSTE CONCLUIDO,C,True,valido_automatico
SMP-008837,APROVADO PARCIAL,A,False,valido_automatico
SMP-011107,EM AJUSTE,C,False,valido_automatico
SMP-004325,EM ANALISE,A,False,revisar
SMP-009776,EM ANÁLISE,B,False,valido_automatico
SMP-000690,CANCELADO,A,False,recusar_automatico
SMP-008793,APROVADO PARCIAL,A,False,valido_automatico
SMP-009107,APROVADO PARCIAL,A,True,valido_automatico
SMP-001113,CANCELADO,A,True,recusar_automatico
SMP-005277,ESPECIFICAÇÃO EM REVISÃO,A,False,revisar
SMP-003456,ESPECIFICAÇÃO EM REVISÃO,C,False,recusar_automatico
SMP-006136,EM ANALISE,B,True,revisar
SMP-009396,PENDENTE,B,False,valido_automatico
SMP-003555,REINSPECAO REPROVADA,C,True,recusar_automatico
SMP-005819,APROVADO PARCIAL,B,False,revisar
SMP-002422,FORA DE ESPECIFICACAO,B,False,recusar_automatico
SMP-010825,AJUSTE CONCLUIDO,C,False,valido_automatico
SMP-004069,PENDENTE,A,True,revisar
SMP-009970,APROVADO PARCIAL,B,False,valido_automatico
SMP-011603,EM AJUSTE,C,False,valido_automatico
SMP-011628,AJUSTE CONCLUIDO,C,True,valido_automatico
SMP-001943,EM AJUSTE,B,False,recusar_automatico
SMP-006152,EM AJUSTE,B,True,revisar
SMP-002759,FORA DE ESPECIFICACAO,C,False,recusar_automatico
SMP-001406,CANCELADO,B,False,recusar_automatico
SMP-011724,APROVADO PARCIAL,C,False,valido_automatico
SMP-006989,PENDENTE,C,False,revisar
SMP-000144,REINSPECAO REPROVADA,A,False,recusar_automatico
SMP-007880,AJUSTE CONCLUIDO,C,True,revisar
SMP-003090,AJUSTE REPROVADO,C,True,recusar_automatico
SMP-001721,FORA DE ESPECIFICACAO,B,False,recusar_automatico
SMP-002255,CANCELADO,B,False,recusar_automatico
SMP-011441,AJUSTE CONCLUIDO,C,True,valido_automatico
SMP-004713,PENDENTE,A,True,revisar
SMP-008081,APROVADO PARCIAL,A,True,valido_automatico
SMP-002818,AJUSTE REPROVADO,C,False,recusar_automatico
SMP-002261,REINSPECAO REPROVADA,B,False,recusar_automatico
SMP-007291,AGUARDANDO REINSPEÇÃO,C,True,revisar
SMP-010387,APROVADO PARCIAL,B,True,valido_automatico
SMP-004039,EM ANALISE,A,True,revisar
SMP-002081,REINSPECAO REPROVADA,B,False,recusar_automatico
SMP-004363,PENDENTE,A,True,revisar
SMP-010420,ESPECIFICAÇÃO EM REVISÃO,B,True,valido_automatico
SMP-000019,CANCELADO,A,False,recusar_automatico
SMP-009863,AJUSTE CONCLUIDO,B,False,valido_automatico
SMP-002991,REINSPECAO REPROVADA,C,False,recusar_automatico
SMP-008559,AJUSTE CONCLUIDO,A,True,valido_automatico
SMP-004586,ESPECIFICAÇÃO EM REVISÃO,A,False,revisar
SMP-003570,CANCELADO,C,False,recusar_automatico
SMP-011869,AJUSTE CONCLUIDO,C,True,valido_automatico
SMP-007971,AJUSTE CONCLUIDO,C,False,revisar
SMP-008584,APROVADO PARCIAL,A,True,valido_automatico
SMP-011621,PENDENTE,C,False,valido_automatico
SMP-008518,APROVADO PARCIAL,A,True,valido_automatico
SMP-002777,CANCELADO,C,True,recusar_automatico
SMP-010124,AJUSTE CONCLUIDO,B,True,valido_automatico
SMP-004506,EM ANALISE,A,False,revisar
SMP-004862,ESPECIFICAÇÃO EM REVISÃO,A,False,revisar
SMP-007155,AGUARDANDO REINSPEÇÃO,C,True,revisar
SMP-010220,APROVADO PARCIAL,B,False,valido_automatico
SMP-003807,AJUSTE REPROVADO,C,False,recusar_automatico
SMP-005365,EM AJUSTE,B,False,revisar
SMP-010431,APROVADO PARCIAL,B,False,valido_automatico
SMP-003147,AJUSTE REPROVADO,C,False,recusar_automatico
SMP-000643,REINSPECAO REPROVADA,A,False,recusar_automatico
SMP-007038,PENDENTE,C,False,revisar
SMP-002532,AJUSTE REPROVADO,B,False,recusar_automatico
SMP-011994,APROVADO PARCIAL,C,False,valido_automatico
SMP-010290,APROVADO PARCIAL,B,True,valido_automatico
SMP-011407,PENDENTE,C,True,valido_automatico
SMP-009500,APROVADO PARCIAL,B,False,valido_automatico
SMP-002645,FORA DE ESPECIFICACAO,B,True,recusar_automatico
SMP-008262,APROVADO PARCIAL,A,True,valido_automatico
SMP-009709,AJUSTE REPROVADO,B,True,valido_automatico
SMP-000425,FORA DE ESPECIFICACAO,A,False,recusar_automatico
SMP-001921,AJUSTE REPROVADO,B,False,recusar_automatico
SMP-002542,FORA DE ESPECIFICACAO,B,False,recusar_automatico
SMP-007057,APROVADO PARCIAL,C,True,revisar
SMP-009504,EM AJUSTE,B,True,valido_automatico
SMP-006509,PENDENTE,B,True,revisar
SMP-001798,FORA DE ESPECIFICACAO,B,False,recusar_automatico
SMP-003901,REINSPECAO REPROVADA,C,True,recusar_automatico
SMP-002325,CANCELADO,B,True,recusar_automatico
SMP-001585,CANCELADO,B,True,recusar_automatico
SMP-011055,AJUSTE CONCLUIDO,C,True,valido_automatico
SMP-006244,EM ANALISE,B,False,revisar
SMP-004056,AGUARDANDO REINSPEÇÃO,A,False,revisar
SMP-007853,PENDENTE,C,False,revisar
SMP-000711,CANCELADO,A,False,recusar_automatico
SMP-002764,REINSPECAO REPROVADA,C,False,recusar_automatico
SMP-007315,ESPECIFICAÇÃO EM REVISÃO,C,True,revisar
SMP-009555,APROVADO PARCIAL,B,False,valido_automatico
SMP-010849,EM ANÁLISE,C,True,valido_automatico
SMP-004361,PENDENTE,A,False,revisar
SMP-001877,REINSPECAO REPROVADA,B,True,recusar_automatico
SMP-000794,AJUSTE REPROVADO,A,False,recusar_automatico
SMP-003120,AJUSTE REPROVADO,C,False,recusar_automatico
SMP-010526,AJUSTE CONCLUIDO,B,False,valido_automatico
SMP-011471,EM AJUSTE,C,True,valido_automatico
SMP-010906,EM AJUSTE,C,False,valido_automatico
SMP-003482,FORA DE ESPECIFICACAO,C,True,recusar_automatico
SMP-008721,APROVADO PARCIAL,A,False,valido_automatico
SMP-006613,PENDENTE,B,False,revisar
SMP-006766,EM AJUSTE,C,False,revisar
SMP-010167,AJUSTE CONCLUIDO,B,True,valido_automatico
SMP-011276,APROVADO PARCIAL,C,True,valido_automatico
SMP-001852,ESPECIFICAÇÃO EM REVISÃO,B,True,recusar_automatico
SMP-011826,EM AJUSTE,C,True,valido_automatico
SMP-005999,PENDENTE,B,True,revisar
SMP-002730,REINSPECAO REPROVADA,C,True,recusar_automatico
SMP-004690,EM ANALISE,A,False,revisar
SMP-004127,EM ANALISE,A,False,revisar
SMP-005549,AGUARDANDO REINSPEÇÃO,B,True,revisar
SMP-006859,EM AJUSTE,C,False,revisar
SMP-007039,AGUARDANDO REINSPEÇÃO,C,False,revisar
SMP-011983,APROVADO PARCIAL,C,False,valido_automatico
SMP-004175,EM ANALISE,A,True,revisar
SMP-005940,EM ANALISE,B,False,revisar
SMP-004691,PENDENTE,A,False,revisar
SMP-006032,ESPECIFICAÇÃO EM REVISÃO,B,False,revisar
SMP-007350,EM ANALISE,C,False,revisar
SMP-009911,APROVADO PARCIAL,B,True,valido_automatico
SMP-010149,AJUSTE CONCLUIDO,B,True,valido_automatico
SMP-010249,APROVADO PARCIAL,B,False,valido_automatico
SMP-002470,CANCELADO,B,False,recusar_automatico
SMP-006949,EM ANALISE,C,True,revisar
SMP-010532,APROVADO PARCIAL,B,True,valido_automatico
SMP-002576,FORA DE ESPECIFICACAO,B,True,recusar_automatico
SMP-010456,AJUSTE CONCLUIDO,B,True,valido_automatico
SMP-007296,EM AJUSTE,C,True,revisar
SMP-002481,FORA DE ESPECIFICACAO,B,False,recusar_automatico
SMP-002884,AJUSTE REPROVADO,C,False,recusar_automatico
SMP-001886,CANCELADO,B,True,recusar_automatico
SMP-004746,AGUARDANDO REINSPEÇÃO,A,True,revisar
SMP-011135,AJUSTE CONCLUIDO,C,False,valido_automatico
SMP-005373,PENDENTE,B,False,revisar
SMP-011357,PENDENTE,C,True,valido_automatico
SMP-006999,EM ANALISE,C,False,revisar
SMP-011518,APROVADO PARCIAL,C,True,valido_automatico
SMP-004149,AGUARDANDO REINSPEÇÃO,A,False,revisar
SMP-004469,ESPECIFICAÇÃO EM REVISÃO,A,False,revisar
SMP-009610,APROVADO PARCIAL,B,True,valido_automatico
SMP-008244,APROVADO PARCIAL,A,False,valido_automatico
SMP-000053,REINSPECAO REPROVADA,A,True,recusar_automatico
SMP-002473,CANCELADO,B,True,recusar_automatico
SMP-002397,FORA DE ESPECIFICACAO,B,False,recusar_automatico
SMP-003550,REINSPECAO REPROVADA,C,True,recusar_automatico
SMP-007725,PENDENTE,C,False,revisar
SMP-006265,PENDENTE,B,True,revisar
SMP-004138,PENDENTE,A,True,revisar
SMP-006245,ESPECIFICAÇÃO EM REVISÃO,B,False,revisar
SMP-005257,ESPECIFICAÇÃO EM REVISÃO,A,True,revisar
SMP-010365,AJUSTE CONCLUIDO,B,True,valido_automatico
SMP-005638,EM ANALISE,B,False,revisar
SMP-008526,EM ANÁLISE,A,False,valido_automatico
SMP-007262,EM ANALISE,C,True,revisar
SMP-000752,AJUSTE REPROVADO,A,False,recusar_automatico
SMP-006513,APROVADO PARCIAL,B,True,revisar
SMP-009930,AJUSTE CONCLUIDO,B,True,valido_automatico
SMP-010568,AJUSTE REPROVADO,B,False,valido_automatico
SMP-006647,EM ANALISE,B,False,revisar
SMP-011348,AJUSTE CONCLUIDO,C,False,valido_automatico
SMP-001370,AJUSTE REPROVADO,B,False,recusar_automatico
SMP-004676,EM ANALISE,A,False,revisar
SMP-010578,AJUSTE CONCLUIDO,B,False,valido_automatico
SMP-009080,AJUSTE CONCLUIDO,A,True,valido_automatico
SMP-010472,APROVADO PARCIAL,B,True,valido_automatico
SMP-009814,EM ANÁLISE,B,False,valido_automatico
SMP-008935,APROVADO PARCIAL,A,False,valido_automatico
SMP-006636,PENDENTE,B,False,revisar
SMP-000113,FORA DE ESPECIFICACAO,A,True,recusar_automatico
SMP-011099,EM ANÁLISE,C,False,valido_automatico
SMP-004638,ESPECIFICAÇÃO EM REVISÃO,A,True,revisar
SMP-011927,AJUSTE CONCLUIDO,C,False,valido_automatico
SMP-010156,AJUSTE CONCLUIDO,B,True,valido_automatico
SMP-004777,EM ANALISE,A,True,revisar
SMP-003827,REINSPECAO REPROVADA,C,False,recusar_automatico
SMP-011156,AJUSTE CONCLUIDO,C,True,valido_automatico
SMP-006569,EM ANALISE,B,False,revisar
SMP-010295,AJUSTE CONCLUIDO,B,False,valido_automatico
SMP-000822,FORA DE ESPECIFICACAO,A,False,recusar_automatico
SMP-005353,EM ANALISE,B,True,revisar
SMP-004185,EM ANALISE,A,True,revisar
SMP-006771,CANCELADO,C,True,revisar
SMP-003223,FORA DE ESPECIFICACAO,C,True,recusar_automatico
SMP-003693,CANCELADO,C,False,recusar_automatico
SMP-005102,CANCELADO,A,False,revisar
SMP-008619,APROVADO PARCIAL,A,False,valido_automatico
SMP-004721,EM AJUSTE,A,True,revisar
SMP-011153,APROVADO PARCIAL,C,True,valido_automatico
SMP-010218,EM ANÁLISE,B,False,valido_automatico
SMP-006868,PENDENTE,C,True,revisar
SMP-006291,APROVADO PARCIAL,B,True,revisar
SMP-009980,EM AJUSTE,B,False,valido_automatico
SMP-004172,EM ANALISE,A,True,revisar
SMP-003173,CANCELADO,C,True,recusar_automatico
SMP-000902,EM AJUSTE,A,False,recusar_automatico
SMP-001418,CANCELADO,B,True,recusar_automatico
SMP-009453,APROVADO PARCIAL,B,True,valido_automatico
SMP-009732,APROVADO PARCIAL,B,False,valido_automatico
SMP-010070,EM AJUSTE,B,False,valido_automatico
SMP-007638,APROVADO PARCIAL,C,False,revisar
SMP-003940,AJUSTE REPROVADO,C,True,recusar_automatico
SMP-000366,PENDENTE,A,False,recusar_automatico
SMP-001265,FORA DE ESPECIFICACAO,A,False,recusar_automatico
SMP-009639,APROVADO PARCIAL,B,False,valido_automatico
SMP-003656,EM AJUSTE,C,True,recusar_automatico
SMP-006961,AGUARDANDO REINSPEÇÃO,C,False,revisar
SMP-011228,PENDENTE,C,True,valido_automatico
SMP-007152,AJUSTE REPROVADO,C,True,revisar
SMP-003229,CANCELADO,C,True,recusar_automatico
SMP-001479,FORA DE ESPECIFICACAO,B,False,recusar_automatico
SMP-000859,FORA DE ESPECIFICACAO,A,False,recusar_automatico
SMP-002327,REINSPECAO REPROVADA,B,True,recusar_automatico
SMP-001500,ESPECIFICAÇÃO EM REVISÃO,B,False,recusar_automatico
SMP-010546,APROVADO PARCIAL,B,True,valido_automatico
SMP-011420,PENDENTE,C,True,valido_automatico
SMP-009801,APROVADO PARCIAL,B,True,valido_automatico
SMP-002129,REINSPECAO REPROVADA,B,False,recusar_automatico
SMP-004494,ESPECIFICAÇÃO EM REVISÃO,A,False,revisar
SMP-006708,AGUARDANDO REINSPEÇÃO,C,True,revisar
SMP-009339,APROVADO PARCIAL,B,True,valido_automatico
SMP-002003,AJUSTE REPROVADO,B,False,recusar_automatico
SMP-000727,CANCELADO,A,True,recusar_automatico
SMP-011881,APROVADO PARCIAL,C,False,valido_automatico
SMP-004401,APROVADO PARCIAL,A,True,revisar
SMP-008322,AJUSTE CONCLUIDO,A,True,valido_automatico
SMP-001614,REINSPECAO REPROVADA,B,True,recusar_automatico
SMP-005962,EM ANALISE,B,False,revisar
SMP-008154,APROVADO PARCIAL,A,False,valido_automatico
SMP-010986,AJUSTE CONCLUIDO,C,False,valido_automatico
SMP-003126,AJUSTE REPROVADO,C,True,recusar_automatico
SMP-005883,PENDENTE,B,False,revisar
SMP-004484,PENDENTE,A,False,revisar
SMP-007233,AGUARDANDO REINSPEÇÃO,C,False,revisar
SMP-005982,EM ANALISE,B,False,revisar
SMP-002351,AJUSTE REPROVADO,B,True,recusar_automatico
SMP-008926,EM ANÁLISE,A,False,valido_automatico
SMP-001011,CANCELADO,A,False,recusar_automatico
SMP-003903,REINSPECAO REPROVADA,C,True,recusar_automatico
SMP-000301,CANCELADO,A,True,recusar_automatico
SMP-007397,AGUARDANDO REINSPEÇÃO,C,False,revisar
SMP-009714,AJUSTE CONCLUIDO,B,False,valido_automatico
SMP-006526,PENDENTE,B,True,revisar
SMP-008240,AJUSTE CONCLUIDO,A,False,valido_automatico
SMP-008702,PENDENTE,A,True,valido_automatico
SMP-006941,PENDENTE,C,False,revisar
SMP-004414,AGUARDANDO REINSPEÇÃO,A,False,revisar
SMP-011250,AJUSTE CONCLUIDO,C,True,valido_automatico
SMP-003360,FORA DE ESPECIFICACAO,C,True,recusar_automatico
SMP-003024,CANCELADO,C,True,recusar_automatico
SMP-009139,APROVADO PARCIAL,A,True,valido_automatico
SMP-008909,APROVADO PARCIAL,A,False,valido_automatico
SMP-002374,AJUSTE REPROVADO,B,True,recusar_automatico
SMP-005973,EM ANALISE,B,False,revisar
SMP-002977,CANCELADO,C,True,recusar_automatico
SMP-001683,FORA DE ESPECIFICACAO,B,False,recusar_automatico
SMP-006754,PENDENTE,C,False,revisar
SMP-000341,REINSPECAO REPROVADA,A,True,recusar_automatico
SMP-009381,APROVADO PARCIAL,B,False,valido_automatico
SMP-008953,APROVADO PARCIAL,A,False,valido_automatico
SMP-004503,EM ANALISE,A,True,revisar
SMP-010982,AJUSTE CONCLUIDO,C,True,valido_automatico
SMP-011138,AJUSTE CONCLUIDO,C,True,valido_automatico
SMP-003233,FORA DE ESPECIFICACAO,C,True,recusar_automatico
SMP-006478,ESPECIFICAÇÃO EM REVISÃO,B,True,revisar
SMP-009600,EM ANÁLISE,B,False,valido_automatico
SMP-007491,AGUARDANDO REINSPEÇÃO,C,True,revisar
SMP-011510,APROVADO PARCIAL,C,False,valido_automatico
SMP-005713,ESPECIFICAÇÃO EM REVISÃO,B,False,revisar
SMP-000078,AJUSTE REPROVADO,A,False,recusar_automatico
SMP-007967,ESPECIFICAÇÃO EM REVISÃO,C,True,revisar
SMP-003825,AJUSTE REPROVADO,C,False,recusar_automatico
SMP-006700,AGUARDANDO REINSPEÇÃO,C,True,revisar
SMP-000362,CANCELADO,A,True,recusar_automatico
SMP-002795,FORA DE ESPECIFICACAO,C,True,recusar_automatico
SMP-002283,REINSPECAO REPROVADA,B,True,recusar_automatico
SMP-004443,AGUARDANDO REINSPEÇÃO,A,True,revisar
SMP-004983,EM ANALISE,A,True,revisar
SMP-003070,REINSPECAO REPROVADA,C,False,recusar_automatico
SMP-001593,REINSPECAO REPROVADA,B,True,recusar_automatico
SMP-009638,AJUSTE CONCLUIDO,B,False,valido_automatico
SMP-007571,EM ANALISE,C,False,revisar
SMP-010111,APROVADO PARCIAL,B,True,valido_automatico
SMP-003539,REINSPECAO REPROVADA,C,False,recusar_automatico
SMP-011868,AJUSTE CONCLUIDO,C,True,valido_automatico
SMP-008521,AJUSTE CONCLUIDO,A,True,valido_automatico
SMP-001440,AJUSTE REPROVADO,B,False,recusar_automatico
SMP-010045,AJUSTE REPROVADO,B,False,valido_automatico
SMP-003270,CANCELADO,C,False,recusar_automatico
SMP-007828,ESPECIFICAÇÃO EM REVISÃO,C,True,revisar
SMP-002695,ESPECIFICAÇÃO EM REVISÃO,C,False,recusar_automatico
SMP-002134,CANCELADO,B,False,recusar_automatico
SMP-006229,AGUARDANDO REINSPEÇÃO,B,True,revisar
SMP-011745,APROVADO PARCIAL,C,False,valido_automatico
SMP-009141,AJUSTE CONCLUIDO,A,False,valido_automatico
SMP-009763,AJUSTE CONCLUIDO,B,True,valido_automatico
SMP-003954,CANCELADO,C,True,recusar_automatico
SMP-007378,PENDENTE,C,True,revisar
SMP-004389,PENDENTE,A,True,revisar
SMP-010698,EM ANÁLISE,C,True,valido_automatico
SMP-004836,ESPECIFICAÇÃO EM REVISÃO,A,True,revisar
SMP-000843,FORA DE ESPECIFICACAO,A,True,recusar_automatico
SMP-005949,EM ANALISE,B,True,revisar
SMP-007834,PENDENTE,C,False,revisar
SMP-009623,APROVADO PARCIAL,B,False,valido_automatico
SMP-008857,APROVADO PARCIAL,A,True,valido_automatico
SMP-008494,PENDENTE,A,True,valido_automatico
SMP-000388,REINSPECAO REPROVADA,A,True,recusar_automatico
SMP-007800,AGUARDANDO REINSPEÇÃO,C,True,revisar
SMP-003953,CANCELADO,C,True,recusar_automatico
SMP-002225,CANCELADO,B,False,recusar_automatico
SMP-001119,AJUSTE REPROVADO,A,True,recusar_automatico
SMP-009967,AJUSTE CONCLUIDO,B,False,valido_automatico
SMP-006098,EM ANALISE,B,True,revisar
SMP-004388,PENDENTE,A,True,revisar
SMP-008827,AJUSTE CONCLUIDO,A,True,valido_automatico
SMP-011782,EM AJUSTE,C,False,valido_automatico
SMP-008617,APROVADO PARCIAL,A,True,valido_automatico
SMP-007164,EM AJUSTE,C,True,revisar
SMP-005725,PENDENTE,B,True,revisar
SMP-008316,APROVADO PARCIAL,A,False,valido_automatico
SMP-009897,APROVADO PARCIAL,B,False,valido_automatico
SMP-001765,FORA DE ESPECIFICACAO,B,True,recusar_automatico
SMP-010571,AJUSTE CONCLUIDO,B,True,valido_automatico
SMP-005247,AJUSTE CONCLUIDO,A,False,revisar
SMP-002638,CANCELADO,B,True,recusar_automatico
SMP-008025,APROVADO PARCIAL,A,True,valido_automatico
SMP-009726,APROVADO PARCIAL,B,False,valido_automatico
SMP-011212,EM ANÁLISE,C,False,valido_automatico
SMP-004944,AJUSTE CONCLUIDO,A,False,revisar
SMP-000046,REINSPECAO REPROVADA,A,True,recusar_automatico
SMP-005761,AGUARDANDO REINSPEÇÃO,B,True,revisar
SMP-000810,FORA DE ESPECIFICACAO,A,True,recusar_automatico
SMP-006966,EM AJUSTE,C,True,revisar
SMP-005520,EM AJUSTE,B,True,revisar
SMP-009116,AJUSTE CONCLUIDO,A,False,valido_automatico
SMP-003744,AJUSTE REPROVADO,C,False,recusar_automatico
SMP-011106,EM ANÁLISE,C,True,valido_automatico
SMP-009329,AJUSTE CONCLUIDO,A,False,valido_automatico
SMP-009597,AJUSTE CONCLUIDO,B,True,valido_automatico
SMP-006493,PENDENTE,B,True,revisar
SMP-008509,EM ANÁLISE,A,False,valido_automatico
SMP-010635,PENDENTE,B,False,valido_automatico
SMP-007726,ESPECIFICAÇÃO EM REVISÃO,C,False,revisar
SMP-010962,AJUSTE CONCLUIDO,C,True,valido_automatico
SMP-007991,EM ANALISE,C,True,revisar
SMP-006188,EM ANALISE,B,True,revisar
SMP-006488,ESPECIFICAÇÃO EM REVISÃO,B,True,revisar
SMP-005780,AGUARDANDO REINSPEÇÃO,B,False,revisar
SMP-007051,AGUARDANDO REINSPEÇÃO,C,False,revisar
SMP-005068,PENDENTE,A,True,revisar
SMP-008805,AJUSTE CONCLUIDO,A,False,valido_automatico
SMP-003508,REINSPECAO REPROVADA,C,True,recusar_automatico
SMP-004880,EM AJUSTE,A,False,revisar
SMP-011822,PENDENTE,C,False,valido_automatico
SMP-009308,PENDENTE,A,True,valido_automatico
SMP-011858,AJUSTE CONCLUIDO,C,True,valido_automatico
SMP-008794,APROVADO PARCIAL,A,True,valido_automatico
SMP-007018,AGUARDANDO REINSPEÇÃO,C,False,revisar
SMP-004646,PENDENTE,A,False,revisar
SMP-011369,AJUSTE CONCLUIDO,C,True,valido_automatico
SMP-008890,APROVADO PARCIAL,A,True,valido_automatico
SMP-003226,AJUSTE REPROVADO,C,False,recusar_automatico
SMP-004425,ESPECIFICAÇÃO EM REVISÃO,A,False,revisar
SMP-007573,APROVADO PARCIAL,C,True,revisar
SMP-000493,AJUSTE REPROVADO,A,True,recusar_automatico
SMP-000634,AJUSTE REPROVADO,A,True,recusar_automatico
SMP-003492,FORA DE ESPECIFICACAO,C,True,recusar_automatico
SMP-002252,FORA DE ESPECIFICACAO,B,False,recusar_automatico
SMP-005800,ESPECIFICAÇÃO EM REVISÃO,B,False,revisar
SMP-000664,REINSPECAO REPROVADA,A,True,recusar_automatico
SMP-005045,PENDENTE,A,False,revisar
SMP-002938,CANCELADO,C,False,recusar_automatico
SMP-008411,AGUARDANDO REINSPEÇÃO,A,True,valido_automatico
SMP-001841,CANCELADO,B,False,recusar_automatico
SMP-002754,REINSPECAO REPROVADA,C,True,recusar_automatico
SMP-008367,APROVADO PARCIAL,A,True,valido_automatico
SMP-005786,EM ANALISE,B,False,revisar
SMP-004532,ESPECIFICAÇÃO EM REVISÃO,A,True,revisar
SMP-006292,EM ANALISE,B,False,revisar
SMP-010941,APROVADO PARCIAL,C,True,valido_automatico
SMP-006097,EM ANALISE,B,True,revisar
SMP-001684,REINSPECAO REPROVADA,B,True,recusar_automatico
SMP-001577,CANCELADO,B,True,recusar_automatico
SMP-001650,CANCELADO,B,False,recusar_automatico
SMP-011710,APROVADO PARCIAL,C,False,valido_automatico
SMP-009045,EM AJUSTE,A,False,valido_automatico
SMP-009069,EM AJUSTE,A,False,valido_automatico
SMP-008678,AJUSTE CONCLUIDO,A,False,valido_automatico
SMP-006890,EM ANALISE,C,False,revisar
SMP-010634,AJUSTE CONCLUIDO,B,False,valido_automatico
SMP-007363,EM ANALISE,C,False,revisar
SMP-008475,EM AJUSTE,A,False,valido_automatico
SMP-009408,EM AJUSTE,B,False,valido_automatico
SMP-001884,AJUSTE REPROVADO,B,False,recusar_automatico
SMP-006086,AGUARDANDO REINSPEÇÃO,B,False,revisar
SMP-003879,AJUSTE REPROVADO,C,True,recusar_automatico
SMP-003767,AJUSTE REPROVADO,C,True,recusar_automatico
SMP-004612,PENDENTE,A,True,revisar
SMP-005362,AGUARDANDO REINSPEÇÃO,B,False,revisar
SMP-000895,PENDENTE,A,False,recusar_automatico
SMP-002152,FORA DE ESPECIFICACAO,B,True,recusar_automatico
SMP-003596,FORA DE ESPECIFICACAO,C,False,recusar_automatico
SMP-008370,AJUSTE CONCLUIDO,A,True,valido_automatico
SMP-009957,AJUSTE CONCLUIDO,B,False,valido_automatico
SMP-002998,AJUSTE REPROVADO,C,True,recusar_automatico
SMP-001279,CANCELADO,A,False,recusar_automatico
SMP-009645,APROVADO PARCIAL,B,True,valido_automatico
SMP-007012,PENDENTE,C,False,revisar
SMP-008043,EM ANÁLISE,A,True,valido_automatico
SMP-007756,AGUARDANDO REINSPEÇÃO,C,True,revisar
SMP-001188,AJUSTE REPROVADO,A,True,recusar_automatico
SMP-010793,APROVADO PARCIAL,C,True,valido_automatico
SMP-011218,APROVADO PARCIAL,C,False,valido_automatico
SMP-010940,APROVADO PARCIAL,C,True,valido_automatico
SMP-000168,CANCELADO,A,True,recusar_automatico
SMP-007636,ESPECIFICAÇÃO EM REVISÃO,C,False,revisar
SMP-001082,REINSPECAO REPROVADA,A,False,recusar_automatico
SMP-010591,PENDENTE,B,True,valido_automatico
SMP-009353,AJUSTE CONCLUIDO,B,True,valido_automatico
SMP-003862,AJUSTE REPROVADO,C,True,recusar_automatico
SMP-006587,ESPECIFICAÇÃO EM REVISÃO,B,True,revisar
SMP-010642,APROVADO PARCIAL,B,True,valido_automatico
SMP-011906,EM AJUSTE,C,True,valido_automatico
SMP-000657,AJUSTE REPROVADO,A,True,recusar_automatico
SMP-000482,REINSPECAO REPROVADA,A,False,recusar_automatico
SMP-000879,FORA DE ESPECIFICACAO,A,False,recusar_automatico
SMP-000863,REINSPECAO REPROVADA,A,False,recusar_automatico
SMP-008121,AJUSTE CONCLUIDO,A,False,valido_automatico
SMP-003554,CANCELADO,C,True,recusar_automatico
SMP-006219,AJUSTE CONCLUIDO,B,True,revisar
SMP-010824,APROVADO PARCIAL,C,True,valido_automatico
SMP-004250,EM ANALISE,A,False,revisar
SMP-008849,AJUSTE CONCLUIDO,A,True,valido_automatico
SMP-003994,REINSPECAO REPROVADA,C,True,recusar_automatico
SMP-000900,REINSPECAO REPROVADA,A,False,recusar_automatico
SMP-008587,APROVADO PARCIAL,A,True,valido_automatico
SMP-009784,EM AJUSTE,B,False,valido_automatico
SMP-000891,REINSPECAO REPROVADA,A,True,recusar_automatico
SMP-001046,REINSPECAO REPROVADA,A,False,recusar_automatico
SMP-007676,PENDENTE,C,False,revisar
SMP-002045,REINSPECAO REPROVADA,B,True,recusar_automatico
SMP-000629,FORA DE ESPECIFICACAO,A,False,recusar_automatico
SMP-007407,EM AJUSTE,C,False,revisar
SMP-005967,PENDENTE,B,False,revisar
SMP-009871,APROVADO PARCIAL,B,True,valido_automatico
SMP-011375,APROVADO PARCIAL,C,True,valido_automatico
SMP-004493,PENDENTE,A,True,revisar
SMP-004359,AGUARDANDO REINSPEÇÃO,A,True,revisar
SMP-011137,ESPECIFICAÇÃO EM REVISÃO,C,True,valido_automatico
SMP-002911,FORA DE ESPECIFICACAO,C,True,recusar_automatico
SMP-006153,AGUARDANDO REINSPEÇÃO,B,False,revisar
SMP-001653,AJUSTE REPROVADO,B,True,recusar_automatico
SMP-007367,AGUARDANDO REINSPEÇÃO,C,False,revisar
SMP-001951,CANCELADO,B,False,recusar_automatico
SMP-011131,AGUARDANDO REINSPEÇÃO,C,False,valido_automatico
SMP-004971,EM ANALISE,A,False,revisar
SMP-002075,FORA DE ESPECIFICACAO,B,True,recusar_automatico
SMP-009828,AJUSTE CONCLUIDO,B,True,valido_automatico
SMP-006482,EM ANALISE,B,False,revisar
SMP-008248,EM AJUSTE,A,False,valido_automatico
SMP-005661,PENDENTE,B,True,revisar
SMP-004946,PENDENTE,A,True,revisar
SMP-005718,ESPECIFICAÇÃO EM REVISÃO,B,True,revisar
SMP-004048,EM ANALISE,A,False,revisar
SMP-002260,REINSPECAO REPROVADA,B,True,recusar_automatico
SMP-003334,PENDENTE,C,False,recusar_automatico
SMP-006641,PENDENTE,B,False,revisar
SMP-002872,FORA DE ESPECIFICACAO,C,True,recusar_automatico
SMP-011457,APROVADO PARCIAL,C,True,valido_automatico
SMP-002915,AJUSTE REPROVADO,C,False,recusar_automatico
SMP-003027,AGUARDANDO REINSPEÇÃO,C,True,recusar_automatico
SMP-001493,CANCELADO,B,False,recusar_automatico
SMP-005924,ESPECIFICAÇÃO EM REVISÃO,B,False,revisar
SMP-003676,PENDENTE,C,True,recusar_automatico
SMP-002457,CANCELADO,B,True,recusar_automatico
SMP-001236,AJUSTE REPROVADO,A,True,recusar_automatico
SMP-008949,PENDENTE,A,True,valido_automatico
SMP-003959,AJUSTE REPROVADO,C,True,recusar_automatico
SMP-010611,AJUSTE CONCLUIDO,B,True,valido_automatico
SMP-002594,CANCELADO,B,False,recusar_automatico
SMP-007478,EM ANALISE,C,True,revisar
SMP-004768,EM ANALISE,A,False,revisar
SMP-006372,EM ANALISE,B,True,revisar
SMP-007898,AGUARDANDO REINSPEÇÃO,C,False,revisar
SMP-009432,APROVADO PARCIAL,B,False,valido_automatico
SMP-007005,PENDENTE,C,True,revisar
SMP-010173,ESPECIFICAÇÃO EM REVISÃO,B,True,valido_automatico
SMP-006713,ESPECIFICAÇÃO EM REVISÃO,C,False,revisar
SMP-001915,CANCELADO,B,False,recusar_automatico
SMP-008605,PENDENTE,A,True,valido_automatico
SMP-003773,FORA DE ESPECIFICACAO,C,False,recusar_automatico
SMP-001771,FORA DE ESPECIFICACAO,B,False,recusar_automatico
SMP-008031,AJUSTE CONCLUIDO,A,False,valido_automatico
SMP-010703,AJUSTE CONCLUIDO,C,True,valido_automatico
SMP-010334,APROVADO PARCIAL,B,True,valido_automatico
SMP-008027,PENDENTE,A,False,valido_automatico
SMP-003218,FORA DE ESPECIFICACAO,C,False,recusar_automatico
SMP-008245,APROVADO PARCIAL,A,False,valido_automatico
SMP-003634,CANCELADO,C,False,recusar_automatico
SMP-007730,EM ANALISE,C,True,revisar
SMP-008993,AJUSTE CONCLUIDO,A,True,valido_automatico
SMP-006746,AGUARDANDO REINSPEÇÃO,C,True,revisar
SMP-000929,AJUSTE REPROVADO,A,False,recusar_automatico
SMP-005020,AGUARDANDO REINSPEÇÃO,A,False,revisar
SMP-003487,FORA DE ESPECIFICACAO,C,True,recusar_automatico
SMP-007389,EM ANALISE,C,True,revisar
SMP-000502,CANCELADO,A,False,recusar_automatico
SMP-008779,APROVADO PARCIAL,A,True,valido_automatico
SMP-005630,EM AJUSTE,B,False,revisar
SMP-007609,EM ANALISE,C,False,revisar
SMP-003483,CANCELADO,C,False,recusar_automatico
SMP-002509,FORA DE ESPECIFICACAO,B,True,recusar_automatico
SMP-007666,EM ANALISE,C,False,revisar
SMP-010880,APROVADO PARCIAL,C,True,valido_automatico
SMP-000284,AJUSTE REPROVADO,A,True,recusar_automatico
SMP-000875,CANCELADO,A,True,recusar_automatico
SMP-000839,REINSPECAO REPROVADA,A,True,recusar_automatico
SMP-005509,ESPECIFICAÇÃO EM REVISÃO,B,True,revisar
SMP-001278,CANCELADO,A,False,recusar_automatico
SMP-009306,AJUSTE CONCLUIDO,A,True,valido_automatico
SMP-002900,PENDENTE,C,False,recusar_automatico
SMP-005919,PENDENTE,B,True,revisar
SMP-001253,CANCELADO,A,True,recusar_automatico
SMP-010471,APROVADO PARCIAL,B,True,valido_automatico
SMP-011749,APROVADO PARCIAL,C,False,valido_automatico
SMP-003553,AJUSTE REPROVADO,C,False,recusar_automatico
SMP-003230,REINSPECAO REPROVADA,C,True,recusar_automatico
SMP-002421,REINSPECAO REPROVADA,B,True,recusar_automatico
SMP-010204,APROVADO PARCIAL,B,False,valido_automatico
SMP-001457,CANCELADO,B,True,recusar_automatico
SMP-011379,EM ANÁLISE,C,False,valido_automatico
SMP-001137,FORA DE ESPECIFICACAO,A,False,recusar_automatico
SMP-009440,APROVADO PARCIAL,B,True,valido_automatico
SMP-006798,APROVADO PARCIAL,C,False,revisar
SMP-005283,EM ANALISE,A,True,revisar
SMP-000063,CANCELADO,A,True,recusar_automatico
SMP-005742,EM AJUSTE,B,False,revisar
SMP-003355,REINSPECAO REPROVADA,C,False,recusar_automatico
SMP-007244,EM ANALISE,C,True,revisar
SMP-000016,REINSPECAO REPROVADA,A,False,recusar_automatico
SMP-008695,APROVADO PARCIAL,A,False,valido_automatico
SMP-010503,AJUSTE CONCLUIDO,B,True,valido_automatico
SMP-004775,AGUARDANDO REINSPEÇÃO,A,False,revisar
SMP-008004,ESPECIFICAÇÃO EM REVISÃO,A,False,valido_automatico
SMP-000337,AJUSTE REPROVADO,A,False,recusar_automatico
SMP-008741,AJUSTE CONCLUIDO,A,False,valido_automatico
SMP-006370,PENDENTE,B,False,revisar
SMP-004598,AGUARDANDO REINSPEÇÃO,A,True,revisar
SMP-003447,CANCELADO,C,True,recusar_automatico
SMP-007660,AGUARDANDO REINSPEÇÃO,C,False,revisar
SMP-010856,AJUSTE CONCLUIDO,C,True,valido_automatico
SMP-002683,REINSPECAO REPROVADA,C,True,recusar_automatico
SMP-006822,EM ANALISE,C,True,revisar
SMP-008140,APROVADO PARCIAL,A,False,valido_automatico
SMP-003837,REINSPECAO REPROVADA,C,False,recusar_automatico
SMP-001623,REINSPECAO REPROVADA,B,False,recusar_automatico
SMP-000559,AJUSTE REPROVADO,A,False,recusar_automatico
SMP-009491,AJUSTE CONCLUIDO,B,True,valido_automatico
SMP-008577,APROVADO PARCIAL,A,True,valido_automatico
SMP-009307,ESPECIFICAÇÃO EM REVISÃO,A,True,valido_automatico
SMP-006666,PENDENTE,B,True,revisar
SMP-000421,AJUSTE REPROVADO,A,False,recusar_automatico
SMP-009489,AJUSTE CONCLUIDO,B,True,valido_automatico
SMP-006838,EM ANALISE,C,True,revisar
SMP-010794,APROVADO PARCIAL,C,True,valido_automatico
SMP-002276,REINSPECAO REPROVADA,B,True,recusar_automatico
SMP-001598,FORA DE ESPECIFICACAO,B,False,recusar_automatico
SMP-006049,AGUARDANDO REINSPEÇÃO,B,False,revisar
SMP-009618,AJUSTE CONCLUIDO,B,False,valido_automatico
SMP-000882,REINSPECAO REPROVADA,A,False,recusar_automatico
SMP-003366,CANCELADO,C,True,recusar_automatico
SMP-004637,EM ANALISE,A,True,revisar
SMP-002802,CANCELADO,C,False,recusar_automatico
SMP-005378,EM ANALISE,B,False,revisar
SMP-008007,EM AJUSTE,A,True,valido_automatico
SMP-006827,ESPECIFICAÇÃO EM REVISÃO,C,True,revisar
SMP-011296,AGUARDANDO REINSPEÇÃO,C,True,valido_automatico
SMP-011936,EM AJUSTE,C,True,valido_automatico
SMP-005331,EM ANALISE,A,True,revisar
SMP-010644,EM AJUSTE,B,True,valido_automatico
SMP-002725,EM ANALISE,C,False,recusar_automatico
SMP-010266,APROVADO PARCIAL,B,False,valido_automatico
SMP-007593,EM ANALISE,C,True,revisar
SMP-007722,AGUARDANDO REINSPEÇÃO,C,True,revisar
SMP-006125,AGUARDANDO REINSPEÇÃO,B,True,revisar
SMP-008377,AJUSTE CONCLUIDO,A,True,valido_automatico
SMP-009602,AJUSTE CONCLUIDO,B,True,valido_automatico
SMP-002895,AJUSTE REPROVADO,C,True,recusar_automatico
SMP-008833,EM AJUSTE,A,True,valido_automatico
SMP-004515,PENDENTE,A,False,revisar
SMP-002029,CANCELADO,B,False,recusar_automatico
SMP-004799,PENDENTE,A,True,revisar
SMP-008430,APROVADO PARCIAL,A,True,valido_automatico
SMP-009661,EM AJUSTE,B,True,valido_automatico
SMP-002181,REINSPECAO REPROVADA,B,False,recusar_automatico
SMP-005120,AGUARDANDO REINSPEÇÃO,A,True,revisar
SMP-002903,CANCELADO,C,False,recusar_automatico
SMP-011340,AJUSTE CONCLUIDO,C,True,valido_automatico
SMP-003749,AJUSTE REPROVADO,C,False,recusar_automatico
SMP-011356,APROVADO PARCIAL,C,False,valido_automatico
SMP-009288,APROVADO PARCIAL,A,True,valido_automatico
SMP-007625,EM ANALISE,C,True,revisar
SMP-005128,AJUSTE CONCLUIDO,A,True,revisar
SMP-010761,AJUSTE CONCLUIDO,C,True,valido_automatico
SMP-008967,AJUSTE CONCLUIDO,A,True,valido_automatico
SMP-007677,ESPECIFICAÇÃO EM REVISÃO,C,True,revisar
SMP-000651,CANCELADO,A,False,recusar_automatico
SMP-001933,REINSPECAO REPROVADA,B,False,recusar_automatico
SMP-005106,EM AJUSTE,A,False,revisar
SMP-011901,APROVADO PARCIAL,C,False,valido_automatico
SMP-010321,AGUARDANDO REINSPEÇÃO,B,False,valido_automatico
SMP-008844,APROVADO PARCIAL,A,False,valido_automatico
SMP-008449,AJUSTE CONCLUIDO,A,True,valido_automatico
SMP-011488,AJUSTE CONCLUIDO,C,False,valido_automatico
SMP-001498,FORA DE ESPECIFICACAO,B,True,recusar_automatico
SMP-010773,APROVADO PARCIAL,C,True,valido_automatico
SMP-006732,PENDENTE,C,False,revisar
SMP-007768,AGUARDANDO REINSPEÇÃO,C,False,revisar
SMP-008362,APROVADO PARCIAL,A,True,valido_automatico
SMP-009971,AJUSTE CONCLUIDO,B,False,valido_automatico
SMP-004647,PENDENTE,A,True,revisar
SMP-008840,EM AJUSTE,A,True,valido_automatico
SMP-008889,AJUSTE CONCLUIDO,A,False,valido_automatico
SMP-003847,AJUSTE REPROVADO,C,False,recusar_automatico
SMP-008489,AJUSTE CONCLUIDO,A,False,valido_automatico
SMP-011255,EM AJUSTE,C,False,valido_automatico
SMP-009878,PENDENTE,B,False,valido_automatico
SMP-001909,PENDENTE,B,True,recusar_automatico
SMP-011414,EM ANÁLISE,C,True,valido_automatico
SMP-000277,FORA DE ESPECIFICACAO,A,False,recusar_automatico
SMP-000479,CANCELADO,A,False,recusar_automatico
SMP-007628,EM ANALISE,C,False,revisar
SMP-007934,EM ANALISE,C,False,revisar
SMP-011571,EM AJUSTE,C,False,valido_automatico
SMP-005515,PENDENTE,B,True,revisar
SMP-009605,PENDENTE,B,True,valido_automatico
SMP-009514,AJUSTE CONCLUIDO,B,True,valido_automatico
SMP-003064,CANCELADO,C,False,recusar_automatico
SMP-006090,AGUARDANDO REINSPEÇÃO,B,False,revisar
SMP-001274,AJUSTE REPROVADO,A,True,recusar_automatico
SMP-009470,APROVADO PARCIAL,B,False,valido_automatico
SMP-008545,APROVADO PARCIAL,A,True,valido_automatico
SMP-006270,PENDENTE,B,True,revisar
SMP-009198,AJUSTE CONCLUIDO,A,False,valido_automatico
SMP-010302,AJUSTE REPROVADO,B,False,valido_automatico
SMP-008155,EM AJUSTE,A,True,valido_automatico
SMP-003068,EM AJUSTE,C,False,recusar_automatico
SMP-000801,AJUSTE REPROVADO,A,True,recusar_automatico
SMP-007747,AJUSTE REPROVADO,C,True,revisar
SMP-002184,CANCELADO,B,True,recusar_automatico
SMP-009782,EM AJUSTE,B,True,valido_automatico
SMP-011912,AJUSTE CONCLUIDO,C,True,valido_automatico
SMP-001231,REINSPECAO REPROVADA,A,False,recusar_automatico
SMP-004343,EM ANALISE,A,False,revisar
SMP-011504,AJUSTE CONCLUIDO,C,True,valido_automatico
SMP-011896,APROVADO PARCIAL,C,False,valido_automatico
SMP-001709,PENDENTE,B,True,recusar_automatico
SMP-008649,APROVADO PARCIAL,A,False,valido_automatico
SMP-011579,APROVADO PARCIAL,C,False,valido_automatico
SMP-001421,AJUSTE REPROVADO,B,False,recusar_automatico
SMP-010544,AJUSTE REPROVADO,B,True,valido_automatico
SMP-005920,EM AJUSTE,B,False,revisar
SMP-011058,EM AJUSTE,C,True,valido_automatico
SMP-006738,EM ANALISE,C,False,revisar
SMP-001940,AJUSTE REPROVADO,B,True,recusar_automatico
SMP-010555,APROVADO PARCIAL,B,True,valido_automatico
SMP-011864,AJUSTE CONCLUIDO,C,True,valido_automatico
SMP-001362,AJUSTE REPROVADO,B,True,recusar_automatico
SMP-010786,PENDENTE,C,False,valido_automatico
SMP-000890,FORA DE ESPECIFICACAO,A,False,recusar_automatico
SMP-005397,EM ANALISE,B,False,revisar
SMP-001783,AJUSTE REPROVADO,B,False,recusar_automatico
SMP-010925,AJUSTE CONCLUIDO,C,True,valido_automatico
SMP-005562,EM ANALISE,B,False,revisar
SMP-011246,PENDENTE,C,True,valido_automatico
SMP-009553,APROVADO PARCIAL,B,True,valido_automatico
SMP-002128,REINSPECAO REPROVADA,B,False,recusar_automatico
SMP-008600,AJUSTE CONCLUIDO,A,True,valido_automatico
SMP-011624,AJUSTE CONCLUIDO,C,False,valido_automatico
SMP-004607,EM ANALISE,A,False,revisar
SMP-000667,FORA DE ESPECIFICACAO,A,True,recusar_automatico
SMP-001273,CANCELADO,A,False,recusar_automatico
SMP-005394,APROVADO PARCIAL,B,False,revisar
SMP-005314,ESPECIFICAÇÃO EM REVISÃO,A,False,revisar
SMP-001569,CANCELADO,B,False,recusar_automatico
SMP-005672,AGUARDANDO REINSPEÇÃO,B,False,revisar
SMP-003931,AJUSTE REPROVADO,C,True,recusar_automatico
SMP-010341,ESPECIFICAÇÃO EM REVISÃO,B,True,valido_automatico
SMP-011549,AJUSTE CONCLUIDO,C,True,valido_automatico
SMP-004610,AJUSTE CONCLUIDO,A,True,revisar
SMP-002676,FORA DE ESPECIFICACAO,C,False,recusar_automatico
SMP-004281,EM ANALISE,A,True,revisar
SMP-004391,PENDENTE,A,False,revisar
SMP-011121,AJUSTE CONCLUIDO,C,False,valido_automatico
SMP-011425,APROVADO PARCIAL,C,True,valido_automatico
SMP-011416,AJUSTE CONCLUIDO,C,True,valido_automatico
SMP-003692,FORA DE ESPECIFICACAO,C,True,recusar_automatico
SMP-006605,PENDENTE,B,True,revisar
SMP-005850,CANCELADO,B,True,revisar
SMP-002318,CANCELADO,B,False,recusar_automatico
SMP-006733,ESPECIFICAÇÃO EM REVISÃO,C,False,revisar
SMP-002551,CANCELADO,B,True,recusar_automatico
SMP-002016,FORA DE ESPECIFICACAO,B,False,recusar_automatico
SMP-004825,REINSPECAO REPROVADA,A,False,revisar
SMP-007613,EM ANALISE,C,True,revisar
SMP-000935,FORA DE ESPECIFICACAO,A,False,recusar_automatico
SMP-006743,EM ANALISE,C,True,revisar
SMP-010800,APROVADO PARCIAL,C,True,valido_automatico
SMP-009811,APROVADO PARCIAL,B,True,valido_automatico
SMP-001750,AGUARDANDO REINSPEÇÃO,B,False,recusar_automatico
SMP-011924,EM AJUSTE,C,True,valido_automatico
SMP-008160,EM AJUSTE,A,False,valido_automatico
SMP-007524,PENDENTE,C,False,revisar
SMP-008514,EM ANÁLISE,A,False,valido_automatico
SMP-010402,APROVADO PARCIAL,B,True,valido_automatico
SMP-007415,EM ANALISE,C,False,revisar
SMP-008320,AJUSTE CONCLUIDO,A,True,valido_automatico
SMP-010972,EM ANÁLISE,C,False,valido_automatico
SMP-002823,AJUSTE REPROVADO,C,True,recusar_automatico
SMP-000620,AJUSTE REPROVADO,A,False,recusar_automatico
SMP-010359,AJUSTE CONCLUIDO,B,True,valido_automatico
SMP-010954,APROVADO PARCIAL,C,True,valido_automatico
SMP-007195,EM ANALISE,C,True,revisar
SMP-001974,CANCELADO,B,True,recusar_automatico
SMP-003419,FORA DE ESPECIFICACAO,C,True,recusar_automatico
SMP-003588,EM ANALISE,C,False,recusar_automatico
SMP-010185,AJUSTE CONCLUIDO,B,True,valido_automatico
SMP-002602,FORA DE ESPECIFICACAO,B,True,recusar_automatico
SMP-009417,AJUSTE CONCLUIDO,B,True,valido_automatico
SMP-006879,PENDENTE,C,False,revisar
SMP-000807,REINSPECAO REPROVADA,A,True,recusar_automatico
SMP-003515,REINSPECAO REPROVADA,C,True,recusar_automatico
SMP-009556,APROVADO PARCIAL,B,False,valido_automatico
SMP-010388,AJUSTE CONCLUIDO,B,False,valido_automatico
SMP-008630,AJUSTE CONCLUIDO,A,True,valido_automatico
SMP-001087,PENDENTE,A,False,recusar_automatico
SMP-000912,FORA DE ESPECIFICACAO,A,True,recusar_automatico
SMP-005758,EM ANALISE,B,True,revisar
SMP-008675,EM AJUSTE,A,False,valido_automatico
SMP-008026,AGUARDANDO REINSPEÇÃO,A,False,valido_automatico
SMP-010898,EM ANÁLISE,C,True,valido_automatico
SMP-008971,APROVADO PARCIAL,A,True,valido_automatico
SMP-003701,REINSPECAO REPROVADA,C,True,recusar_automatico
SMP-008994,APROVADO PARCIAL,A,False,valido_automatico
SMP-000127,AJUSTE REPROVADO,A,False,recusar_automatico
SMP-011380,APROVADO PARCIAL,C,False,valido_automatico
SMP-001152,AJUSTE REPROVADO,A,True,recusar_automatico
SMP-007101,AGUARDANDO REINSPEÇÃO,C,True,revisar
SMP-003272,AJUSTE REPROVADO,C,True,recusar_automatico
SMP-011383,AGUARDANDO REINSPEÇÃO,C,True,valido_automatico
SMP-006223,EM AJUSTE,B,True,revisar
SMP-008006,APROVADO PARCIAL,A,False,valido_automatico
SMP-001136,AJUSTE REPROVADO,A,False,recusar_automatico
SMP-007734,EM ANALISE,C,False,revisar
SMP-005200,CANCELADO,A,True,revisar
SMP-000447,REINSPECAO REPROVADA,A,False,recusar_automatico
SMP-002972,CANCELADO,C,False,recusar_automatico
SMP-000927,FORA DE ESPECIFICACAO,A,False,recusar_automatico
SMP-011552,EM AJUSTE,C,True,valido_automatico
SMP-006542,PENDENTE,B,False,revisar
SMP-005757,PENDENTE,B,True,revisar
SMP-007916,EM ANALISE,C,False,revisar
SMP-006923,EM ANALISE,C,True,revisar
SMP-006725,ESPECIFICAÇÃO EM REVISÃO,C,False,revisar
SMP-003598,AJUSTE REPROVADO,C,False,recusar_automatico
SMP-003774,EM AJUSTE,C,False,recusar_automatico
SMP-010741,AJUSTE CONCLUIDO,C,False,valido_automatico
SMP-004779,ESPECIFICAÇÃO EM REVISÃO,A,False,revisar
SMP-006176,EM ANALISE,B,False,revisar
SMP-004648,EM ANALISE,A,False,revisar
SMP-000028,CANCELADO,A,False,recusar_automatico
SMP-009170,AJUSTE CONCLUIDO,A,True,valido_automatico
SMP-006207,EM ANALISE,B,True,revisar
SMP-007522,PENDENTE,C,True,revisar
SMP-005640,AGUARDANDO REINSPEÇÃO,B,False,revisar
SMP-011922,APROVADO PARCIAL,C,True,valido_automatico
SMP-008380,APROVADO PARCIAL,A,True,valido_automatico
SMP-000993,CANCELADO,A,True,recusar_automatico
SMP-011224,AJUSTE CONCLUIDO,C,False,valido_automatico
SMP-009427,APROVADO PARCIAL,B,False,valido_automatico
SMP-004627,PENDENTE,A,True,revisar
SMP-000942,REINSPECAO REPROVADA,A,False,recusar_automatico
SMP-002555,AJUSTE REPROVADO,B,True,recusar_automatico
SMP-006119,ESPECIFICAÇÃO EM REVISÃO,B,True,revisar
SMP-005764,PENDENTE,B,False,revisar
SMP-009206,APROVADO PARCIAL,A,True,valido_automatico
SMP-005469,PENDENTE,B,True,revisar
SMP-006093,PENDENTE,B,False,revisar
SMP-010844,PENDENTE,C,False,valido_automatico
SMP-005317,AGUARDANDO REINSPEÇÃO,A,True,revisar
SMP-011022,AJUSTE CONCLUIDO,C,True,valido_automatico
SMP-004703,PENDENTE,A,False,revisar
SMP-007611,EM AJUSTE,C,True,revisar
SMP-005523,AGUARDANDO REINSPEÇÃO,B,False,revisar
SMP-008353,APROVADO PARCIAL,A,True,valido_automatico
SMP-010641,APROVADO PARCIAL,B,False,valido_automatico
SMP-000360,FORA DE ESPECIFICACAO,A,True,recusar_automatico
SMP-011018,AJUSTE CONCLUIDO,C,True,valido_automatico
SMP-009534,APROVADO PARCIAL,B,False,valido_automatico
SMP-010068,APROVADO PARCIAL,B,True,valido_automatico
SMP-005443,PENDENTE,B,True,revisar
SMP-003675,REINSPECAO REPROVADA,C,True,recusar_automatico
SMP-008442,AJUSTE CONCLUIDO,A,True,valido_automatico
SMP-007063,ESPECIFICAÇÃO EM REVISÃO,C,False,revisar
SMP-001475,REINSPECAO REPROVADA,B,False,recusar_automatico
SMP-005542,EM ANALISE,B,False,revisar
SMP-009827,EM ANÁLISE,B,False,valido_automatico
SMP-000616,CANCELADO,A,True,recusar_automatico
SMP-010380,AJUSTE CONCLUIDO,B,True,valido_automatico
SMP-001391,REINSPECAO REPROVADA,B,True,recusar_automatico
SMP-005944,AGUARDANDO REINSPEÇÃO,B,False,revisar
SMP-007746,EM ANALISE,C,True,revisar
SMP-003915,REINSPECAO REPROVADA,C,True,recusar_automatico
SMP-006026,PENDENTE,B,True,revisar
SMP-000443,PENDENTE,A,True,recusar_automatico
SMP-004950,PENDENTE,A,False,revisar
SMP-011848,EM AJUSTE,C,False,valido_automatico
SMP-004517,EM ANALISE,A,False,revisar
SMP-003599,AJUSTE REPROVADO,C,False,recusar_automatico
SMP-004120,EM ANALISE,A,False,revisar
SMP-009592,APROVADO PARCIAL,B,True,valido_automatico
SMP-010401,EM ANÁLISE,B,False,valido_automatico
SMP-002537,FORA DE ESPECIFICACAO,B,False,recusar_automatico
SMP-005942,EM ANALISE,B,False,revisar
SMP-002141,FORA DE ESPECIFICACAO,B,True,recusar_automatico
SMP-007471,AGUARDANDO REINSPEÇÃO,C,False,revisar
SMP-003053,AGUARDANDO REINSPEÇÃO,C,False,recusar_automatico
SMP-006619,EM AJUSTE,B,False,revisar
SMP-008904,AJUSTE CONCLUIDO,A,False,valido_automatico
SMP-004320,AGUARDANDO REINSPEÇÃO,A,True,revisar
SMP-007757,PENDENTE,C,False,revisar
SMP-006964,REINSPECAO REPROVADA,C,True,revisar
SMP-007229,AGUARDANDO REINSPEÇÃO,C,True,revisar
SMP-003043,REINSPECAO REPROVADA,C,True,recusar_automatico
SMP-009027,EM AJUSTE,A,False,valido_automatico
SMP-011320,EM AJUSTE,C,True,valido_automatico
SMP-005611,ESPECIFICAÇÃO EM REVISÃO,B,True,revisar
SMP-011820,EM AJUSTE,C,True,valido_automatico
SMP-000832,FORA DE ESPECIFICACAO,A,True,recusar_automatico
SMP-005804,APROVADO PARCIAL,B,False,revisar
SMP-011306,APROVADO PARCIAL,C,True,valido_automatico
SMP-008503,APROVADO PARCIAL,A,False,valido_automatico
SMP-009443,APROVADO PARCIAL,B,False,valido_automatico
SMP-001321,FORA DE ESPECIFICACAO,A,True,recusar_automatico
SMP-007832,AGUARDANDO REINSPEÇÃO,C,False,revisar
SMP-006301,PENDENTE,B,True,revisar
SMP-002937,EM AJUSTE,C,True,recusar_automatico
SMP-006664,ESPECIFICAÇÃO EM REVISÃO,B,False,revisar
SMP-005393,EM ANALISE,B,True,revisar
SMP-007700,PENDENTE,C,True,revisar
SMP-003899,AGUARDANDO REINSPEÇÃO,C,False,recusar_automatico
SMP-002037,CANCELADO,B,False,recusar_automatico
SMP-011638,AJUSTE CONCLUIDO,C,False,valido_automatico
SMP-003367,FORA DE ESPECIFICACAO,C,True,recusar_automatico
SMP-005853,PENDENTE,B,True,revisar
SMP-008914,APROVADO PARCIAL,A,False,valido_automatico
SMP-000258,AJUSTE REPROVADO,A,True,recusar_automatico
SMP-000648,AJUSTE REPROVADO,A,True,recusar_automatico
SMP-011147,EM ANÁLISE,C,False,valido_automatico
SMP-009519,APROVADO PARCIAL,B,False,valido_automatico
SMP-002801,REINSPECAO REPROVADA,C,False,recusar_automatico
SMP-007739,PENDENTE,C,True,revisar
SMP-004418,AGUARDANDO REINSPEÇÃO,A,True,revisar
SMP-011637,APROVADO PARCIAL,C,False,valido_automatico
SMP-002039,REINSPECAO REPROVADA,B,True,recusar_automatico
SMP-008092,AJUSTE CONCLUIDO,A,True,valido_automatico
SMP-010174,AJUSTE CONCLUIDO,B,False,valido_automatico
SMP-010934,APROVADO PARCIAL,C,False,valido_automatico
SMP-004877,PENDENTE,A,False,revisar
SMP-005258,PENDENTE,A,False,revisar
SMP-009694,PENDENTE,B,True,valido_automatico
SMP-008809,EM AJUSTE,A,False,valido_automatico
SMP-004932,PENDENTE,A,False,revisar
SMP-011136,APROVADO PARCIAL,C,False,valido_automatico
SMP-008522,APROVADO PARCIAL,A,True,valido_automatico
SMP-005250,REINSPECAO REPROVADA,A,True,revisar
SMP-007490,AGUARDANDO REINSPEÇÃO,C,True,revisar
SMP-008299,EM ANÁLISE,A,False,valido_automatico
SMP-003759,AJUSTE REPROVADO,C,False,recusar_automatico
SMP-002436,AJUSTE REPROVADO,B,True,recusar_automatico
SMP-004139,AGUARDANDO REINSPEÇÃO,A,True,revisar
SMP-011267,AJUSTE REPROVADO,C,True,valido_automatico
SMP-001639,AJUSTE REPROVADO,B,True,recusar_automatico
SMP-009981,AJUSTE CONCLUIDO,B,True,valido_automatico
SMP-006876,EM ANALISE,C,True,revisar
SMP-008765,EM AJUSTE,A,True,valido_automatico
SMP-010616,APROVADO PARCIAL,B,False,valido_automatico
SMP-009148,AJUSTE CONCLUIDO,A,True,valido_automatico
SMP-008565,APROVADO PARCIAL,A,False,valido_automatico
SMP-011083,APROVADO PARCIAL,C,False,valido_automatico
SMP-007139,PENDENTE,C,True,revisar
SMP-003146,CANCELADO,C,False,recusar_automatico
SMP-008126,APROVADO PARCIAL,A,False,valido_automatico
SMP-004596,PENDENTE,A,False,revisar
SMP-009442,PENDENTE,B,True,valido_automatico
SMP-001124,REINSPECAO REPROVADA,A,True,recusar_automatico
SMP-009204,AJUSTE CONCLUIDO,A,True,valido_automatico
SMP-007565,ESPECIFICAÇÃO EM REVISÃO,C,True,revisar
SMP-000991,CANCELADO,A,True,recusar_automatico
SMP-006365,ESPECIFICAÇÃO EM REVISÃO,B,True,revisar
SMP-011821,AJUSTE REPROVADO,C,True,valido_automatico
SMP-008028,EM AJUSTE,A,True,valido_automatico
SMP-001061,CANCELADO,A,True,recusar_automatico
SMP-011779,APROVADO PARCIAL,C,True,valido_automatico
SMP-001104,REINSPECAO REPROVADA,A,False,recusar_automatico
SMP-009244,AJUSTE CONCLUIDO,A,False,valido_automatico
SMP-008330,APROVADO PARCIAL,A,False,valido_automatico
SMP-003075,CANCELADO,C,True,recusar_automatico
SMP-011572,AJUSTE CONCLUIDO,C,True,valido_automatico
SMP-008321,APROVADO PARCIAL,A,True,valido_automatico
SMP-001012,CANCELADO,A,False,recusar_automatico
SMP-006164,REINSPECAO REPROVADA,B,False,revisar
SMP-001139,FORA DE ESPECIFICACAO,A,False,recusar_automatico
SMP-008964,AJUSTE CONCLUIDO,A,True,valido_automatico
SMP-009007,APROVADO PARCIAL,A,True,valido_automatico
SMP-003201,ESPECIFICAÇÃO EM REVISÃO,C,True,recusar_automatico
SMP-000785,AJUSTE REPROVADO,A,True,recusar_automatico
SMP-000368,REINSPECAO REPROVADA,A,False,recusar_automatico
SMP-001600,CANCELADO,B,False,recusar_automatico
SMP-006532,PENDENTE,B,True,revisar
SMP-008623,AJUSTE CONCLUIDO,A,False,valido_automatico
SMP-008191,APROVADO PARCIAL,A,True,valido_automatico
SMP-004850,PENDENTE,A,False,revisar
SMP-007667,AGUARDANDO REINSPEÇÃO,C,False,revisar
SMP-002357,AJUSTE REPROVADO,B,True,recusar_automatico
SMP-009773,AJUSTE CONCLUIDO,B,False,valido_automatico
SMP-002591,AJUSTE REPROVADO,B,True,recusar_automatico
SMP-001468,CANCELADO,B,False,recusar_automatico
SMP-005364,PENDENTE,B,True,revisar
SMP-005554,ESPECIFICAÇÃO EM REVISÃO,B,True,revisar
SMP-003722,AJUSTE REPROVADO,C,True,recusar_automatico
SMP-002942,FORA DE ESPECIFICACAO,C,True,recusar_automatico
SMP-005420,EM ANALISE,B,True,revisar
SMP-000132,FORA DE ESPECIFICACAO,A,True,recusar_automatico
SMP-001173,AJUSTE REPROVADO,A,True,recusar_automatico
SMP-006056,PENDENTE,B,True,revisar
SMP-007958,EM ANALISE,C,False,revisar
SMP-002247,REINSPECAO REPROVADA,B,True,recusar_automatico
SMP-008601,APROVADO PARCIAL,A,False,valido_automatico
SMP-006204,ESPECIFICAÇÃO EM REVISÃO,B,False,revisar
SMP-011674,APROVADO PARCIAL,C,True,valido_automatico
SMP-011643,APROVADO PARCIAL,C,True,valido_automatico
SMP-002854,AJUSTE REPROVADO,C,True,recusar_automatico
SMP-011830,EM AJUSTE,C,True,valido_automatico
SMP-003541,CANCELADO,C,True,recusar_automatico
SMP-003264,REINSPECAO REPROVADA,C,False,recusar_automatico
SMP-002790,CANCELADO,C,False,recusar_automatico
SMP-006039,EM ANALISE,B,True,revisar
SMP-003742,REINSPECAO REPROVADA,C,False,recusar_automatico
SMP-010448,PENDENTE,B,False,valido_automatico
SMP-003392,CANCELADO,C,False,recusar_automatico
SMP-010572,AJUSTE CONCLUIDO,B,True,valido_automatico
SMP-005837,AGUARDANDO REINSPEÇÃO,B,False,revisar
SMP-009583,AJUSTE REPROVADO,B,True,valido_automatico
SMP-004313,APROVADO PARCIAL,A,False,revisar
SMP-003310,AJUSTE REPROVADO,C,True,recusar_automatico
SMP-007732,EM ANALISE,C,False,revisar
SMP-002887,CANCELADO,C,False,recusar_automatico
SMP-008563,AJUSTE CONCLUIDO,A,False,valido_automatico
SMP-002160,ESPECIFICAÇÃO EM REVISÃO,B,True,recusar_automatico
SMP-004943,AGUARDANDO REINSPEÇÃO,A,False,revisar
SMP-003481,FORA DE ESPECIFICACAO,C,False,recusar_automatico
SMP-009138,ESPECIFICAÇÃO EM REVISÃO,A,False,valido_automatico
SMP-001935,PENDENTE,B,True,recusar_automatico
SMP-006375,ESPECIFICAÇÃO EM REVISÃO,B,False,revisar
SMP-008106,APROVADO PARCIAL,A,False,valido_automatico
SMP-011728,AJUSTE CONCLUIDO,C,True,valido_automatico
SMP-008381,APROVADO PARCIAL,A,False,valido_automatico
SMP-000618,REINSPECAO REPROVADA,A,True,recusar_automatico
SMP-000349,CANCELADO,A,False,recusar_automatico
SMP-008179,EM AJUSTE,A,True,valido_automatico
SMP-008404,AJUSTE CONCLUIDO,A,False,valido_automatico
SMP-007890,ESPECIFICAÇÃO EM REVISÃO,C,False,revisar
SMP-000110,CANCELADO,A,False,recusar_automatico
SMP-011608,APROVADO PARCIAL,C,False,valido_automatico
SMP-006735,ESPECIFICAÇÃO EM REVISÃO,C,False,revisar
SMP-003318,AJUSTE REPROVADO,C,False,recusar_automatico
SMP-007153,PENDENTE,C,True,revisar
SMP-009937,EM AJUSTE,B,False,valido_automatico
SMP-003459,FORA DE ESPECIFICACAO,C,True,recusar_automatico
SMP-010512,AJUSTE CONCLUIDO,B,False,valido_automatico
SMP-009048,APROVADO PARCIAL,A,True,valido_automatico
SMP-006067,EM AJUSTE,B,False,revisar
SMP-000534,REINSPECAO REPROVADA,A,False,recusar_automatico
SMP-011241,APROVADO PARCIAL,C,True,valido_automatico
SMP-010245,AJUSTE CONCLUIDO,B,True,valido_automatico
SMP-002817,CANCELADO,C,True,recusar_automatico
SMP-010337,AJUSTE CONCLUIDO,B,False,valido_automatico
SMP-002944,FORA DE ESPECIFICACAO,C,True,recusar_automatico
SMP-002361,CANCELADO,B,True,recusar_automatico
SMP-000397,AJUSTE REPROVADO,A,True,recusar_automatico
SMP-008484,APROVADO PARCIAL,A,True,valido_automatico
SMP-005381,REINSPECAO REPROVADA,B,False,revisar
SMP-003170,CANCELADO,C,True,recusar_automatico
SMP-000166,FORA DE ESPECIFICACAO,A,False,recusar_automatico
SMP-011204,AJUSTE CONCLUIDO,C,False,valido_automatico
SMP-004497,APROVADO PARCIAL,A,True,revisar
SMP-007940,AGUARDANDO REINSPEÇÃO,C,True,revisar
SMP-006901,PENDENTE,C,True,revisar
SMP-007302,PENDENTE,C,False,revisar
SMP-000943,CANCELADO,A,True,recusar_automatico
SMP-010681,AJUSTE CONCLUIDO,C,False,valido_automatico
SMP-005416,EM ANALISE,B,True,revisar
SMP-008456,AJUSTE CONCLUIDO,A,True,valido_automatico
SMP-004233,PENDENTE,A,True,revisar
SMP-001112,AJUSTE REPROVADO,A,False,recusar_automatico
SMP-006511,PENDENTE,B,True,revisar
SMP-004162,ESPECIFICAÇÃO EM REVISÃO,A,True,revisar
SMP-002926,CANCELADO,C,True,recusar_automatico
SMP-002659,REINSPECAO REPROVADA,B,False,recusar_automatico
SMP-001492,CANCELADO,B,True,recusar_automatico
SMP-004786,EM ANALISE,A,False,revisar
SMP-006793,ESPECIFICAÇÃO EM REVISÃO,C,True,revisar
SMP-009596,ESPECIFICAÇÃO EM REVISÃO,B,True,valido_automatico
SMP-008345,APROVADO PARCIAL,A,False,valido_automatico
SMP-001080,REINSPECAO REPROVADA,A,True,recusar_automatico
SMP-007922,ESPECIFICAÇÃO EM REVISÃO,C,False,revisar
SMP-006272,EM ANALISE,B,True,revisar
SMP-000520,CANCELADO,A,True,recusar_automatico
SMP-006289,AJUSTE CONCLUIDO,B,True,revisar
SMP-008593,ESPECIFICAÇÃO EM REVISÃO,A,False,valido_automatico
SMP-000966,AJUSTE REPROVADO,A,False,recusar_automatico
SMP-010322,EM AJUSTE,B,True,valido_automatico
SMP-008499,AJUSTE CONCLUIDO,A,True,valido_automatico
SMP-000765,CANCELADO,A,False,recusar_automatico
SMP-011036,APROVADO PARCIAL,C,True,valido_automatico
SMP-010116,APROVADO PARCIAL,B,True,valido_automatico
SMP-003518,CANCELADO,C,False,recusar_automatico
SMP-009840,AJUSTE CONCLUIDO,B,True,valido_automatico
SMP-003036,FORA DE ESPECIFICACAO,C,True,recusar_automatico
SMP-003182,FORA DE ESPECIFICACAO,C,False,recusar_automatico
SMP-000488,REINSPECAO REPROVADA,A,False,recusar_automatico
SMP-007433,PENDENTE,C,True,revisar
SMP-006273,EM ANALISE,B,True,revisar
SMP-010755,EM AJUSTE,C,False,valido_automatico
SMP-011763,AJUSTE CONCLUIDO,C,False,valido_automatico
SMP-010378,EM AJUSTE,B,True,valido_automatico
SMP-000560,CANCELADO,A,True,recusar_automatico
SMP-000871,FORA DE ESPECIFICACAO,A,True,recusar_automatico
SMP-009125,ESPECIFICAÇÃO EM REVISÃO,A,False,valido_automatico
SMP-007586,AGUARDANDO REINSPEÇÃO,C,False,revisar
SMP-004802,ESPECIFICAÇÃO EM REVISÃO,A,True,revisar
SMP-005206,EM ANALISE,A,False,revisar
SMP-008378,APROVADO PARCIAL,A,True,valido_automatico
SMP-001266,CANCELADO,A,False,recusar_automatico
SMP-003157,CANCELADO,C,False,recusar_automatico
SMP-002858,AJUSTE REPROVADO,C,False,recusar_automatico
SMP-011484,AJUSTE CONCLUIDO,C,True,valido_automatico
SMP-004064,EM ANALISE,A,True,revisar
SMP-003860,CANCELADO,C,False,recusar_automatico
SMP-000599,AJUSTE REPROVADO,A,True,recusar_automatico
SMP-003916,REINSPECAO REPROVADA,C,False,recusar_automatico
SMP-005922,PENDENTE,B,False,revisar
SMP-008882,AGUARDANDO REINSPEÇÃO,A,False,valido_automatico
SMP-000339,REINSPECAO REPROVADA,A,True,recusar_automatico
SMP-004396,AGUARDANDO REINSPEÇÃO,A,False,revisar
SMP-000345,AJUSTE REPROVADO,A,False,recusar_automatico
SMP-001105,REINSPECAO REPROVADA,A,False,recusar_automatico
SMP-001337,EM AJUSTE,B,True,recusar_automatico
SMP-002892,AJUSTE REPROVADO,C,False,recusar_automatico
SMP-002290,AJUSTE REPROVADO,B,True,recusar_automatico
SMP-008427,AJUSTE REPROVADO,A,True,valido_automatico
SMP-005530,EM ANALISE,B,False,revisar
SMP-001151,EM AJUSTE,A,False,recusar_automatico
SMP-004671,AJUSTE REPROVADO,A,False,revisar
SMP-001803,REINSPECAO REPROVADA,B,True,recusar_automatico
SMP-011284,APROVADO PARCIAL,C,True,valido_automatico
SMP-000686,EM AJUSTE,A,True,recusar_automatico
SMP-011004,APROVADO PARCIAL,C,False,valido_automatico
SMP-000831,CANCELADO,A,False,recusar_automatico
SMP-004018,AJUSTE REPROVADO,A,True,revisar
SMP-010463,APROVADO PARCIAL,B,True,valido_automatico
SMP-007214,AGUARDANDO REINSPEÇÃO,C,True,revisar
SMP-009336,EM ANÁLISE,B,False,valido_automatico
SMP-004510,ESPECIFICAÇÃO EM REVISÃO,A,False,revisar
SMP-001210,AJUSTE REPROVADO,A,False,recusar_automatico
SMP-005185,EM AJUSTE,A,True,revisar
SMP-000094,REINSPECAO REPROVADA,A,True,recusar_automatico
SMP-005524,ESPECIFICAÇÃO EM REVISÃO,B,True,revisar
SMP-003957,AJUSTE REPROVADO,C,False,recusar_automatico
SMP-010809,AJUSTE CONCLUIDO,C,True,valido_automatico
SMP-008719,APROVADO PARCIAL,A,False,valido_automatico
SMP-005872,AJUSTE CONCLUIDO,B,True,revisar
SMP-004110,PENDENTE,A,True,revisar
SMP-000668,AJUSTE REPROVADO,A,True,recusar_automatico
SMP-003589,REINSPECAO REPROVADA,C,True,recusar_automatico
SMP-011413,APROVADO PARCIAL,C,True,valido_automatico
SMP-007615,PENDENTE,C,True,revisar
SMP-010351,APROVADO PARCIAL,B,True,valido_automatico
SMP-004904,PENDENTE,A,True,revisar
SMP-006033,EM ANALISE,B,True,revisar
SMP-002919,AGUARDANDO REINSPEÇÃO,C,False,recusar_automatico
SMP-008189,AJUSTE REPROVADO,A,False,valido_automatico
SMP-003062,AJUSTE REPROVADO,C,False,recusar_automatico
SMP-003287,AJUSTE REPROVADO,C,False,recusar_automatico
SMP-007718,EM ANALISE,C,True,revisar
SMP-009923,APROVADO PARCIAL,B,False,valido_automatico
SMP-002419,FORA DE ESPECIFICACAO,B,False,recusar_automatico
SMP-000743,CANCELADO,A,False,recusar_automatico
SMP-011081,APROVADO PARCIAL,C,False,valido_automatico
SMP-009468,AJUSTE CONCLUIDO,B,True,valido_automatico
SMP-009175,APROVADO PARCIAL,A,True,valido_automatico
SMP-006159,ESPECIFICAÇÃO EM REVISÃO,B,True,revisar
SMP-008177,EM AJUSTE,A,False,valido_automatico
SMP-006845,AGUARDANDO REINSPEÇÃO,C,True,revisar
SMP-002899,CANCELADO,C,False,recusar_automatico
SMP-010267,EM AJUSTE,B,False,valido_automatico
SMP-001511,FORA DE ESPECIFICACAO,B,True,recusar_automatico
SMP-008549,EM ANÁLISE,A,False,valido_automatico
SMP-000256,AJUSTE REPROVADO,A,False,recusar_automatico
SMP-000868,FORA DE ESPECIFICACAO,A,False,recusar_automatico
SMP-000095,CANCELADO,A,True,recusar_automatico
SMP-004249,PENDENTE,A,False,revisar
SMP-007207,AGUARDANDO REINSPEÇÃO,C,False,revisar
SMP-003948,CANCELADO,C,True,recusar_automatico
SMP-002775,PENDENTE,C,False,recusar_automatico
SMP-001371,CANCELADO,B,False,recusar_automatico
SMP-010206,APROVADO PARCIAL,B,False,valido_automatico
SMP-000003,FORA DE ESPECIFICACAO,A,True,recusar_automatico
SMP-009150,EM AJUSTE,A,True,valido_automatico
SMP-011403,EM ANÁLISE,C,True,valido_automatico
SMP-006169,APROVADO PARCIAL,B,False,revisar
SMP-011349,AGUARDANDO REINSPEÇÃO,C,False,valido_automatico
SMP-000823,FORA DE ESPECIFICACAO,A,False,recusar_automatico
SMP-006565,EM AJUSTE,B,False,revisar
SMP-007306,AGUARDANDO REINSPEÇÃO,C,False,revisar
SMP-005425,EM ANALISE,B,False,revisar
SMP-006302,AJUSTE REPROVADO,B,True,revisar
SMP-003055,AJUSTE REPROVADO,C,True,recusar_automatico
SMP-004747,AGUARDANDO REINSPEÇÃO,A,True,revisar
SMP-001761,PENDENTE,B,False,recusar_automatico
SMP-010093,AJUSTE CONCLUIDO,B,False,valido_automatico
SMP-011527,AJUSTE CONCLUIDO,C,False,valido_automatico
SMP-006756,PENDENTE,C,True,revisar
SMP-011850,APROVADO PARCIAL,C,True,valido_automatico
SMP-002480,FORA DE ESPECIFICACAO,B,False,recusar_automatico
SMP-009033,AGUARDANDO REINSPEÇÃO,A,True,valido_automatico
SMP-000364,REINSPECAO REPROVADA,A,False,recusar_automatico
SMP-005375,ESPECIFICAÇÃO EM REVISÃO,B,True,revisar
SMP-004119,EM ANALISE,A,False,revisar
SMP-006815,PENDENTE,C,True,revisar
SMP-002877,FORA DE ESPECIFICACAO,C,True,recusar_automatico
SMP-004984,PENDENTE,A,False,revisar
SMP-004959,APROVADO PARCIAL,A,True,revisar
SMP-001948,AJUSTE REPROVADO,B,False,recusar_automatico
SMP-000363,EM ANALISE,A,True,recusar_automatico
SMP-011648,APROVADO PARCIAL,C,False,valido_automatico
SMP-007178,EM ANALISE,C,True,revisar
SMP-001454,FORA DE ESPECIFICACAO,B,True,recusar_automatico
SMP-011266,AJUSTE CONCLUIDO,C,False,valido_automatico
SMP-000665,REINSPECAO REPROVADA,A,True,recusar_automatico
SMP-007090,AJUSTE REPROVADO,C,True,revisar
SMP-011974,APROVADO PARCIAL,C,True,valido_automatico
SMP-001004,AJUSTE REPROVADO,A,True,recusar_automatico
SMP-004839,EM ANALISE,A,True,revisar
SMP-009161,AJUSTE CONCLUIDO,A,False,valido_automatico
SMP-006320,AJUSTE CONCLUIDO,B,True,revisar
SMP-009956,EM AJUSTE,B,False,valido_automatico
SMP-006180,PENDENTE,B,True,revisar
SMP-003297,CANCELADO,C,False,recusar_automatico
SMP-006864,PENDENTE,C,True,revisar
SMP-001737,AJUSTE REPROVADO,B,False,recusar_automatico
SMP-000481,AJUSTE REPROVADO,A,True,recusar_automatico
SMP-002455,FORA DE ESPECIFICACAO,B,False,recusar_automatico
SMP-009275,APROVADO PARCIAL,A,False,valido_automatico
SMP-003500,FORA DE ESPECIFICACAO,C,False,recusar_automatico
SMP-004895,PENDENTE,A,True,revisar
SMP-002382,CANCELADO,B,True,recusar_automatico
SMP-003438,PENDENTE,C,True,recusar_automatico
SMP-007786,ESPECIFICAÇÃO EM REVISÃO,C,False,revisar
SMP-002705,AJUSTE REPROVADO,C,True,recusar_automatico
SMP-001717,CANCELADO,B,True,recusar_automatico
SMP-000369,ESPECIFICAÇÃO EM REVISÃO,A,False,recusar_automatico
SMP-008162,AJUSTE CONCLUIDO,A,True,valido_automatico
SMP-006071,AGUARDANDO REINSPEÇÃO,B,True,revisar
SMP-000521,FORA DE ESPECIFICACAO,A,False,recusar_automatico
SMP-006930,ESPECIFICAÇÃO EM REVISÃO,C,True,revisar
SMP-009160,APROVADO PARCIAL,A,True,valido_automatico
SMP-005209,PENDENTE,A,True,revisar
SMP-000264,REINSPECAO REPROVADA,A,True,recusar_automatico
SMP-003186,REINSPECAO REPROVADA,C,True,recusar_automatico
SMP-009352,APROVADO PARCIAL,B,True,valido_automatico
SMP-007871,EM ANALISE,C,False,revisar
SMP-011067,AJUSTE CONCLUIDO,C,False,valido_automatico
SMP-000919,EM AJUSTE,A,True,recusar_automatico
SMP-009354,AJUSTE CONCLUIDO,B,False,valido_automatico
SMP-002704,REINSPECAO REPROVADA,C,True,recusar_automatico
SMP-003324,FORA DE ESPECIFICACAO,C,True,recusar_automatico
SMP-009283,AJUSTE CONCLUIDO,A,False,valido_automatico
SMP-009608,EM AJUSTE,B,False,valido_automatico
SMP-010767,AJUSTE CONCLUIDO,C,False,valido_automatico
SMP-006916,AGUARDANDO REINSPEÇÃO,C,False,revisar
SMP-002443,CANCELADO,B,True,recusar_automatico
SMP-011743,AJUSTE CONCLUIDO,C,True,valido_automatico
SMP-011144,EM ANÁLISE,C,False,valido_automatico
SMP-009375,EM ANÁLISE,B,True,valido_automatico
SMP-009480,APROVADO PARCIAL,B,True,valido_automatico
SMP-002298,CANCELADO,B,False,recusar_automatico
SMP-003195,AJUSTE REPROVADO,C,False,recusar_automatico
SMP-006043,EM AJUSTE,B,True,revisar
SMP-006160,PENDENTE,B,True,revisar
SMP-001964,CANCELADO,B,True,recusar_automatico
SMP-009632,APROVADO PARCIAL,B,True,valido_automatico
SMP-010610,AJUSTE CONCLUIDO,B,True,valido_automatico
SMP-011780,APROVADO PARCIAL,C,False,valido_automatico
SMP-005943,PENDENTE,B,False,revisar
SMP-005887,AGUARDANDO REINSPEÇÃO,B,True,revisar
SMP-000333,CANCELADO,A,True,recusar_automatico
SMP-010826,EM AJUSTE,C,False,valido_automatico
SMP-006238,EM ANALISE,B,True,revisar
SMP-007807,AGUARDANDO REINSPEÇÃO,C,True,revisar
SMP-007464,ESPECIFICAÇÃO EM REVISÃO,C,True,revisar
SMP-004572,EM ANALISE,A,False,revisar
SMP-010959,APROVADO PARCIAL,C,False,valido_automatico
SMP-002907,AJUSTE REPROVADO,C,True,recusar_automatico
SMP-009103,APROVADO PARCIAL,A,True,valido_automatico
SMP-005278,EM ANALISE,A,False,revisar
SMP-005182,EM ANALISE,A,True,revisar
SMP-004968,APROVADO PARCIAL,A,False,revisar
SMP-001937,AJUSTE REPROVADO,B,True,recusar_automatico
SMP-005410,PENDENTE,B,True,revisar
SMP-004422,PENDENTE,A,False,revisar
SMP-010828,AJUSTE CONCLUIDO,C,False,valido_automatico
SMP-004969,PENDENTE,A,True,revisar
SMP-005805,ESPECIFICAÇÃO EM REVISÃO,B,False,revisar
SMP-003682,CANCELADO,C,True,recusar_automatico
SMP-007798,PENDENTE,C,False,revisar
SMP-003625,CANCELADO,C,False,recusar_automatico
SMP-008960,AJUSTE CONCLUIDO,A,False,valido_automatico
SMP-010231,AJUSTE CONCLUIDO,B,False,valido_automatico
SMP-009176,APROVADO PARCIAL,A,True,valido_automatico
SMP-006148,AGUARDANDO REINSPEÇÃO,B,True,revisar
SMP-004745,EM ANALISE,A,True,revisar
SMP-011511,APROVADO PARCIAL,C,True,valido_automatico
SMP-000246,AJUSTE REPROVADO,A,True,recusar_automatico
SMP-004106,AGUARDANDO REINSPEÇÃO,A,False,revisar
SMP-011021,AJUSTE CONCLUIDO,C,True,valido_automatico
SMP-002668,AJUSTE REPROVADO,C,True,recusar_automatico
SMP-000467,FORA DE ESPECIFICACAO,A,False,recusar_automatico
SMP-003609,REINSPECAO REPROVADA,C,False,recusar_automatico
SMP-005961,EM ANALISE,B,False,revisar
SMP-001916,CANCELADO,B,False,recusar_automatico
SMP-004602,CANCELADO,A,False,revisar
SMP-004045,PENDENTE,A,True,revisar
SMP-011886,AJUSTE CONCLUIDO,C,False,valido_automatico
SMP-009034,AJUSTE CONCLUIDO,A,True,valido_automatico
SMP-007169,PENDENTE,C,True,revisar
SMP-007334,EM ANALISE,C,True,revisar
SMP-002228,REINSPECAO REPROVADA,B,True,recusar_automatico
SMP-002023,FORA DE ESPECIFICACAO,B,False,recusar_automatico
SMP-009121,AJUSTE CONCLUIDO,A,False,valido_automatico
SMP-005995,EM AJUSTE,B,False,revisar
SMP-002340,REINSPECAO REPROVADA,B,False,recusar_automatico
SMP-007472,EM AJUSTE,C,False,revisar
SMP-009817,EM AJUSTE,B,False,valido_automatico
SMP-005584,EM ANALISE,B,True,revisar
SMP-002398,ESPECIFICAÇÃO EM REVISÃO,B,False,recusar_automatico
SMP-004997,PENDENTE,A,True,revisar
SMP-000793,REINSPECAO REPROVADA,A,False,recusar_automatico
SMP-007033,EM ANALISE,C,True,revisar
SMP-001621,CANCELADO,B,False,recusar_automatico
SMP-000191,REINSPECAO REPROVADA,A,False,recusar_automatico
SMP-004748,AJUSTE REPROVADO,A,True,revisar
SMP-009062,EM ANÁLISE,A,False,valido_automatico
SMP-008116,EM ANÁLISE,A,False,valido_automatico
SMP-007383,PENDENTE,C,True,revisar
SMP-008068,EM ANÁLISE,A,False,valido_automatico
SMP-002975,AJUSTE REPROVADO,C,False,recusar_automatico
SMP-002928,REINSPECAO REPROVADA,C,False,recusar_automatico
SMP-004212,AJUSTE CONCLUIDO,A,True,revisar
SMP-003843,AJUSTE REPROVADO,C,False,recusar_automatico
SMP-011260,AJUSTE CONCLUIDO,C,False,valido_automatico
SMP-006201,CANCELADO,B,True,revisar
SMP-002493,REINSPECAO REPROVADA,B,False,recusar_automatico
SMP-007129,EM ANALISE,C,True,revisar
SMP-003387,PENDENTE,C,True,recusar_automatico
SMP-001264,REINSPECAO REPROVADA,A,False,recusar_automatico
SMP-001703,AJUSTE REPROVADO,B,False,recusar_automatico
SMP-005162,EM ANALISE,A,True,revisar
SMP-007501,EM ANALISE,C,False,revisar
SMP-008724,EM AJUSTE,A,False,valido_automatico
SMP-003530,FORA DE ESPECIFICACAO,C,False,recusar_automatico
SMP-005738,EM ANALISE,B,False,revisar
SMP-009134,APROVADO PARCIAL,A,True,valido_automatico
SMP-000086,REINSPECAO REPROVADA,A,True,recusar_automatico
SMP-006761,PENDENTE,C,True,revisar
SMP-004660,PENDENTE,A,True,revisar
SMP-000787,REINSPECAO REPROVADA,A,True,recusar_automatico
SMP-009885,APROVADO PARCIAL,B,True,valido_automatico
SMP-003207,CANCELADO,C,True,recusar_automatico
SMP-006924,EM ANALISE,C,True,revisar
SMP-010144,EM AJUSTE,B,False,valido_automatico
SMP-001752,AJUSTE REPROVADO,B,False,recusar_automatico
SMP-006770,PENDENTE,C,False,revisar
SMP-010467,AJUSTE CONCLUIDO,B,False,valido_automatico
SMP-004137,AGUARDANDO REINSPEÇÃO,A,False,revisar
SMP-006171,PENDENTE,B,False,revisar
SMP-005512,PENDENTE,B,False,revisar
SMP-007254,EM AJUSTE,C,True,revisar
SMP-007258,PENDENTE,C,False,revisar
SMP-001679,CANCELADO,B,True,recusar_automatico
SMP-005274,AJUSTE REPROVADO,A,False,revisar
SMP-007372,EM ANALISE,C,False,revisar
SMP-011046,PENDENTE,C,False,valido_automatico
SMP-001375,EM ANALISE,B,False,recusar_automatico
SMP-001815,CANCELADO,B,False,recusar_automatico
SMP-003081,AJUSTE REPROVADO,C,False,recusar_automatico
SMP-003115,REINSPECAO REPROVADA,C,True,recusar_automatico
SMP-011351,AJUSTE CONCLUIDO,C,False,valido_automatico
SMP-008956,APROVADO PARCIAL,A,False,valido_automatico
SMP-001200,REINSPECAO REPROVADA,A,False,recusar_automatico
SMP-010114,APROVADO PARCIAL,B,True,valido_automatico
SMP-008197,APROVADO PARCIAL,A,False,valido_automatico
SMP-005787,AGUARDANDO REINSPEÇÃO,B,False,revisar
SMP-008132,APROVADO PARCIAL,A,True,valido_automatico
SMP-000257,CANCELADO,A,False,recusar_automatico
SMP-001780,FORA DE ESPECIFICACAO,B,True,recusar_automatico
SMP-004019,AGUARDANDO REINSPEÇÃO,A,False,revisar
SMP-004207,AGUARDANDO REINSPEÇÃO,A,False,revisar
SMP-006330,AGUARDANDO REINSPEÇÃO,B,True,revisar
SMP-007410,EM ANALISE,C,True,revisar
SMP-006412,EM ANALISE,B,True,revisar
SMP-005099,ESPECIFICAÇÃO EM REVISÃO,A,False,revisar
SMP-007123,EM ANALISE,C,False,revisar
SMP-003568,REINSPECAO REPROVADA,C,True,recusar_automatico
SMP-011432,APROVADO PARCIAL,C,True,valido_automatico
SMP-003398,CANCELADO,C,False,recusar_automatico
SMP-002343,REINSPECAO REPROVADA,B,False,recusar_automatico
SMP-002625,FORA DE ESPECIFICACAO,B,False,recusar_automatico
SMP-002850,FORA DE ESPECIFICACAO,C,False,recusar_automatico
SMP-011659,AJUSTE CONCLUIDO,C,False,valido_automatico
SMP-011837,APROVADO PARCIAL,C,True,valido_automatico
SMP-006285,PENDENTE,B,False,revisar
SMP-002760,CANCELADO,C,True,recusar_automatico
SMP-009143,AJUSTE CONCLUIDO,A,True,valido_automatico
SMP-011751,APROVADO PARCIAL,C,False,valido_automatico
SMP-010816,APROVADO PARCIAL,C,False,valido_automatico
SMP-001687,AJUSTE REPROVADO,B,True,recusar_automatico
SMP-007118,AJUSTE CONCLUIDO,C,False,revisar
SMP-003619,CANCELADO,C,True,recusar_automatico
SMP-005493,EM ANALISE,B,True,revisar
SMP-006617,ESPECIFICAÇÃO EM REVISÃO,B,True,revisar
SMP-002888,REINSPECAO REPROVADA,C,True,recusar_automatico
SMP-002665,REINSPECAO REPROVADA,B,False,recusar_automatico
SMP-011521,APROVADO PARCIAL,C,False,valido_automatico
SMP-010466,APROVADO PARCIAL,B,False,valido_automatico
SMP-006704,ESPECIFICAÇÃO EM REVISÃO,C,False,revisar
SMP-006893,APROVADO PARCIAL,C,True,revisar
SMP-003848,FORA DE ESPECIFICACAO,C,False,recusar_automatico
SMP-004725,EM AJUSTE,A,False,revisar
SMP-008398,APROVADO PARCIAL,A,False,valido_automatico
SMP-001518,AJUSTE REPROVADO,B,True,recusar_automatico
SMP-010886,AJUSTE CONCLUIDO,C,False,valido_automatico
SMP-006953,AGUARDANDO REINSPEÇÃO,C,True,revisar
SMP-001894,REINSPECAO REPROVADA,B,False,recusar_automatico
SMP-000008,CANCELADO,A,False,recusar_automatico
SMP-000730,FORA DE ESPECIFICACAO,A,True,recusar_automatico
SMP-005156,PENDENTE,A,True,revisar
SMP-006445,ESPECIFICAÇÃO EM REVISÃO,B,True,revisar
SMP-002021,FORA DE ESPECIFICACAO,B,False,recusar_automatico
SMP-003511,EM AJUSTE,C,False,recusar_automatico
SMP-009558,AJUSTE CONCLUIDO,B,False,valido_automatico
SMP-011655,AJUSTE CONCLUIDO,C,False,valido_automatico
SMP-000767,REINSPECAO REPROVADA,A,True,recusar_automatico
SMP-003859,REINSPECAO REPROVADA,C,True,recusar_automatico
SMP-008629,PENDENTE,A,False,valido_automatico
SMP-004049,AGUARDANDO REINSPEÇÃO,A,False,revisar
SMP-006915,PENDENTE,C,False,revisar
SMP-007452,EM ANALISE,C,False,revisar
SMP-003750,REINSPECAO REPROVADA,C,False,recusar_automatico
SMP-003304,CANCELADO,C,True,recusar_automatico
SMP-011473,APROVADO PARCIAL,C,True,valido_automatico
SMP-007781,APROVADO PARCIAL,C,True,revisar
SMP-004293,CANCELADO,A,False,revisar
SMP-009267,PENDENTE,A,False,valido_automatico
SMP-011355,APROVADO PARCIAL,C,True,valido_automatico
SMP-008173,APROVADO PARCIAL,A,False,valido_automatico
SMP-000096,FORA DE ESPECIFICACAO,A,False,recusar_automatico
SMP-009522,APROVADO PARCIAL,B,False,valido_automatico
SMP-001047,REINSPECAO REPROVADA,A,True,recusar_automatico
SMP-000245,AJUSTE REPROVADO,A,False,recusar_automatico
SMP-009546,APROVADO PARCIAL,B,False,valido_automatico
SMP-007755,PENDENTE,C,True,revisar
SMP-010148,AJUSTE CONCLUIDO,B,True,valido_automatico
SMP-003446,FORA DE ESPECIFICACAO,C,False,recusar_automatico
SMP-008053,AJUSTE CONCLUIDO,A,False,valido_automatico
SMP-006950,EM ANALISE,C,True,revisar
SMP-000775,CANCELADO,A,False,recusar_automatico
SMP-001352,CANCELADO,B,False,recusar_automatico
SMP-009246,AJUSTE CONCLUIDO,A,True,valido_automatico
SMP-010870,AJUSTE CONCLUIDO,C,False,valido_automatico
SMP-006290,AGUARDANDO REINSPEÇÃO,B,True,revisar
SMP-007845,AGUARDANDO REINSPEÇÃO,C,True,revisar
SMP-006221,ESPECIFICAÇÃO EM REVISÃO,B,True,revisar
SMP-011910,AJUSTE CONCLUIDO,C,False,valido_automatico
SMP-004243,PENDENTE,A,False,revisar
SMP-004913,ESPECIFICAÇÃO EM REVISÃO,A,False,revisar
SMP-007330,EM ANALISE,C,True,revisar
SMP-010085,APROVADO PARCIAL,B,True,valido_automatico
SMP-000312,CANCELADO,A,False,recusar_automatico
SMP-001749,AJUSTE REPROVADO,B,False,recusar_automatico
SMP-010153,APROVADO PARCIAL,B,False,valido_automatico
SMP-009902,APROVADO PARCIAL,B,False,valido_automatico
SMP-001088,CANCELADO,A,True,recusar_automatico
SMP-002156,FORA DE ESPECIFICACAO,B,False,recusar_automatico
SMP-008371,EM ANÁLISE,A,True,valido_automatico
SMP-002971,AJUSTE REPROVADO,C,False,recusar_automatico
SMP-004337,AJUSTE CONCLUIDO,A,False,revisar
SMP-006434,EM AJUSTE,B,False,revisar
SMP-006670,ESPECIFICAÇÃO EM REVISÃO,C,False,revisar
SMP-001624,FORA DE ESPECIFICACAO,B,True,recusar_automatico
SMP-003689,CANCELADO,C,True,recusar_automatico
SMP-001192,AJUSTE REPROVADO,A,False,recusar_automatico
SMP-006572,AGUARDANDO REINSPEÇÃO,B,True,revisar
SMP-002648,REINSPECAO REPROVADA,B,True,recusar_automatico
SMP-009095,AJUSTE CONCLUIDO,A,False,valido_automatico
SMP-002371,CANCELADO,B,True,recusar_automatico
SMP-009140,APROVADO PARCIAL,A,False,valido_automatico
SMP-008585,AJUSTE REPROVADO,A,False,valido_automatico
SMP-003798,REINSPECAO REPROVADA,C,True,recusar_automatico
SMP-001823,ESPECIFICAÇÃO EM REVISÃO,B,False,recusar_automatico
SMP-009686,AJUSTE CONCLUIDO,B,False,valido_automatico
SMP-004882,EM ANALISE,A,True,revisar
SMP-009774,APROVADO PARCIAL,B,True,valido_automatico
SMP-009014,EM ANÁLISE,A,True,valido_automatico
SMP-006028,EM AJUSTE,B,False,revisar
SMP-005450,AGUARDANDO REINSPEÇÃO,B,False,revisar
SMP-002517,EM AJUSTE,B,False,recusar_automatico
SMP-007959,ESPECIFICAÇÃO EM REVISÃO,C,False,revisar
SMP-011834,APROVADO PARCIAL,C,False,valido_automatico
SMP-005516,CANCELADO,B,False,revisar
SMP-007174,PENDENTE,C,False,revisar
SMP-010946,AJUSTE CONCLUIDO,C,False,valido_automatico
SMP-006758,PENDENTE,C,False,revisar
SMP-011899,EM ANÁLISE,C,False,valido_automatico
SMP-009810,AJUSTE CONCLUIDO,B,False,valido_automatico
SMP-003912,FORA DE ESPECIFICACAO,C,False,recusar_automatico
SMP-011371,AJUSTE CONCLUIDO,C,False,valido_automatico
SMP-008211,AJUSTE CONCLUIDO,A,False,valido_automatico
SMP-011206,AGUARDANDO REINSPEÇÃO,C,False,valido_automatico
SMP-000828,CANCELADO,A,False,recusar_automatico
SMP-011958,EM ANÁLISE,C,True,valido_automatico
SMP-001796,FORA DE ESPECIFICACAO,B,False,recusar_automatico
SMP-007065,AGUARDANDO REINSPEÇÃO,C,False,revisar
SMP-005864,AGUARDANDO REINSPEÇÃO,B,True,revisar
SMP-000104,CANCELADO,A,True,recusar_automatico
SMP-006464,AGUARDANDO REINSPEÇÃO,B,False,revisar
SMP-003989,CANCELADO,C,False,recusar_automatico
SMP-002950,REINSPECAO REPROVADA,C,True,recusar_automatico
SMP-007779,ESPECIFICAÇÃO EM REVISÃO,C,True,revisar
SMP-007156,AGUARDANDO REINSPEÇÃO,C,True,revisar
SMP-003266,CANCELADO,C,False,recusar_automatico
SMP-003008,CANCELADO,C,False,recusar_automatico
SMP-007016,ESPECIFICAÇÃO EM REVISÃO,C,True,revisar
SMP-004370,AJUSTE CONCLUIDO,A,False,revisar
SMP-007693,EM ANALISE,C,False,revisar
SMP-004216,AGUARDANDO REINSPEÇÃO,A,True,revisar
SMP-010131,EM ANÁLISE,B,False,valido_automatico
SMP-001015,FORA DE ESPECIFICACAO,A,True,recusar_automatico
SMP-007778,APROVADO PARCIAL,C,True,revisar
SMP-005440,ESPECIFICAÇÃO EM REVISÃO,B,True,revisar
SMP-001566,REINSPECAO REPROVADA,B,False,recusar_automatico
SMP-001619,FORA DE ESPECIFICACAO,B,False,recusar_automatico
SMP-011799,EM AJUSTE,C,True,valido_automatico
SMP-000092,AJUSTE REPROVADO,A,False,recusar_automatico
SMP-003652,FORA DE ESPECIFICACAO,C,False,recusar_automatico
SMP-001675,AJUSTE REPROVADO,B,False,recusar_automatico
SMP-000279,AJUSTE REPROVADO,A,True,recusar_automatico
SMP-008686,AJUSTE CONCLUIDO,A,True,valido_automatico
SMP-001701,REINSPECAO REPROVADA,B,True,recusar_automatico
SMP-001168,ESPECIFICAÇÃO EM REVISÃO,A,False,recusar_automatico
SMP-011061,AJUSTE CONCLUIDO,C,True,valido_automatico
SMP-007163,PENDENTE,C,True,revisar
SMP-005086,AJUSTE REPROVADO,A,False,revisar
SMP-000436,REINSPECAO REPROVADA,A,True,recusar_automatico
SMP-003863,CANCELADO,C,True,recusar_automatico
SMP-011790,AJUSTE CONCLUIDO,C,False,valido_automatico
SMP-001910,AJUSTE REPROVADO,B,False,recusar_automatico
SMP-009172,APROVADO PARCIAL,A,False,valido_automatico
SMP-006835,EM ANALISE,C,True,revisar
SMP-007312,EM ANALISE,C,True,revisar
SMP-010145,APROVADO PARCIAL,B,False,valido_automatico
SMP-001526,CANCELADO,B,True,recusar_automatico
SMP-010244,AGUARDANDO REINSPEÇÃO,B,True,valido_automatico
SMP-004074,ESPECIFICAÇÃO EM REVISÃO,A,True,revisar
SMP-001795,AGUARDANDO REINSPEÇÃO,B,False,recusar_automatico
SMP-001146,FORA DE ESPECIFICACAO,A,False,recusar_automatico
SMP-005945,PENDENTE,B,False,revisar
SMP-011275,AJUSTE CONCLUIDO,C,True,valido_automatico
SMP-006642,EM ANALISE,B,False,revisar
SMP-005814,PENDENTE,B,True,revisar
SMP-011254,EM AJUSTE,C,False,valido_automatico
SMP-002908,AJUSTE REPROVADO,C,False,recusar_automatico
SMP-004365,AGUARDANDO REINSPEÇÃO,A,True,revisar
SMP-011741,APROVADO PARCIAL,C,True,valido_automatico
SMP-007377,EM ANALISE,C,False,revisar
SMP-005234,EM ANALISE,A,False,revisar
SMP-001779,FORA DE ESPECIFICACAO,B,True,recusar_automatico
SMP-001889,AJUSTE REPROVADO,B,True,recusar_automatico
SMP-010110,APROVADO PARCIAL,B,True,valido_automatico
SMP-011843,APROVADO PARCIAL,C,True,valido_automatico
SMP-005951,ESPECIFICAÇÃO EM REVISÃO,B,False,revisar
SMP-010417,AJUSTE CONCLUIDO,B,True,valido_automatico
SMP-007791,ESPECIFICAÇÃO EM REVISÃO,C,False,revisar
SMP-003344,REINSPECAO REPROVADA,C,True,recusar_automatico
SMP-010656,APROVADO PARCIAL,B,False,valido_automatico
SMP-010734,APROVADO PARCIAL,C,True,valido_automatico
SMP-011062,EM AJUSTE,C,False,valido_automatico
SMP-000507,CANCELADO,A,False,recusar_automatico
SMP-000203,REINSPECAO REPROVADA,A,True,recusar_automatico
SMP-004709,AJUSTE CONCLUIDO,A,True,revisar
SMP-003951,CANCELADO,C,False,recusar_automatico
SMP-009378,AJUSTE CONCLUIDO,B,False,valido_automatico
SMP-005706,AGUARDANDO REINSPEÇÃO,B,True,revisar
SMP-010500,APROVADO PARCIAL,B,False,valido_automatico
SMP-001026,AJUSTE REPROVADO,A,True,recusar_automatico
SMP-007228,ESPECIFICAÇÃO EM REVISÃO,C,True,revisar
SMP-008046,EM AJUSTE,A,True,valido_automatico
SMP-009722,AJUSTE CONCLUIDO,B,True,valido_automatico
SMP-005121,AGUARDANDO REINSPEÇÃO,A,False,revisar
SMP-003810,REINSPECAO REPROVADA,C,False,recusar_automatico
SMP-010710,AJUSTE CONCLUIDO,C,False,valido_automatico
SMP-001217,ESPECIFICAÇÃO EM REVISÃO,A,False,recusar_automatico
SMP-006429,ESPECIFICAÇÃO EM REVISÃO,B,True,revisar
SMP-009984,AJUSTE CONCLUIDO,B,True,valido_automatico
SMP-005686,AJUSTE REPROVADO,B,True,revisar
SMP-007040,ESPECIFICAÇÃO EM REVISÃO,C,True,revisar
SMP-004856,APROVADO PARCIAL,A,True,revisar
SMP-005237,ESPECIFICAÇÃO EM REVISÃO,A,False,revisar
SMP-001861,AGUARDANDO REINSPEÇÃO,B,True,recusar_automatico
SMP-003122,REINSPECAO REPROVADA,C,True,recusar_automatico
SMP-011696,AJUSTE CONCLUIDO,C,True,valido_automatico
SMP-011619,APROVADO PARCIAL,C,True,valido_automatico
SMP-003781,AJUSTE REPROVADO,C,True,recusar_automatico
SMP-000271,ESPECIFICAÇÃO EM REVISÃO,A,True,recusar_automatico
SMP-009962,EM AJUSTE,B,False,valido_automatico
SMP-001979,FORA DE ESPECIFICACAO,B,True,recusar_automatico
SMP-001825,CANCELADO,B,False,recusar_automatico
SMP-003632,EM ANALISE,C,True,recusar_automatico
SMP-003042,AJUSTE REPROVADO,C,False,recusar_automatico
SMP-007436,APROVADO PARCIAL,C,True,revisar
SMP-002829,CANCELADO,C,True,recusar_automatico
SMP-002095,AJUSTE REPROVADO,B,True,recusar_automatico
SMP-011288,AJUSTE CONCLUIDO,C,False,valido_automatico
SMP-009619,AJUSTE REPROVADO,B,False,valido_automatico
SMP-001776,CANCELADO,B,False,recusar_automatico
SMP-006168,ESPECIFICAÇÃO EM REVISÃO,B,True,revisar
SMP-001850,CANCELADO,B,True,recusar_automatico
SMP-011758,EM AJUSTE,C,False,valido_automatico
SMP-008679,AJUSTE REPROVADO,A,False,valido_automatico
SMP-003584,REINSPECAO REPROVADA,C,False,recusar_automatico
SMP-011168,AJUSTE REPROVADO,C,True,valido_automatico
SMP-010261,APROVADO PARCIAL,B,False,valido_automatico
SMP-001222,AJUSTE REPROVADO,A,False,recusar_automatico
SMP-001085,AJUSTE REPROVADO,A,False,recusar_automatico
SMP-006255,ESPECIFICAÇÃO EM REVISÃO,B,True,revisar
SMP-002518,FORA DE ESPECIFICACAO,B,True,recusar_automatico
SMP-001588,FORA DE ESPECIFICACAO,B,True,recusar_automatico
SMP-009126,EM AJUSTE,A,False,valido_automatico
SMP-000029,REINSPECAO REPROVADA,A,False,recusar_automatico
SMP-002868,AGUARDANDO REINSPEÇÃO,C,True,recusar_automatico
SMP-007688,EM ANALISE,C,True,revisar
SMP-005707,AGUARDANDO REINSPEÇÃO,B,False,revisar
SMP-008787,EM AJUSTE,A,False,valido_automatico
SMP-009658,AJUSTE CONCLUIDO,B,True,valido_automatico
SMP-003660,AJUSTE REPROVADO,C,True,recusar_automatico
SMP-009256,APROVADO PARCIAL,A,True,valido_automatico
SMP-011165,APROVADO PARCIAL,C,True,valido_automatico
SMP-007402,AGUARDANDO REINSPEÇÃO,C,False,revisar
SMP-004177,EM ANALISE,A,True,revisar
SMP-000736,AJUSTE REPROVADO,A,False,recusar_automatico
SMP-002263,REINSPECAO REPROVADA,B,True,recusar_automatico
SMP-005386,AGUARDANDO REINSPEÇÃO,B,True,revisar
SMP-003238,CANCELADO,C,True,recusar_automatico
SMP-010205,AGUARDANDO REINSPEÇÃO,B,True,valido_automatico
SMP-003499,REINSPECAO REPROVADA,C,False,recusar_automatico
SMP-001092,CANCELADO,A,False,recusar_automatico
SMP-011079,AJUSTE CONCLUIDO,C,False,valido_automatico
SMP-002595,REINSPECAO REPROVADA,B,True,recusar_automatico
SMP-003236,CANCELADO,C,True,recusar_automatico
SMP-002788,AJUSTE REPROVADO,C,True,recusar_automatico
SMP-010168,AJUSTE CONCLUIDO,B,False,valido_automatico
SMP-002347,CANCELADO,B,True,recusar_automatico
SMP-005528,ESPECIFICAÇÃO EM REVISÃO,B,True,revisar
SMP-005273,PENDENTE,A,False,revisar
SMP-011645,APROVADO PARCIAL,C,True,valido_automatico
SMP-004830,ESPECIFICAÇÃO EM REVISÃO,A,True,revisar
SMP-005860,EM AJUSTE,B,False,revisar
SMP-003354,AJUSTE REPROVADO,C,False,recusar_automatico
SMP-003607,FORA DE ESPECIFICACAO,C,True,recusar_automatico
SMP-005609,CANCELADO,B,False,revisar
SMP-011860,AJUSTE CONCLUIDO,C,True,valido_automatico
SMP-009907,EM AJUSTE,B,False,valido_automatico
SMP-011205,APROVADO PARCIAL,C,True,valido_automatico
SMP-008925,AJUSTE CONCLUIDO,A,False,valido_automatico
SMP-002223,AJUSTE REPROVADO,B,True,recusar_automatico
SMP-008033,ESPECIFICAÇÃO EM REVISÃO,A,False,valido_automatico
SMP-007995,AJUSTE CONCLUIDO,C,False,revisar
SMP-001922,AJUSTE REPROVADO,B,False,recusar_automatico
SMP-004218,EM AJUSTE,A,False,revisar
SMP-010680,EM AJUSTE,C,False,valido_automatico
SMP-009241,AJUSTE CONCLUIDO,A,False,valido_automatico
SMP-010799,APROVADO PARCIAL,C,False,valido_automatico
SMP-008493,AJUSTE CONCLUIDO,A,False,valido_automatico
SMP-001346,FORA DE ESPECIFICACAO,B,False,recusar_automatico
SMP-001842,REINSPECAO REPROVADA,B,False,recusar_automatico
SMP-004990,CANCELADO,A,True,revisar
SMP-003561,CANCELADO,C,False,recusar_automatico
SMP-006487,CANCELADO,B,True,revisar
SMP-006978,AGUARDANDO REINSPEÇÃO,C,False,revisar
SMP-008102,PENDENTE,A,False,valido_automatico
SMP-007650,AJUSTE REPROVADO,C,True,revisar
SMP-007776,EM AJUSTE,C,True,revisar
SMP-011664,APROVADO PARCIAL,C,True,valido_automatico
SMP-002015,EM ANALISE,B,False,recusar_automatico
SMP-009691,APROVADO PARCIAL,B,True,valido_automatico
SMP-010363,AJUSTE CONCLUIDO,B,True,valido_automatico
SMP-006063,PENDENTE,B,False,revisar
SMP-009309,APROVADO PARCIAL,A,False,valido_automatico
SMP-005432,PENDENTE,B,False,revisar
SMP-001548,CANCELADO,B,True,recusar_automatico
SMP-000114,CANCELADO,A,True,recusar_automatico
SMP-008400,AJUSTE CONCLUIDO,A,False,valido_automatico
SMP-000889,EM AJUSTE,A,True,recusar_automatico
SMP-009023,AJUSTE CONCLUIDO,A,False,valido_automatico
SMP-005534,EM ANALISE,B,False,revisar
SMP-010264,EM ANÁLISE,B,False,valido_automatico
SMP-010235,APROVADO PARCIAL,B,True,valido_automatico
SMP-003358,CANCELADO,C,True,recusar_automatico
SMP-007727,AGUARDANDO REINSPEÇÃO,C,True,revisar
SMP-003764,FORA DE ESPECIFICACAO,C,True,recusar_automatico
SMP-011290,APROVADO PARCIAL,C,False,valido_automatico
SMP-004679,PENDENTE,A,False,revisar
SMP-010120,AJUSTE CONCLUIDO,B,False,valido_automatico
SMP-004500,AGUARDANDO REINSPEÇÃO,A,True,revisar
SMP-001666,REINSPECAO REPROVADA,B,True,recusar_automatico
SMP-010621,EM AJUSTE,B,True,valido_automatico
SMP-003526,REINSPECAO REPROVADA,C,False,recusar_automatico
SMP-004434,EM ANALISE,A,False,revisar
SMP-007492,ESPECIFICAÇÃO EM REVISÃO,C,False,revisar
SMP-006485,ESPECIFICAÇÃO EM REVISÃO,B,True,revisar
SMP-003375,REINSPECAO REPROVADA,C,False,recusar_automatico
SMP-003325,AJUSTE REPROVADO,C,False,recusar_automatico
SMP-003352,REINSPECAO REPROVADA,C,True,recusar_automatico
SMP-009995,APROVADO PARCIAL,B,True,valido_automatico
SMP-006151,PENDENTE,B,False,revisar
SMP-007840,PENDENTE,C,True,revisar
SMP-005784,EM ANALISE,B,False,revisar
SMP-005251,EM AJUSTE,A,False,revisar
SMP-007188,AGUARDANDO REINSPEÇÃO,C,True,revisar
SMP-001339,AJUSTE REPROVADO,B,True,recusar_automatico
SMP-004511,ESPECIFICAÇÃO EM REVISÃO,A,True,revisar
SMP-010158,APROVADO PARCIAL,B,False,valido_automatico
SMP-004546,ESPECIFICAÇÃO EM REVISÃO,A,False,revisar
SMP-000709,FORA DE ESPECIFICACAO,A,True,recusar_automatico
SMP-011966,EM ANÁLISE,C,False,valido_automatico
SMP-000777,REINSPECAO REPROVADA,A,False,recusar_automatico
SMP-002739,EM AJUSTE,C,True,recusar_automatico
SMP-001414,CANCELADO,B,True,recusar_automatico
SMP-001985,REINSPECAO REPROVADA,B,True,recusar_automatico
SMP-009713,AJUSTE CONCLUIDO,B,True,valido_automatico
SMP-001205,PENDENTE,A,False,recusar_automatico
SMP-000992,REINSPECAO REPROVADA,A,False,recusar_automatico
SMP-005402,AGUARDANDO REINSPEÇÃO,B,True,revisar
SMP-011069,EM AJUSTE,C,False,valido_automatico
SMP-011258,EM AJUSTE,C,True,valido_automatico
SMP-000463,AJUSTE REPROVADO,A,True,recusar_automatico
SMP-000039,CANCELADO,A,False,recusar_automatico
SMP-005597,EM ANALISE,B,False,revisar
SMP-004060,AGUARDANDO REINSPEÇÃO,A,True,revisar
SMP-004584,EM ANALISE,A,False,revisar
SMP-011682,APROVADO PARCIAL,C,True,valido_automatico
SMP-008193,PENDENTE,A,True,valido_automatico
SMP-004072,EM AJUSTE,A,False,revisar
SMP-009813,APROVADO PARCIAL,B,True,valido_automatico
SMP-001514,EM AJUSTE,B,False,recusar_automatico
SMP-002757,REINSPECAO REPROVADA,C,True,recusar_automatico
SMP-007396,ESPECIFICAÇÃO EM REVISÃO,C,True,revisar
SMP-006177,ESPECIFICAÇÃO EM REVISÃO,B,True,revisar
SMP-008465,APROVADO PARCIAL,A,True,valido_automatico
SMP-004010,PENDENTE,A,True,revisar
SMP-005154,AGUARDANDO REINSPEÇÃO,A,False,revisar
SMP-001413,CANCELADO,B,False,recusar_automatico
SMP-008001,APROVADO PARCIAL,A,False,valido_automatico
SMP-010776,EM ANÁLISE,C,False,valido_automatico
SMP-008296,AJUSTE CONCLUIDO,A,False,valido_automatico
SMP-007984,AGUARDANDO REINSPEÇÃO,C,False,revisar
SMP-000495,REINSPECAO REPROVADA,A,False,recusar_automatico
SMP-001976,CANCELADO,B,True,recusar_automatico
SMP-004136,PENDENTE,A,True,revisar
SMP-008128,APROVADO PARCIAL,A,True,valido_automatico
SMP-009613,APROVADO PARCIAL,B,False,valido_automatico
SMP-009196,AJUSTE CONCLUIDO,A,False,valido_automatico
SMP-010190,AJUSTE CONCLUIDO,B,False,valido_automatico
SMP-005728,EM ANALISE,B,False,revisar
SMP-002112,CANCELADO,B,False,recusar_automatico
SMP-007592,PENDENTE,C,True,revisar
SMP-002464,AJUSTE REPROVADO,B,False,recusar_automatico
SMP-007703,AJUSTE CONCLUIDO,C,True,revisar
SMP-000977,FORA DE ESPECIFICACAO,A,True,recusar_automatico
SMP-007823,EM AJUSTE,C,False,revisar
SMP-005418,EM ANALISE,B,True,revisar
SMP-000990,EM AJUSTE,A,True,recusar_automatico
SMP-009707,APROVADO PARCIAL,B,False,valido_automatico
SMP-009517,AJUSTE CONCLUIDO,B,True,valido_automatico
SMP-011742,APROVADO PARCIAL,C,False,valido_automatico
SMP-010384,AJUSTE REPROVADO,B,True,valido_automatico
SMP-011852,EM AJUSTE,C,False,valido_automatico
SMP-004871,ESPECIFICAÇÃO EM REVISÃO,A,False,revisar
SMP-004275,EM ANALISE,A,True,revisar
SMP-008863,EM ANÁLISE,A,False,valido_automatico
SMP-003840,EM ANALISE,C,False,recusar_automatico
SMP-006014,PENDENTE,B,False,revisar
SMP-008480,APROVADO PARCIAL,A,True,valido_automatico
SMP-006810,ESPECIFICAÇÃO EM REVISÃO,C,False,revisar
SMP-011309,PENDENTE,C,False,valido_automatico
SMP-004241,EM ANALISE,A,False,revisar
SMP-006415,PENDENTE,B,True,revisar
SMP-000679,FORA DE ESPECIFICACAO,A,True,recusar_automatico
SMP-007248,PENDENTE,C,False,revisar
SMP-003870,FORA DE ESPECIFICACAO,C,False,recusar_automatico
SMP-008009,AJUSTE CONCLUIDO,A,False,valido_automatico
SMP-007695,ESPECIFICAÇÃO EM REVISÃO,C,False,revisar
SMP-008851,AJUSTE CONCLUIDO,A,False,valido_automatico
SMP-002669,CANCELADO,C,True,recusar_automatico
SMP-010154,APROVADO PARCIAL,B,True,valido_automatico
SMP-007749,PENDENTE,C,True,revisar
SMP-000396,AGUARDANDO REINSPEÇÃO,A,False,recusar_automatico
SMP-001705,PENDENTE,B,True,recusar_automatico
SMP-001022,CANCELADO,A,True,recusar_automatico
SMP-004545,AGUARDANDO REINSPEÇÃO,A,True,revisar
SMP-008094,EM AJUSTE,A,True,valido_automatico
SMP-006833,ESPECIFICAÇÃO EM REVISÃO,C,True,revisar
SMP-008137,AJUSTE CONCLUIDO,A,True,valido_automatico
SMP-002943,AJUSTE REPROVADO,C,False,recusar_automatico
SMP-003866,FORA DE ESPECIFICACAO,C,True,recusar_automatico
SMP-004382,PENDENTE,A,True,revisar
SMP-010810,AJUSTE CONCLUIDO,C,False,valido_automatico
SMP-003960,EM ANALISE,C,True,recusar_automatico
SMP-007738,EM ANALISE,C,False,revisar
SMP-008107,EM ANÁLISE,A,True,valido_automatico
SMP-007683,EM ANALISE,C,True,revisar
SMP-006625,AGUARDANDO REINSPEÇÃO,B,False,revisar
SMP-010011,PENDENTE,B,True,valido_automatico
SMP-008868,AGUARDANDO REINSPEÇÃO,A,False,valido_automatico
SMP-002009,REINSPECAO REPROVADA,B,True,recusar_automatico
SMP-011938,PENDENTE,C,False,valido_automatico
SMP-002363,FORA DE ESPECIFICACAO,B,False,recusar_automatico
SMP-000737,AJUSTE REPROVADO,A,False,recusar_automatico
SMP-002309,REINSPECAO REPROVADA,B,True,recusar_automatico
SMP-005260,ESPECIFICAÇÃO EM REVISÃO,A,True,revisar
SMP-002472,AJUSTE REPROVADO,B,False,recusar_automatico
SMP-004639,PENDENTE,A,True,revisar
SMP-002217,REINSPECAO REPROVADA,B,True,recusar_automatico
SMP-006748,CANCELADO,C,False,revisar
SMP-001962,REINSPECAO REPROVADA,B,True,recusar_automatico
SMP-006767,PENDENTE,C,True,revisar
SMP-003319,REINSPECAO REPROVADA,C,False,recusar_automatico
SMP-003674,CANCELADO,C,True,recusar_automatico
SMP-002768,AJUSTE REPROVADO,C,True,recusar_automatico
SMP-002326,AJUSTE REPROVADO,B,True,recusar_automatico
SMP-001028,CANCELADO,A,True,recusar_automatico
SMP-010592,APROVADO PARCIAL,B,True,valido_automatico
SMP-006969,PENDENTE,C,False,revisar
SMP-008656,AJUSTE CONCLUIDO,A,True,valido_automatico
SMP-008303,PENDENTE,A,False,valido_automatico
SMP-006018,EM ANALISE,B,True,revisar
SMP-010694,APROVADO PARCIAL,C,False,valido_automatico
SMP-006504,APROVADO PARCIAL,B,False,revisar
SMP-000379,FORA DE ESPECIFICACAO,A,False,recusar_automatico
SMP-005624,AGUARDANDO REINSPEÇÃO,B,True,revisar
SMP-003985,FORA DE ESPECIFICACAO,C,False,recusar_automatico
SMP-006456,CANCELADO,B,True,revisar
SMP-010027,AJUSTE REPROVADO,B,True,valido_automatico
SMP-005687,ESPECIFICAÇÃO EM REVISÃO,B,True,revisar
SMP-010744,ESPECIFICAÇÃO EM REVISÃO,C,True,valido_automatico
SMP-010053,EM ANÁLISE,B,False,valido_automatico
SMP-005169,ESPECIFICAÇÃO EM REVISÃO,A,False,revisar
SMP-008348,AJUSTE CONCLUIDO,A,False,valido_automatico
SMP-001744,CANCELADO,B,False,recusar_automatico
SMP-003353,REINSPECAO REPROVADA,C,True,recusar_automatico
SMP-000963,CANCELADO,A,False,recusar_automatico
SMP-007647,PENDENTE,C,False,revisar
SMP-008040,AJUSTE CONCLUIDO,A,False,valido_automatico
SMP-001509,CANCELADO,B,True,recusar_automatico
SMP-010857,APROVADO PARCIAL,C,False,valido_automatico
SMP-009807,APROVADO PARCIAL,B,True,valido_automatico
SMP-010287,EM AJUSTE,B,True,valido_automatico
SMP-005265,EM AJUSTE,A,False,revisar
SMP-008317,EM AJUSTE,A,False,valido_automatico
SMP-007193,AGUARDANDO REINSPEÇÃO,C,False,revisar
SMP-002220,FORA DE ESPECIFICACAO,B,False,recusar_automatico
SMP-007327,AGUARDANDO REINSPEÇÃO,C,False,revisar
SMP-006057,ESPECIFICAÇÃO EM REVISÃO,B,False,revisar
SMP-010331,AJUSTE CONCLUIDO,B,True,valido_automatico
SMP-003399,REINSPECAO REPROVADA,C,True,recusar_automatico
SMP-000920,EM ANALISE,A,True,recusar_automatico
SMP-000099,AJUSTE REPROVADO,A,True,recusar_automatico
SMP-007045,PENDENTE,C,False,revisar
SMP-011464,AJUSTE CONCLUIDO,C,False,valido_automatico
SMP-005490,PENDENTE,B,True,revisar
SMP-002809,CANCELADO,C,True,recusar_automatico
SMP-003889,REINSPECAO REPROVADA,C,True,recusar_automatico
SMP-001069,FORA DE ESPECIFICACAO,A,False,recusar_automatico
SMP-009893,EM AJUSTE,B,False,valido_automatico
SMP-010126,EM AJUSTE,B,False,valido_automatico
SMP-003900,CANCELADO,C,False,recusar_automatico
SMP-000693,FORA DE ESPECIFICACAO,A,True,recusar_automatico
SMP-010753,APROVADO PARCIAL,C,False,valido_automatico
SMP-007839,ESPECIFICAÇÃO EM REVISÃO,C,True,revisar
SMP-007855,CANCELADO,C,True,revisar
SMP-005766,ESPECIFICAÇÃO EM REVISÃO,B,False,revisar
SMP-008474,APROVADO PARCIAL,A,False,valido_automatico
SMP-011500,EM AJUSTE,C,False,valido_automatico
SMP-002336,REINSPECAO REPROVADA,B,False,recusar_automatico
SMP-002090,FORA DE ESPECIFICACAO,B,False,recusar_automatico
SMP-011003,AJUSTE CONCLUIDO,C,False,valido_automatico
SMP-004866,AGUARDANDO REINSPEÇÃO,A,False,revisar
SMP-001485,EM AJUSTE,B,True,recusar_automatico
SMP-002498,FORA DE ESPECIFICACAO,B,True,recusar_automatico
SMP-001017,REINSPECAO REPROVADA,A,False,recusar_automatico
SMP-011426,APROVADO PARCIAL,C,True,valido_automatico
SMP-004722,PENDENTE,A,True,revisar
SMP-006154,ESPECIFICAÇÃO EM REVISÃO,B,True,revisar
SMP-004673,PENDENTE,A,False,revisar
SMP-003990,FORA DE ESPECIFICACAO,C,True,recusar_automatico
SMP-011833,APROVADO PARCIAL,C,True,valido_automatico
SMP-003441,FORA DE ESPECIFICACAO,C,False,recusar_automatico
SMP-011251,AJUSTE CONCLUIDO,C,False,valido_automatico
SMP-008205,AGUARDANDO REINSPEÇÃO,A,False,valido_automatico
SMP-011028,APROVADO PARCIAL,C,False,valido_automatico
SMP-008433,AJUSTE CONCLUIDO,A,True,valido_automatico
SMP-001547,REINSPECAO REPROVADA,B,True,recusar_automatico
SMP-009932,APROVADO PARCIAL,B,False,valido_automatico
SMP-007604,CANCELADO,C,False,revisar
SMP-010296,APROVADO PARCIAL,B,False,valido_automatico
SMP-009373,AJUSTE CONCLUIDO,B,False,valido_automatico
SMP-011071,APROVADO PARCIAL,C,True,valido_automatico
SMP-010652,AJUSTE CONCLUIDO,B,False,valido_automatico
SMP-000158,PENDENTE,A,True,recusar_automatico
SMP-002127,FORA DE ESPECIFICACAO,B,False,recusar_automatico
SMP-003374,AJUSTE REPROVADO,C,False,recusar_automatico
SMP-001549,CANCELADO,B,False,recusar_automatico
SMP-000571,REINSPECAO REPROVADA,A,True,recusar_automatico
SMP-000930,AJUSTE REPROVADO,A,True,recusar_automatico
SMP-007509,PENDENTE,C,True,revisar
SMP-006593,ESPECIFICAÇÃO EM REVISÃO,B,False,revisar
SMP-007887,PENDENTE,C,True,revisar
SMP-009223,AJUSTE CONCLUIDO,A,False,valido_automatico
SMP-005356,EM ANALISE,B,False,revisar
SMP-004699,AGUARDANDO REINSPEÇÃO,A,False,revisar
SMP-005754,ESPECIFICAÇÃO EM REVISÃO,B,False,revisar
SMP-000241,AJUSTE REPROVADO,A,False,recusar_automatico
SMP-002119,CANCELADO,B,False,recusar_automatico
SMP-010375,AJUSTE CONCLUIDO,B,True,valido_automatico
SMP-004797,AJUSTE REPROVADO,A,True,revisar
SMP-000176,AJUSTE REPROVADO,A,False,recusar_automatico
SMP-003695,REINSPECAO REPROVADA,C,False,recusar_automatico
SMP-007771,AJUSTE CONCLUIDO,C,True,revisar
SMP-004759,AGUARDANDO REINSPEÇÃO,A,True,revisar
SMP-008431,AJUSTE CONCLUIDO,A,True,valido_automatico
SMP-003012,AJUSTE REPROVADO,C,False,recusar_automatico
SMP-008470,AGUARDANDO REINSPEÇÃO,A,False,valido_automatico
SMP-001899,CANCELADO,B,False,recusar_automatico
SMP-009245,EM AJUSTE,A,True,valido_automatico
SMP-007944,ESPECIFICAÇÃO EM REVISÃO,C,True,revisar
SMP-009779,APROVADO PARCIAL,B,True,valido_automatico
SMP-007204,AGUARDANDO REINSPEÇÃO,C,False,revisar
SMP-000811,CANCELADO,A,True,recusar_automatico
SMP-001030,FORA DE ESPECIFICACAO,A,True,recusar_automatico
SMP-009788,APROVADO PARCIAL,B,True,valido_automatico
SMP-003864,PENDENTE,C,True,recusar_automatico
SMP-004810,ESPECIFICAÇÃO EM REVISÃO,A,False,revisar
SMP-011171,APROVADO PARCIAL,C,True,valido_automatico
SMP-004282,ESPECIFICAÇÃO EM REVISÃO,A,False,revisar
SMP-010772,AJUSTE CONCLUIDO,C,False,valido_automatico
SMP-001228,REINSPECAO REPROVADA,A,False,recusar_automatico
SMP-004068,ESPECIFICAÇÃO EM REVISÃO,A,True,revisar
SMP-011060,AGUARDANDO REINSPEÇÃO,C,False,valido_automatico
SMP-011503,EM ANÁLISE,C,False,valido_automatico
SMP-003389,CANCELADO,C,False,recusar_automatico
SMP-004924,AGUARDANDO REINSPEÇÃO,A,False,revisar
SMP-000760,REINSPECAO REPROVADA,A,True,recusar_automatico
SMP-000707,REINSPECAO REPROVADA,A,False,recusar_automatico
SMP-009398,EM AJUSTE,B,False,valido_automatico
SMP-005175,REINSPECAO REPROVADA,A,False,revisar
SMP-005267,PENDENTE,A,False,revisar
SMP-000235,AJUSTE REPROVADO,A,True,recusar_automatico
SMP-008733,EM ANÁLISE,A,False,valido_automatico
SMP-009883,AJUSTE CONCLUIDO,B,False,valido_automatico
SMP-002902,CANCELADO,C,True,recusar_automatico
SMP-004642,PENDENTE,A,True,revisar
SMP-006424,ESPECIFICAÇÃO EM REVISÃO,B,True,revisar
SMP-011190,APROVADO PARCIAL,C,True,valido_automatico
SMP-008729,APROVADO PARCIAL,A,False,valido_automatico
SMP-006455,AGUARDANDO REINSPEÇÃO,B,False,revisar
SMP-007273,AJUSTE CONCLUIDO,C,True,revisar
SMP-007185,EM ANALISE,C,False,revisar
SMP-000224,PENDENTE,A,False,recusar_automatico
SMP-002187,REINSPECAO REPROVADA,B,False,recusar_automatico
SMP-000734,AJUSTE REPROVADO,A,True,recusar_automatico
SMP-008410,ESPECIFICAÇÃO EM REVISÃO,A,True,valido_automatico
SMP-004095,AGUARDANDO REINSPEÇÃO,A,False,revisar
SMP-001897,CANCELADO,B,True,recusar_automatico
SMP-010393,EM ANÁLISE,B,False,valido_automatico
SMP-009532,AJUSTE CONCLUIDO,B,True,valido_automatico
SMP-005389,PENDENTE,B,True,revisar
SMP-009425,EM AJUSTE,B,True,valido_automatico
SMP-004103,EM ANALISE,A,True,revisar
SMP-003263,PENDENTE,C,False,recusar_automatico
SMP-001438,AJUSTE REPROVADO,B,False,recusar_automatico
SMP-011929,EM AJUSTE,C,False,valido_automatico
SMP-002873,AJUSTE REPROVADO,C,True,recusar_automatico
SMP-005295,PENDENTE,A,True,revisar
SMP-011368,PENDENTE,C,False,valido_automatico
SMP-002784,AJUSTE REPROVADO,C,True,recusar_automatico
SMP-002800,CANCELADO,C,True,recusar_automatico
SMP-007479,ESPECIFICAÇÃO EM REVISÃO,C,False,revisar
SMP-000182,AJUSTE REPROVADO,A,False,recusar_automatico
SMP-005698,ESPECIFICAÇÃO EM REVISÃO,B,False,revisar
SMP-001364,REINSPECAO REPROVADA,B,True,recusar_automatico
SMP-007710,EM ANALISE,C,True,revisar
SMP-010404,APROVADO PARCIAL,B,False,valido_automatico
SMP-011676,APROVADO PARCIAL,C,True,valido_automatico
SMP-000624,AJUSTE REPROVADO,A,True,recusar_automatico
SMP-003073,AJUSTE REPROVADO,C,False,recusar_automatico
SMP-001625,EM ANALISE,B,False,recusar_automatico
SMP-000255,FORA DE ESPECIFICACAO,A,False,recusar_automatico
SMP-003168,AJUSTE REPROVADO,C,True,recusar_automatico
SMP-002515,PENDENTE,B,False,recusar_automatico
SMP-006070,ESPECIFICAÇÃO EM REVISÃO,B,False,revisar
SMP-000969,CANCELADO,A,False,recusar_automatico
SMP-003123,CANCELADO,C,True,recusar_automatico
SMP-004416,PENDENTE,A,False,revisar
SMP-009505,EM ANÁLISE,B,False,valido_automatico
SMP-000596,REINSPECAO REPROVADA,A,False,recusar_automatico
SMP-010700,APROVADO PARCIAL,C,True,valido_automatico
SMP-003107,REINSPECAO REPROVADA,C,True,recusar_automatico
SMP-010490,AJUSTE CONCLUIDO,B,False,valido_automatico
SMP-006660,EM ANALISE,B,True,revisar
SMP-000924,AJUSTE REPROVADO,A,True,recusar_automatico
SMP-010949,APROVADO PARCIAL,C,False,valido_automatico
SMP-006128,PENDENTE,B,False,revisar
SMP-003600,ESPECIFICAÇÃO EM REVISÃO,C,False,recusar_automatico
SMP-003030,FORA DE ESPECIFICACAO,C,False,recusar_automatico
SMP-000652,AJUSTE REPROVADO,A,True,recusar_automatico
SMP-002074,CANCELADO,B,True,recusar_automatico
SMP-008479,AJUSTE CONCLUIDO,A,True,valido_automatico
SMP-009028,ESPECIFICAÇÃO EM REVISÃO,A,True,valido_automatico
SMP-006614,ESPECIFICAÇÃO EM REVISÃO,B,False,revisar
SMP-005500,AGUARDANDO REINSPEÇÃO,B,True,revisar
SMP-006194,PENDENTE,B,True,revisar
SMP-002474,EM ANALISE,B,False,recusar_automatico
SMP-008979,APROVADO PARCIAL,A,True,valido_automatico
SMP-002936,EM AJUSTE,C,False,recusar_automatico
SMP-002132,FORA DE ESPECIFICACAO,B,False,recusar_automatico
SMP-000999,CANCELADO,A,True,recusar_automatico
SMP-010843,APROVADO PARCIAL,C,False,valido_automatico
SMP-011945,APROVADO PARCIAL,C,True,valido_automatico
SMP-011256,AJUSTE CONCLUIDO,C,False,valido_automatico
SMP-010676,APROVADO PARCIAL,C,False,valido_automatico
SMP-004712,EM ANALISE,A,True,revisar
SMP-001382,FORA DE ESPECIFICACAO,B,False,recusar_automatico
SMP-009992,APROVADO PARCIAL,B,False,valido_automatico
SMP-009655,AJUSTE CONCLUIDO,B,True,valido_automatico
SMP-009089,AJUSTE CONCLUIDO,A,True,valido_automatico
SMP-000866,AJUSTE REPROVADO,A,True,recusar_automatico
SMP-001868,FORA DE ESPECIFICACAO,B,True,recusar_automatico
SMP-006344,ESPECIFICAÇÃO EM REVISÃO,B,True,revisar
SMP-005712,EM ANALISE,B,True,revisar
SMP-011093,AJUSTE CONCLUIDO,C,True,valido_automatico
SMP-007098,EM ANALISE,C,False,revisar
SMP-009720,APROVADO PARCIAL,B,True,valido_automatico
SMP-007343,AGUARDANDO REINSPEÇÃO,C,False,revisar
SMP-008740,APROVADO PARCIAL,A,True,valido_automatico
SMP-000805,REINSPECAO REPROVADA,A,False,recusar_automatico
SMP-002178,FORA DE ESPECIFICACAO,B,True,recusar_automatico
SMP-006338,PENDENTE,B,True,revisar
SMP-003529,FORA DE ESPECIFICACAO,C,True,recusar_automatico
SMP-008814,AJUSTE CONCLUIDO,A,False,valido_automatico
SMP-008969,APROVADO PARCIAL,A,False,valido_automatico
SMP-003450,FORA DE ESPECIFICACAO,C,False,recusar_automatico
SMP-003386,CANCELADO,C,False,recusar_automatico
SMP-011767,ESPECIFICAÇÃO EM REVISÃO,C,False,valido_automatico
SMP-008149,PENDENTE,A,False,valido_automatico
SMP-008157,AJUSTE CONCLUIDO,A,False,valido_automatico
SMP-003597,REINSPECAO REPROVADA,C,False,recusar_automatico
SMP-002092,REINSPECAO REPROVADA,B,True,recusar_automatico
SMP-003369,AJUSTE REPROVADO,C,True,recusar_automatico
SMP-007564,AGUARDANDO REINSPEÇÃO,C,True,revisar
SMP-007640,AGUARDANDO REINSPEÇÃO,C,True,revisar
SMP-008481,APROVADO PARCIAL,A,False,valido_automatico
SMP-011697,AJUSTE CONCLUIDO,C,True,valido_automatico
SMP-010625,APROVADO PARCIAL,B,False,valido_automatico
SMP-001971,REINSPECAO REPROVADA,B,True,recusar_automatico
SMP-011392,APROVADO PARCIAL,C,True,valido_automatico
SMP-007826,ESPECIFICAÇÃO EM REVISÃO,C,False,revisar
SMP-010745,PENDENTE,C,False,valido_automatico
SMP-007311,ESPECIFICAÇÃO EM REVISÃO,C,False,revisar
SMP-009749,EM ANÁLISE,B,True,valido_automatico
SMP-005361,AGUARDANDO REINSPEÇÃO,B,False,revisar
SMP-004488,ESPECIFICAÇÃO EM REVISÃO,A,False,revisar
SMP-008931,AJUSTE CONCLUIDO,A,False,valido_automatico
SMP-011297,EM AJUSTE,C,True,valido_automatico
SMP-004446,PENDENTE,A,False,revisar
SMP-004061,ESPECIFICAÇÃO EM REVISÃO,A,True,revisar
SMP-003510,EM AJUSTE,C,True,recusar_automatico
SMP-009742,AJUSTE CONCLUIDO,B,False,valido_automatico
SMP-001353,AJUSTE REPROVADO,B,True,recusar_automatico
SMP-004255,ESPECIFICAÇÃO EM REVISÃO,A,False,revisar
SMP-002547,AJUSTE REPROVADO,B,True,recusar_automatico
SMP-001760,FORA DE ESPECIFICACAO,B,True,recusar_automatico
SMP-005643,PENDENTE,B,False,revisar
SMP-006836,AGUARDANDO REINSPEÇÃO,C,True,revisar
SMP-010230,APROVADO PARCIAL,B,True,valido_automatico
SMP-011859,EM AJUSTE,C,True,valido_automatico
SMP-008644,EM ANÁLISE,A,False,valido_automatico
SMP-001734,FORA DE ESPECIFICACAO,B,True,recusar_automatico
SMP-010121,AJUSTE CONCLUIDO,B,True,valido_automatico
SMP-007168,EM AJUSTE,C,True,revisar
SMP-011330,PENDENTE,C,False,valido_automatico
SMP-005262,AGUARDANDO REINSPEÇÃO,A,True,revisar
SMP-005896,EM ANALISE,B,True,revisar
SMP-007414,PENDENTE,C,False,revisar
SMP-008448,ESPECIFICAÇÃO EM REVISÃO,A,True,valido_automatico
SMP-001159,CANCELADO,A,False,recusar_automatico
SMP-010078,APROVADO PARCIAL,B,True,valido_automatico
SMP-002663,FORA DE ESPECIFICACAO,B,False,recusar_automatico
SMP-004298,AGUARDANDO REINSPEÇÃO,A,False,revisar
SMP-006632,PENDENTE,B,False,revisar
SMP-008824,APROVADO PARCIAL,A,False,valido_automatico
SMP-004038,PENDENTE,A,True,revisar
SMP-009590,APROVADO PARCIAL,B,False,valido_automatico
SMP-009481,AJUSTE CONCLUIDO,B,True,valido_automatico
SMP-010996,EM ANÁLISE,C,False,valido_automatico
SMP-002745,REINSPECAO REPROVADA,C,True,recusar_automatico
SMP-006451,PENDENTE,B,False,revisar
SMP-001994,CANCELADO,B,True,recusar_automatico
SMP-001402,AJUSTE REPROVADO,B,True,recusar_automatico
SMP-011559,APROVADO PARCIAL,C,True,valido_automatico
SMP-001579,CANCELADO,B,False,recusar_automatico
SMP-004523,ESPECIFICAÇÃO EM REVISÃO,A,True,revisar
SMP-004311,EM ANALISE,A,True,revisar
SMP-004438,PENDENTE,A,True,revisar
SMP-002338,AJUSTE REPROVADO,B,False,recusar_automatico
SMP-011981,APROVADO PARCIAL,C,True,valido_automatico
SMP-010089,APROVADO PARCIAL,B,False,valido_automatico
SMP-004379,CANCELADO,A,True,revisar
SMP-008785,EM AJUSTE,A,False,valido_automatico
SMP-011817,APROVADO PARCIAL,C,False,valido_automatico
SMP-007277,PENDENTE,C,True,revisar
SMP-008459,EM AJUSTE,A,False,valido_automatico
SMP-010947,EM ANÁLISE,C,True,valido_automatico
SMP-001772,REINSPECAO REPROVADA,B,False,recusar_automatico
SMP-001496,CANCELADO,B,False,recusar_automatico
SMP-002046,PENDENTE,B,True,recusar_automatico
SMP-001622,PENDENTE,B,True,recusar_automatico
SMP-003448,AJUSTE REPROVADO,C,False,recusar_automatico
SMP-004583,AGUARDANDO REINSPEÇÃO,A,True,revisar
SMP-011825,PENDENTE,C,True,valido_automatico
SMP-002248,FORA DE ESPECIFICACAO,B,False,recusar_automatico
SMP-000539,REINSPECAO REPROVADA,A,False,recusar_automatico
SMP-004059,EM ANALISE,A,True,revisar
SMP-004752,EM ANALISE,A,True,revisar
SMP-006696,PENDENTE,C,False,revisar
SMP-000073,EM AJUSTE,A,False,recusar_automatico
SMP-007441,EM ANALISE,C,True,revisar
SMP-002608,REINSPECAO REPROVADA,B,True,recusar_automatico
SMP-000886,REINSPECAO REPROVADA,A,False,recusar_automatico
SMP-008257,AJUSTE REPROVADO,A,False,valido_automatico
SMP-006643,PENDENTE,B,True,revisar
SMP-000486,REINSPECAO REPROVADA,A,True,recusar_automatico
SMP-010548,AJUSTE CONCLUIDO,B,False,valido_automatico
SMP-001788,EM AJUSTE,B,False,recusar_automatico
SMP-006050,EM ANALISE,B,False,revisar
SMP-006886,PENDENTE,C,False,revisar
SMP-002012,CANCELADO,B,True,recusar_automatico
SMP-004953,EM ANALISE,A,False,revisar
SMP-003254,AJUSTE REPROVADO,C,False,recusar_automatico
SMP-003252,CANCELADO,C,False,recusar_automatico
SMP-004893,PENDENTE,A,True,revisar
SMP-003299,CANCELADO,C,False,recusar_automatico
SMP-008166,EM ANÁLISE,A,True,valido_automatico
SMP-011802,EM AJUSTE,C,False,valido_automatico
SMP-007595,AGUARDANDO REINSPEÇÃO,C,False,revisar
SMP-002830,FORA DE ESPECIFICACAO,C,False,recusar_automatico
SMP-007795,ESPECIFICAÇÃO EM REVISÃO,C,True,revisar
SMP-011179,AJUSTE CONCLUIDO,C,True,valido_automatico
SMP-009379,PENDENTE,B,False,valido_automatico
SMP-003269,REINSPECAO REPROVADA,C,False,recusar_automatico
SMP-010914,AJUSTE CONCLUIDO,C,True,valido_automatico
SMP-000496,FORA DE ESPECIFICACAO,A,True,recusar_automatico
SMP-001686,CANCELADO,B,True,recusar_automatico
SMP-009635,AJUSTE CONCLUIDO,B,True,valido_automatico
SMP-005014,AGUARDANDO REINSPEÇÃO,A,True,revisar
SMP-004697,ESPECIFICAÇÃO EM REVISÃO,A,True,revisar
SMP-007911,APROVADO PARCIAL,C,True,revisar
SMP-011470,APROVADO PARCIAL,C,True,valido_automatico
SMP-008420,AJUSTE CONCLUIDO,A,False,valido_automatico
SMP-002585,CANCELADO,B,True,recusar_automatico
SMP-006972,PENDENTE,C,False,revisar
SMP-008082,AJUSTE CONCLUIDO,A,False,valido_automatico
SMP-000630,REINSPECAO REPROVADA,A,True,recusar_automatico
SMP-004128,PENDENTE,A,True,revisar
SMP-009394,AJUSTE CONCLUIDO,B,False,valido_automatico
SMP-008421,APROVADO PARCIAL,A,True,valido_automatico
SMP-006948,EM ANALISE,C,False,revisar
SMP-000214,PENDENTE,A,True,recusar_automatico
SMP-007594,PENDENTE,C,False,revisar
SMP-000964,FORA DE ESPECIFICACAO,A,False,recusar_automatico
SMP-001712,CANCELADO,B,True,recusar_automatico
SMP-003092,FORA DE ESPECIFICACAO,C,True,recusar_automatico
SMP-009998,APROVADO PARCIAL,B,True,valido_automatico
SMP-006328,PENDENTE,B,False,revisar
SMP-010653,APROVADO PARCIAL,B,True,valido_automatico
SMP-009750,AJUSTE CONCLUIDO,B,True,valido_automatico
SMP-002934,REINSPECAO REPROVADA,C,True,recusar_automatico
SMP-009829,APROVADO PARCIAL,B,True,valido_automatico
SMP-007723,EM ANALISE,C,True,revisar
SMP-006440,REINSPECAO REPROVADA,B,False,revisar
SMP-007102,REINSPECAO REPROVADA,C,False,revisar
SMP-000476,FORA DE ESPECIFICACAO,A,True,recusar_automatico
SMP-010806,APROVADO PARCIAL,C,False,valido_automatico
SMP-003202,AJUSTE REPROVADO,C,True,recusar_automatico
SMP-010339,APROVADO PARCIAL,B,False,valido_automatico
SMP-008976,AJUSTE CONCLUIDO,A,False,valido_automatico
SMP-002098,CANCELADO,B,False,recusar_automatico
SMP-000628,CANCELADO,A,False,recusar_automatico
SMP-004040,PENDENTE,A,False,revisar
SMP-000228,REINSPECAO REPROVADA,A,False,recusar_automatico
SMP-009566,APROVADO PARCIAL,B,True,valido_automatico
SMP-005566,AJUSTE CONCLUIDO,B,False,revisar
SMP-007092,ESPECIFICAÇÃO EM REVISÃO,C,True,revisar
SMP-009178,EM AJUSTE,A,True,valido_automatico
SMP-002232,FORA DE ESPECIFICACAO,B,False,recusar_automatico
SMP-009718,APROVADO PARCIAL,B,True,valido_automatico
SMP-009503,EM ANÁLISE,B,False,valido_automatico
SMP-008515,AJUSTE CONCLUIDO,A,True,valido_automatico
SMP-009462,AJUSTE CONCLUIDO,B,True,valido_automatico
SMP-005421,PENDENTE,B,True,revisar
SMP-000918,AJUSTE REPROVADO,A,True,recusar_automatico
SMP-007753,ESPECIFICAÇÃO EM REVISÃO,C,True,revisar
SMP-002631,REINSPECAO REPROVADA,B,True,recusar_automatico
SMP-000293,CANCELADO,A,False,recusar_automatico
SMP-007428,EM AJUSTE,C,True,revisar
SMP-010807,AJUSTE CONCLUIDO,C,True,valido_automatico
SMP-004147,AGUARDANDO REINSPEÇÃO,A,False,revisar
SMP-007062,PENDENTE,C,False,revisar
SMP-005066,EM ANALISE,A,False,revisar
SMP-011890,PENDENTE,C,True,valido_automatico
SMP-005557,PENDENTE,B,True,revisar
SMP-006325,PENDENTE,B,False,revisar
SMP-001784,ESPECIFICAÇÃO EM REVISÃO,B,True,recusar_automatico
SMP-000093,AJUSTE REPROVADO,A,False,recusar_automatico
SMP-006555,PENDENTE,B,False,revisar
SMP-006072,EM ANALISE,B,False,revisar
SMP-005704,ESPECIFICAÇÃO EM REVISÃO,B,False,revisar
SMP-005552,EM ANALISE,B,False,revisar
SMP-000442,AJUSTE REPROVADO,A,False,recusar_automatico
SMP-009351,APROVADO PARCIAL,B,False,valido_automatico
SMP-003267,AGUARDANDO REINSPEÇÃO,C,False,recusar_automatico
SMP-005129,AGUARDANDO REINSPEÇÃO,A,True,revisar
SMP-007486,REINSPECAO REPROVADA,C,True,revisar
SMP-001913,REINSPECAO REPROVADA,B,True,recusar_automatico
SMP-001242,CANCELADO,A,False,recusar_automatico
SMP-010890,AJUSTE CONCLUIDO,C,False,valido_automatico
SMP-000771,EM ANALISE,A,True,recusar_automatico
SMP-001695,REINSPECAO REPROVADA,B,True,recusar_automatico
SMP-009987,AJUSTE CONCLUIDO,B,False,valido_automatico
SMP-003216,PENDENTE,C,True,recusar_automatico
SMP-002630,AJUSTE REPROVADO,B,True,recusar_automatico
SMP-011059,AGUARDANDO REINSPEÇÃO,C,False,valido_automatico
SMP-001778,CANCELADO,B,False,recusar_automatico
SMP-000575,AJUSTE REPROVADO,A,False,recusar_automatico
SMP-005829,EM ANALISE,B,False,revisar
SMP-004204,PENDENTE,A,True,revisar
SMP-000296,FORA DE ESPECIFICACAO,A,False,recusar_automatico
SMP-004835,ESPECIFICAÇÃO EM REVISÃO,A,True,revisar
SMP-004717,EM ANALISE,A,False,revisar
SMP-011708,AJUSTE CONCLUIDO,C,False,valido_automatico
SMP-008599,APROVADO PARCIAL,A,True,valido_automatico
SMP-005606,ESPECIFICAÇÃO EM REVISÃO,B,True,revisar
SMP-011124,APROVADO PARCIAL,C,True,valido_automatico
SMP-001293,CANCELADO,A,False,recusar_automatico
SMP-006737,PENDENTE,C,False,revisar
SMP-002475,REINSPECAO REPROVADA,B,True,recusar_automatico
SMP-009539,EM AJUSTE,B,False,valido_automatico
SMP-003112,REINSPECAO REPROVADA,C,False,recusar_automatico
SMP-004739,ESPECIFICAÇÃO EM REVISÃO,A,True,revisar
SMP-007751,PENDENTE,C,True,revisar
SMP-009565,AJUSTE CONCLUIDO,B,True,valido_automatico
SMP-010051,APROVADO PARCIAL,B,True,valido_automatico
SMP-004465,AGUARDANDO REINSPEÇÃO,A,True,revisar
SMP-007806,PENDENTE,C,True,revisar
SMP-000416,FORA DE ESPECIFICACAO,A,False,recusar_automatico
SMP-008781,AJUSTE CONCLUIDO,A,True,valido_automatico
SMP-010738,APROVADO PARCIAL,C,True,valido_automatico
SMP-005064,EM ANALISE,A,False,revisar
SMP-001334,AJUSTE REPROVADO,A,True,recusar_automatico
SMP-000282,CANCELADO,A,False,recusar_automatico
SMP-004592,ESPECIFICAÇÃO EM REVISÃO,A,False,revisar
SMP-010323,AJUSTE CONCLUIDO,B,True,valido_automatico
SMP-009228,AJUSTE CONCLUIDO,A,False,valido_automatico
SMP-011431,AJUSTE CONCLUIDO,C,True,valido_automatico
SMP-011193,EM AJUSTE,C,True,valido_automatico
SMP-000324,REINSPECAO REPROVADA,A,True,recusar_automatico
SMP-005620,PENDENTE,B,True,revisar
SMP-009471,AJUSTE CONCLUIDO,B,True,valido_automatico
SMP-004117,AGUARDANDO REINSPEÇÃO,A,False,revisar
SMP-001670,CANCELADO,B,False,recusar_automatico
SMP-009506,EM AJUSTE,B,False,valido_automatico
SMP-009688,EM ANÁLISE,B,False,valido_automatico
SMP-007649,EM ANALISE,C,False,revisar
SMP-011300,APROVADO PARCIAL,C,True,valido_automatico
SMP-006518,EM ANALISE,B,True,revisar
SMP-006135,AGUARDANDO REINSPEÇÃO,B,False,revisar
SMP-000951,AJUSTE REPROVADO,A,True,recusar_automatico
SMP-011932,AJUSTE CONCLUIDO,C,False,valido_automatico
SMP-005722,AGUARDANDO REINSPEÇÃO,B,False,revisar
SMP-005658,ESPECIFICAÇÃO EM REVISÃO,B,False,revisar
SMP-004044,AGUARDANDO REINSPEÇÃO,A,True,revisar
SMP-001521,AJUSTE REPROVADO,B,True,recusar_automatico
SMP-000715,AJUSTE REPROVADO,A,True,recusar_automatico
SMP-008201,AJUSTE CONCLUIDO,A,False,valido_automatico
SMP-008671,EM AJUSTE,A,False,valido_automatico
SMP-007999,AGUARDANDO REINSPEÇÃO,C,False,revisar
SMP-003783,CANCELADO,C,False,recusar_automatico
SMP-009205,AJUSTE CONCLUIDO,A,False,valido_automatico
SMP-010756,EM ANÁLISE,C,True,valido_automatico
SMP-005107,AGUARDANDO REINSPEÇÃO,A,True,revisar
SMP-009682,APROVADO PARCIAL,B,True,valido_automatico
SMP-001756,AJUSTE REPROVADO,B,False,recusar_automatico
SMP-001656,REINSPECAO REPROVADA,B,True,recusar_automatico
SMP-000563,CANCELADO,A,False,recusar_automatico
SMP-003875,REINSPECAO REPROVADA,C,True,recusar_automatico
SMP-003006,FORA DE ESPECIFICACAO,C,False,recusar_automatico
SMP-004116,AGUARDANDO REINSPEÇÃO,A,True,revisar
SMP-005504,AGUARDANDO REINSPEÇÃO,B,False,revisar
SMP-010234,AJUSTE CONCLUIDO,B,False,valido_automatico
SMP-002479,AJUSTE REPROVADO,B,False,recusar_automatico
SMP-008294,AJUSTE CONCLUIDO,A,True,valido_automatico
SMP-000933,FORA DE ESPECIFICACAO,A,False,recusar_automatico
SMP-009202,AJUSTE CONCLUIDO,A,False,valido_automatico
SMP-011501,PENDENTE,C,True,valido_automatico
SMP-004536,PENDENTE,A,False,revisar
SMP-008178,APROVADO PARCIAL,A,False,valido_automatico
SMP-000067,FORA DE ESPECIFICACAO,A,False,recusar_automatico
SMP-005776,AGUARDANDO REINSPEÇÃO,B,True,revisar
SMP-002478,FORA DE ESPECIFICACAO,B,True,recusar_automatico
SMP-010307,EM ANÁLISE,B,True,valido_automatico
SMP-008287,APROVADO PARCIAL,A,True,valido_automatico
SMP-001939,FORA DE ESPECIFICACAO,B,True,recusar_automatico
SMP-005370,PENDENTE,B,True,revisar
SMP-006431,PENDENTE,B,False,revisar
SMP-008555,AJUSTE CONCLUIDO,A,True,valido_automatico
SMP-009390,APROVADO PARCIAL,B,True,valido_automatico
SMP-004979,EM ANALISE,A,False,revisar
SMP-003920,REINSPECAO REPROVADA,C,True,recusar_automatico
SMP-002313,AJUSTE REPROVADO,B,False,recusar_automatico
SMP-010614,EM AJUSTE,B,True,valido_automatico
SMP-008856,APROVADO PARCIAL,A,False,valido_automatico
SMP-010852,AJUSTE CONCLUIDO,C,True,valido_automatico
SMP-004776,PENDENTE,A,False,revisar
SMP-007754,PENDENTE,C,True,revisar
SMP-004684,ESPECIFICAÇÃO EM REVISÃO,A,False,revisar
SMP-003918,FORA DE ESPECIFICACAO,C,True,recusar_automatico
SMP-002897,FORA DE ESPECIFICACAO,C,False,recusar_automatico
SMP-001350,CANCELADO,B,True,recusar_automatico
SMP-005581,ESPECIFICAÇÃO EM REVISÃO,B,False,revisar
SMP-009928,EM ANÁLISE,B,False,valido_automatico
SMP-011123,EM ANÁLISE,C,True,valido_automatico
SMP-004520,CANCELADO,A,True,revisar
SMP-008958,APROVADO PARCIAL,A,True,valido_automatico
SMP-001443,AGUARDANDO REINSPEÇÃO,B,True,recusar_automatico
SMP-000740,REINSPECAO REPROVADA,A,True,recusar_automatico
SMP-006467,ESPECIFICAÇÃO EM REVISÃO,B,False,revisar
SMP-008930,AJUSTE CONCLUIDO,A,False,valido_automatico
SMP-009614,APROVADO PARCIAL,B,True,valido_automatico
SMP-008182,EM AJUSTE,A,False,valido_automatico
SMP-002373,FORA DE ESPECIFICACAO,B,False,recusar_automatico
SMP-001914,FORA DE ESPECIFICACAO,B,False,recusar_automatico
SMP-007785,AGUARDANDO REINSPEÇÃO,C,True,revisar
SMP-011665,APROVADO PARCIAL,C,True,valido_automatico
SMP-006397,EM ANALISE,B,False,revisar
SMP-007361,PENDENTE,C,True,revisar
SMP-009321,AJUSTE CONCLUIDO,A,False,valido_automatico
SMP-011885,AJUSTE CONCLUIDO,C,False,valido_automatico
SMP-002331,REINSPECAO REPROVADA,B,False,recusar_automatico
SMP-001381,FORA DE ESPECIFICACAO,B,True,recusar_automatico
SMP-006307,EM AJUSTE,B,False,revisar
SMP-001412,REINSPECAO REPROVADA,B,False,recusar_automatico
SMP-011152,APROVADO PARCIAL,C,True,valido_automatico
SMP-002969,CANCELADO,C,False,recusar_automatico
SMP-001545,AJUSTE REPROVADO,B,True,recusar_automatico
SMP-006280,EM ANALISE,B,True,revisar
SMP-002460,CANCELADO,B,False,recusar_automatico
SMP-007321,EM ANALISE,C,True,revisar
SMP-010988,APROVADO PARCIAL,C,True,valido_automatico
SMP-004202,ESPECIFICAÇÃO EM REVISÃO,A,True,revisar
SMP-000211,FORA DE ESPECIFICACAO,A,True,recusar_automatico
SMP-001659,REINSPECAO REPROVADA,B,False,recusar_automatico
SMP-003795,REINSPECAO REPROVADA,C,False,recusar_automatico
SMP-002147,REINSPECAO REPROVADA,B,False,recusar_automatico
SMP-009366,APROVADO PARCIAL,B,True,valido_automatico
SMP-003160,AJUSTE REPROVADO,C,False,recusar_automatico
SMP-008292,PENDENTE,A,False,valido_automatico
SMP-006283,PENDENTE,B,True,revisar
SMP-010545,AJUSTE CONCLUIDO,B,True,valido_automatico
SMP-005447,ESPECIFICAÇÃO EM REVISÃO,B,False,revisar
SMP-007158,CANCELADO,C,False,revisar
SMP-010188,AJUSTE CONCLUIDO,B,True,valido_automatico
SMP-000492,FORA DE ESPECIFICACAO,A,True,recusar_automatico
SMP-009520,AGUARDANDO REINSPEÇÃO,B,False,valido_automatico
SMP-002619,EM ANALISE,B,False,recusar_automatico
SMP-006236,REINSPECAO REPROVADA,B,False,revisar
SMP-010293,EM AJUSTE,B,False,valido_automatico
SMP-004026,ESPECIFICAÇÃO EM REVISÃO,A,False,revisar
SMP-003066,CANCELADO,C,False,recusar_automatico
SMP-007260,EM ANALISE,C,True,revisar
SMP-000759,AJUSTE REPROVADO,A,False,recusar_automatico
SMP-008917,APROVADO PARCIAL,A,False,valido_automatico
SMP-005560,PENDENTE,B,False,revisar
SMP-005000,AGUARDANDO REINSPEÇÃO,A,False,revisar
SMP-006848,PENDENTE,C,False,revisar
SMP-000789,EM ANALISE,A,False,recusar_automatico
SMP-002567,PENDENTE,B,False,recusar_automatico
SMP-005326,PENDENTE,A,True,revisar
SMP-003231,REINSPECAO REPROVADA,C,False,recusar_automatico
SMP-007015,EM ANALISE,C,False,revisar
SMP-006205,EM ANALISE,B,True,revisar
SMP-004102,AGUARDANDO REINSPEÇÃO,A,True,revisar
SMP-005286,EM ANALISE,A,False,revisar
SMP-011569,APROVADO PARCIAL,C,True,valido_automatico
SMP-008726,AJUSTE CONCLUIDO,A,False,valido_automatico
SMP-009754,ESPECIFICAÇÃO EM REVISÃO,B,False,valido_automatico
SMP-011455,APROVADO PARCIAL,C,False,valido_automatico
SMP-011668,AJUSTE CONCLUIDO,C,True,valido_automatico
SMP-009262,AJUSTE CONCLUIDO,A,False,valido_automatico
SMP-010480,AJUSTE CONCLUIDO,B,False,valido_automatico
SMP-001074,AJUSTE REPROVADO,A,True,recusar_automatico
SMP-010035,AJUSTE CONCLUIDO,B,False,valido_automatico
SMP-011978,APROVADO PARCIAL,C,False,valido_automatico
SMP-011669,APROVADO PARCIAL,C,True,valido_automatico
SMP-005114,EM ANALISE,A,False,revisar
SMP-008554,APROVADO PARCIAL,A,True,valido_automatico
SMP-004581,PENDENTE,A,False,revisar
SMP-006398,ESPECIFICAÇÃO EM REVISÃO,B,False,revisar
SMP-009163,EM AJUSTE,A,False,valido_automatico
SMP-010705,APROVADO PARCIAL,C,True,valido_automatico
SMP-006443,EM ANALISE,B,True,revisar
SMP-008158,AJUSTE CONCLUIDO,A,False,valido_automatico
SMP-007325,EM ANALISE,C,False,revisar
SMP-003630,FORA DE ESPECIFICACAO,C,True,recusar_automatico
SMP-000680,REINSPECAO REPROVADA,A,True,recusar_automatico
SMP-005174,EM ANALISE,A,True,revisar
SMP-004614,EM ANALISE,A,False,revisar
SMP-009405,APROVADO PARCIAL,B,True,valido_automatico
SMP-009741,AGUARDANDO REINSPEÇÃO,B,True,valido_automatico
SMP-007394,AGUARDANDO REINSPEÇÃO,C,False,revisar
SMP-005947,PENDENTE,B,False,revisar
SMP-008310,APROVADO PARCIAL,A,True,valido_automatico
SMP-006531,AGUARDANDO REINSPEÇÃO,B,False,revisar
SMP-006476,AGUARDANDO REINSPEÇÃO,B,False,revisar
SMP-009144,APROVADO PARCIAL,A,True,valido_automatico
SMP-003014,REINSPECAO REPROVADA,C,True,recusar_automatico
SMP-003039,CANCELADO,C,False,recusar_automatico
SMP-011905,EM AJUSTE,C,False,valido_automatico
SMP-009706,APROVADO PARCIAL,B,True,valido_automatico
SMP-002812,AJUSTE REPROVADO,C,True,recusar_automatico
SMP-008753,AJUSTE CONCLUIDO,A,True,valido_automatico
SMP-011406,EM AJUSTE,C,True,valido_automatico
SMP-004053,AGUARDANDO REINSPEÇÃO,A,True,revisar
SMP-007385,ESPECIFICAÇÃO EM REVISÃO,C,True,revisar
SMP-002424,REINSPECAO REPROVADA,B,True,recusar_automatico
SMP-005471,PENDENTE,B,True,revisar
SMP-004763,PENDENTE,A,True,revisar
SMP-005791,AGUARDANDO REINSPEÇÃO,B,False,revisar
SMP-006755,PENDENTE,C,True,revisar
SMP-011657,APROVADO PARCIAL,C,False,valido_automatico
SMP-005408,PENDENTE,B,False,revisar
SMP-003535,ESPECIFICAÇÃO EM REVISÃO,C,True,recusar_automatico
SMP-010746,APROVADO PARCIAL,C,False,valido_automatico
SMP-002997,AJUSTE REPROVADO,C,True,recusar_automatico
SMP-003121,AJUSTE REPROVADO,C,False,recusar_automatico
SMP-002612,FORA DE ESPECIFICACAO,B,True,recusar_automatico
SMP-006127,PENDENTE,B,False,revisar
SMP-009547,AJUSTE CONCLUIDO,B,True,valido_automatico
SMP-004191,PENDENTE,A,False,revisar
SMP-008552,EM AJUSTE,A,False,valido_automatico
SMP-006491,ESPECIFICAÇÃO EM REVISÃO,B,False,revisar
SMP-005715,EM ANALISE,B,True,revisar
SMP-007264,EM AJUSTE,C,True,revisar
SMP-010436,APROVADO PARCIAL,B,False,valido_automatico
SMP-009874,AJUSTE CONCLUIDO,B,True,valido_automatico
SMP-008776,AJUSTE CONCLUIDO,A,True,valido_automatico
SMP-003756,AJUSTE REPROVADO,C,False,recusar_automatico
SMP-003308,REINSPECAO REPROVADA,C,True,recusar_automatico
SMP-005871,PENDENTE,B,False,revisar
SMP-001620,REINSPECAO REPROVADA,B,False,recusar_automatico
SMP-002296,CANCELADO,B,False,recusar_automatico
SMP-006592,ESPECIFICAÇÃO EM REVISÃO,B,False,revisar
SMP-011328,EM ANÁLISE,C,False,valido_automatico
SMP-011017,AJUSTE CONCLUIDO,C,True,valido_automatico
SMP-002999,AJUSTE REPROVADO,C,True,recusar_automatico
SMP-000959,REINSPECAO REPROVADA,A,True,recusar_automatico
SMP-000139,CANCELADO,A,True,recusar_automatico
SMP-008360,AJUSTE CONCLUIDO,A,False,valido_automatico
SMP-004431,EM ANALISE,A,True,revisar
SMP-000313,AJUSTE REPROVADO,A,True,recusar_automatico
SMP-000621,REINSPECAO REPROVADA,A,False,recusar_automatico
SMP-004491,EM ANALISE,A,True,revisar
SMP-007605,ESPECIFICAÇÃO EM REVISÃO,C,True,revisar
SMP-000437,CANCELADO,A,True,recusar_automatico
SMP-008105,AJUSTE CONCLUIDO,A,True,valido_automatico
SMP-008486,EM ANÁLISE,A,True,valido_automatico
SMP-006512,EM AJUSTE,B,False,revisar
SMP-010827,ESPECIFICAÇÃO EM REVISÃO,C,False,valido_automatico
SMP-002030,CANCELADO,B,False,recusar_automatico
SMP-001834,AJUSTE REPROVADO,B,False,recusar_automatico
SMP-009636,EM ANÁLISE,B,True,valido_automatico
SMP-001178,AJUSTE REPROVADO,A,False,recusar_automatico
SMP-007047,PENDENTE,C,False,revisar
SMP-008992,PENDENTE,A,False,valido_automatico
SMP-010454,APROVADO PARCIAL,B,True,valido_automatico
SMP-009799,APROVADO PARCIAL,B,False,valido_automatico
SMP-010570,AGUARDANDO REINSPEÇÃO,B,True,valido_automatico
SMP-000962,FORA DE ESPECIFICACAO,A,True,recusar_automatico
SMP-005990,ESPECIFICAÇÃO EM REVISÃO,B,True,revisar
SMP-006121,PENDENTE,B,False,revisar
SMP-004718,ESPECIFICAÇÃO EM REVISÃO,A,False,revisar
SMP-002007,REINSPECAO REPROVADA,B,True,recusar_automatico
SMP-011474,AJUSTE CONCLUIDO,C,False,valido_automatico
SMP-000387,CANCELADO,A,False,recusar_automatico
SMP-011627,EM ANÁLISE,C,False,valido_automatico
SMP-007601,ESPECIFICAÇÃO EM REVISÃO,C,True,revisar
SMP-000485,PENDENTE,A,False,recusar_automatico
SMP-009666,APROVADO PARCIAL,B,False,valido_automatico
SMP-008932,APROVADO PARCIAL,A,True,valido_automatico
SMP-004872,CANCELADO,A,True,revisar
SMP-011181,EM AJUSTE,C,True,valido_automatico
SMP-008152,AJUSTE CONCLUIDO,A,False,valido_automatico
SMP-011615,EM AJUSTE,C,True,valido_automatico
SMP-003380,FORA DE ESPECIFICACAO,C,True,recusar_automatico
SMP-005890,EM ANALISE,B,False,revisar
SMP-008772,AJUSTE CONCLUIDO,A,True,valido_automatico
SMP-007332,AGUARDANDO REINSPEÇÃO,C,True,revisar
SMP-003455,PENDENTE,C,False,recusar_automatico
SMP-006935,EM ANALISE,C,False,revisar
SMP-002286,FORA DE ESPECIFICACAO,B,False,recusar_automatico
SMP-008648,ESPECIFICAÇÃO EM REVISÃO,A,False,valido_automatico
SMP-004857,ESPECIFICAÇÃO EM REVISÃO,A,False,revisar
SMP-004774,PENDENTE,A,False,revisar
SMP-002563,REINSPECAO REPROVADA,B,False,recusar_automatico
SMP-008859,APROVADO PARCIAL,A,True,valido_automatico
SMP-007644,PENDENTE,C,False,revisar
SMP-007866,PENDENTE,C,False,revisar
SMP-001960,AJUSTE REPROVADO,B,False,recusar_automatico
SMP-011971,AJUSTE CONCLUIDO,C,False,valido_automatico
SMP-003468,PENDENTE,C,False,recusar_automatico
SMP-008118,AJUSTE CONCLUIDO,A,True,valido_automatico
SMP-006400,ESPECIFICAÇÃO EM REVISÃO,B,True,revisar
SMP-000238,AJUSTE REPROVADO,A,False,recusar_automatico
SMP-010878,AJUSTE CONCLUIDO,C,True,valido_automatico
SMP-005649,EM ANALISE,B,False,revisar
SMP-010735,EM AJUSTE,C,True,valido_automatico
SMP-009099,AJUSTE CONCLUIDO,A,True,valido_automatico
SMP-008550,EM AJUSTE,A,True,valido_automatico
SMP-002706,REINSPECAO REPROVADA,C,True,recusar_automatico
SMP-010100,AJUSTE CONCLUIDO,B,False,valido_automatico
SMP-011698,AJUSTE CONCLUIDO,C,False,valido_automatico
SMP-002322,AGUARDANDO REINSPEÇÃO,B,False,recusar_automatico
SMP-009357,APROVADO PARCIAL,B,True,valido_automatico
SMP-005651,AGUARDANDO REINSPEÇÃO,B,False,revisar
SMP-009690,APROVADO PARCIAL,B,True,valido_automatico
SMP-008261,EM ANÁLISE,A,True,valido_automatico
SMP-001461,EM AJUSTE,B,False,recusar_automatico
SMP-001536,FORA DE ESPECIFICACAO,B,True,recusar_automatico
SMP-006599,ESPECIFICAÇÃO EM REVISÃO,B,True,revisar
SMP-001870,CANCELADO,B,False,recusar_automatico
SMP-004092,EM ANALISE,A,False,revisar
SMP-010748,APROVADO PARCIAL,C,False,valido_automatico
SMP-005498,ESPECIFICAÇÃO EM REVISÃO,B,True,revisar
SMP-002168,AJUSTE REPROVADO,B,True,recusar_automatico
SMP-007528,AGUARDANDO REINSPEÇÃO,C,True,revisar
SMP-004219,CANCELADO,A,False,revisar
SMP-007787,AGUARDANDO REINSPEÇÃO,C,True,revisar
SMP-002434,AJUSTE REPROVADO,B,False,recusar_automatico
SMP-000084,CANCELADO,A,True,recusar_automatico
SMP-011399,AJUSTE CONCLUIDO,C,False,valido_automatico
SMP-003114,AJUSTE REPROVADO,C,False,recusar_automatico
SMP-006919,ESPECIFICAÇÃO EM REVISÃO,C,False,revisar
SMP-006178,PENDENTE,B,False,revisar
SMP-010042,AJUSTE CONCLUIDO,B,True,valido_automatico
SMP-009119,APROVADO PARCIAL,A,True,valido_automatico
SMP-008304,AJUSTE CONCLUIDO,A,True,valido_automatico
SMP-005284,ESPECIFICAÇÃO EM REVISÃO,A,True,revisar
SMP-003275,AJUSTE REPROVADO,C,False,recusar_automatico
SMP-002339,CANCELADO,B,False,recusar_automatico
SMP-005224,PENDENTE,A,False,revisar
SMP-003452,CANCELADO,C,True,recusar_automatico
SMP-004783,ESPECIFICAÇÃO EM REVISÃO,A,True,revisar
SMP-002947,REINSPECAO REPROVADA,C,False,recusar_automatico
SMP-000567,CANCELADO,A,False,recusar_automatico
SMP-004403,ESPECIFICAÇÃO EM REVISÃO,A,False,revisar
SMP-004571,AGUARDANDO REINSPEÇÃO,A,True,revisar
SMP-009738,APROVADO PARCIAL,B,True,valido_automatico
SMP-011393,APROVADO PARCIAL,C,True,valido_automatico
SMP-000852,CANCELADO,A,True,recusar_automatico
SMP-000855,FORA DE ESPECIFICACAO,A,False,recusar_automatico
SMP-006904,PENDENTE,C,False,revisar
SMP-006601,EM ANALISE,B,False,revisar
SMP-009293,AJUSTE CONCLUIDO,A,False,valido_automatico
SMP-006450,PENDENTE,B,True,revisar
SMP-003686,REINSPECAO REPROVADA,C,False,recusar_automatico
SMP-004742,AGUARDANDO REINSPEÇÃO,A,False,revisar
SMP-006874,EM ANALISE,C,True,revisar
SMP-011311,APROVADO PARCIAL,C,True,valido_automatico
SMP-004945,ESPECIFICAÇÃO EM REVISÃO,A,True,revisar
SMP-004270,AGUARDANDO REINSPEÇÃO,A,True,revisar
SMP-003364,REINSPECAO REPROVADA,C,False,recusar_automatico
SMP-011412,AJUSTE CONCLUIDO,C,False,valido_automatico
SMP-002767,AJUSTE REPROVADO,C,True,recusar_automatico
SMP-009669,AJUSTE CONCLUIDO,B,False,valido_automatico
SMP-002713,ESPECIFICAÇÃO EM REVISÃO,C,True,recusar_automatico
SMP-001249,CANCELADO,A,True,recusar_automatico
SMP-000343,CANCELADO,A,True,recusar_automatico
SMP-002086,AJUSTE REPROVADO,B,False,recusar_automatico
SMP-001338,AJUSTE REPROVADO,B,True,recusar_automatico
SMP-008546,PENDENTE,A,False,valido_automatico
SMP-000186,CANCELADO,A,False,recusar_automatico
SMP-003672,AJUSTE REPROVADO,C,True,recusar_automatico
SMP-002822,CANCELADO,C,True,recusar_automatico
SMP-004512,EM ANALISE,A,False,revisar
SMP-008084,APROVADO PARCIAL,A,False,valido_automatico
SMP-001037,AJUSTE REPROVADO,A,False,recusar_automatico
SMP-010026,APROVADO PARCIAL,B,True,valido_automatico
SMP-005211,AGUARDANDO REINSPEÇÃO,A,True,revisar
SMP-008875,AJUSTE CONCLUIDO,A,True,valido_automatico
SMP-008738,AJUSTE CONCLUIDO,A,True,valido_automatico
SMP-001031,PENDENTE,A,False,recusar_automatico
SMP-000499,CANCELADO,A,False,recusar_automatico
SMP-009446,AJUSTE CONCLUIDO,B,False,valido_automatico
SMP-011902,EM ANÁLISE,C,True,valido_automatico
SMP-005849,APROVADO PARCIAL,B,False,revisar
SMP-002921,AJUSTE REPROVADO,C,False,recusar_automatico
SMP-007580,EM ANALISE,C,True,revisar
SMP-002783,CANCELADO,C,True,recusar_automatico
SMP-010646,AJUSTE CONCLUIDO,B,False,valido_automatico
SMP-010795,AJUSTE CONCLUIDO,C,False,valido_automatico
SMP-007148,PENDENTE,C,False,revisar
SMP-000459,REINSPECAO REPROVADA,A,True,recusar_automatico
SMP-008088,AJUSTE CONCLUIDO,A,True,valido_automatico
SMP-011244,APROVADO PARCIAL,C,False,valido_automatico
SMP-006668,AGUARDANDO REINSPEÇÃO,C,True,revisar
SMP-003711,CANCELADO,C,False,recusar_automatico
SMP-001058,CANCELADO,A,True,recusar_automatico
SMP-005328,PENDENTE,A,False,revisar
SMP-001581,CANCELADO,B,True,recusar_automatico
SMP-009349,APROVADO PARCIAL,B,False,valido_automatico
SMP-003484,CANCELADO,C,False,recusar_automatico
SMP-002803,REINSPECAO REPROVADA,C,True,recusar_automatico
SMP-006111,ESPECIFICAÇÃO EM REVISÃO,B,True,revisar
SMP-009659,APROVADO PARCIAL,B,True,valido_automatico
SMP-003017,CANCELADO,C,True,recusar_automatico
SMP-009340,AJUSTE CONCLUIDO,B,True,valido_automatico
SMP-010227,AJUSTE CONCLUIDO,B,True,valido_automatico
SMP-005188,ESPECIFICAÇÃO EM REVISÃO,A,False,revisar
SMP-005225,CANCELADO,A,False,revisar
SMP-002179,FORA DE ESPECIFICACAO,B,False,recusar_automatico
SMP-008880,EM AJUSTE,A,False,valido_automatico
SMP-011303,EM AJUSTE,C,True,valido_automatico
SMP-005914,AGUARDANDO REINSPEÇÃO,B,False,revisar
SMP-011508,AJUSTE CONCLUIDO,C,True,valido_automatico
SMP-007387,ESPECIFICAÇÃO EM REVISÃO,C,True,revisar
SMP-003332,CANCELADO,C,True,recusar_automatico
SMP-009030,AJUSTE CONCLUIDO,A,True,valido_automatico
SMP-000656,REINSPECAO REPROVADA,A,False,recusar_automatico
SMP-003586,AJUSTE REPROVADO,C,False,recusar_automatico
SMP-002201,CANCELADO,B,False,recusar_automatico
SMP-001856,REINSPECAO REPROVADA,B,False,recusar_automatico
SMP-004597,ESPECIFICAÇÃO EM REVISÃO,A,True,revisar
SMP-003677,REINSPECAO REPROVADA,C,True,recusar_automatico
SMP-003958,REINSPECAO REPROVADA,C,False,recusar_automatico
SMP-004144,EM ANALISE,A,True,revisar
SMP-000052,REINSPECAO REPROVADA,A,False,recusar_automatico
SMP-001226,CANCELADO,A,False,recusar_automatico
SMP-001993,FORA DE ESPECIFICACAO,B,True,recusar_automatico
SMP-010690,EM ANÁLISE,C,True,valido_automatico
SMP-009114,APROVADO PARCIAL,A,True,valido_automatico
SMP-011599,APROVADO PARCIAL,C,False,valido_automatico
SMP-007769,AGUARDANDO REINSPEÇÃO,C,True,revisar
SMP-009961,APROVADO PARCIAL,B,True,valido_automatico
SMP-007230,PENDENTE,C,True,revisar
SMP-009081,AJUSTE CONCLUIDO,A,False,valido_automatico
SMP-009507,APROVADO PARCIAL,B,True,valido_automatico
SMP-005435,ESPECIFICAÇÃO EM REVISÃO,B,True,revisar
SMP-006352,AGUARDANDO REINSPEÇÃO,B,True,revisar
SMP-004437,EM ANALISE,A,False,revisar
SMP-003502,REINSPECAO REPROVADA,C,False,recusar_automatico
SMP-006322,AGUARDANDO REINSPEÇÃO,B,False,revisar
SMP-003189,FORA DE ESPECIFICACAO,C,True,recusar_automatico
SMP-009947,AJUSTE CONCLUIDO,B,False,valido_automatico
SMP-008115,EM ANÁLISE,A,True,valido_automatico
SMP-003626,REINSPECAO REPROVADA,C,True,recusar_automatico
SMP-008284,APROVADO PARCIAL,A,False,valido_automatico
SMP-002401,CANCELADO,B,True,recusar_automatico
SMP-006591,AGUARDANDO REINSPEÇÃO,B,False,revisar
SMP-004285,EM ANALISE,A,False,revisar
SMP-003127,REINSPECAO REPROVADA,C,True,recusar_automatico
SMP-010518,AJUSTE CONCLUIDO,B,False,valido_automatico
SMP-007360,AGUARDANDO REINSPEÇÃO,C,False,revisar
SMP-000138,EM AJUSTE,A,True,recusar_automatico
SMP-001306,AJUSTE REPROVADO,A,False,recusar_automatico
SMP-009809,APROVADO PARCIAL,B,True,valido_automatico
SMP-006891,EM ANALISE,C,False,revisar
SMP-010830,PENDENTE,C,False,valido_automatico
SMP-008693,APROVADO PARCIAL,A,False,valido_automatico
SMP-010640,EM AJUSTE,B,False,valido_automatico
SMP-005852,PENDENTE,B,False,revisar
SMP-005054,AGUARDANDO REINSPEÇÃO,A,True,revisar
SMP-001373,FORA DE ESPECIFICACAO,B,False,recusar_automatico
SMP-009322,AJUSTE CONCLUIDO,A,True,valido_automatico
SMP-006996,EM ANALISE,C,True,revisar
SMP-005488,AJUSTE CONCLUIDO,B,False,revisar
SMP-000650,ESPECIFICAÇÃO EM REVISÃO,A,False,recusar_automatico
SMP-010092,PENDENTE,B,True,valido_automatico
SMP-010892,AJUSTE CONCLUIDO,C,False,valido_automatico
SMP-001263,FORA DE ESPECIFICACAO,A,True,recusar_automatico
SMP-005989,ESPECIFICAÇÃO EM REVISÃO,B,True,revisar
SMP-000295,AJUSTE REPROVADO,A,False,recusar_automatico
SMP-003679,FORA DE ESPECIFICACAO,C,False,recusar_automatico
SMP-008080,APROVADO PARCIAL,A,True,valido_automatico
SMP-004364,CANCELADO,A,False,revisar
SMP-005675,EM ANALISE,B,True,revisar
SMP-001281,REINSPECAO REPROVADA,A,False,recusar_automatico
SMP-004109,PENDENTE,A,False,revisar
SMP-008829,AJUSTE CONCLUIDO,A,True,valido_automatico
SMP-006806,AJUSTE CONCLUIDO,C,False,revisar
SMP-002541,CANCELADO,B,True,recusar_automatico
SMP-004309,ESPECIFICAÇÃO EM REVISÃO,A,True,revisar
SMP-006663,EM ANALISE,B,True,revisar
SMP-004828,ESPECIFICAÇÃO EM REVISÃO,A,False,revisar
SMP-003196,FORA DE ESPECIFICACAO,C,False,recusar_automatico
SMP-002233,REINSPECAO REPROVADA,B,True,recusar_automatico
SMP-010140,AJUSTE CONCLUIDO,B,False,valido_automatico
SMP-006334,EM ANALISE,B,True,revisar
SMP-000340,EM AJUSTE,A,True,recusar_automatico
SMP-008778,APROVADO PARCIAL,A,True,valido_automatico
SMP-009535,APROVADO PARCIAL,B,True,valido_automatico
SMP-003124,REINSPECAO REPROVADA,C,False,recusar_automatico
SMP-011000,EM ANÁLISE,C,True,valido_automatico
SMP-005775,AGUARDANDO REINSPEÇÃO,B,False,revisar
SMP-004287,EM ANALISE,A,True,revisar
SMP-010119,AJUSTE CONCLUIDO,B,False,valido_automatico
SMP-007451,ESPECIFICAÇÃO EM REVISÃO,C,True,revisar
SMP-000623,CANCELADO,A,False,recusar_automatico
SMP-008276,AJUSTE REPROVADO,A,True,valido_automatico
SMP-002774,REINSPECAO REPROVADA,C,False,recusar_automatico
SMP-001442,REINSPECAO REPROVADA,B,True,recusar_automatico
SMP-006355,ESPECIFICAÇÃO EM REVISÃO,B,True,revisar
SMP-007096,AGUARDANDO REINSPEÇÃO,C,True,revisar
SMP-008621,AJUSTE CONCLUIDO,A,True,valido_automatico
SMP-005149,REINSPECAO REPROVADA,A,True,revisar
SMP-010208,AJUSTE CONCLUIDO,B,False,valido_automatico
SMP-000236,REINSPECAO REPROVADA,A,False,recusar_automatico
SMP-004284,PENDENTE,A,False,revisar
SMP-000655,REINSPECAO REPROVADA,A,True,recusar_automatico
SMP-006077,PENDENTE,B,False,revisar
SMP-007087,PENDENTE,C,False,revisar
SMP-002672,AJUSTE REPROVADO,C,False,recusar_automatico
SMP-008580,AJUSTE CONCLUIDO,A,True,valido_automatico
SMP-002898,CANCELADO,C,True,recusar_automatico
SMP-008265,EM AJUSTE,A,True,valido_automatico
SMP-003086,REINSPECAO REPROVADA,C,True,recusar_automatico
SMP-010054,AJUSTE CONCLUIDO,B,True,valido_automatico
SMP-004208,AJUSTE REPROVADO,A,True,revisar
SMP-010080,APROVADO PARCIAL,B,True,valido_automatico
SMP-011842,AJUSTE CONCLUIDO,C,True,valido_automatico
SMP-005101,EM ANALISE,A,True,revisar
SMP-010386,APROVADO PARCIAL,B,False,valido_automatico
SMP-011048,EM ANÁLISE,C,False,valido_automatico
SMP-005710,AGUARDANDO REINSPEÇÃO,B,False,revisar
SMP-009071,APROVADO PARCIAL,A,False,valido_automatico
SMP-000636,AJUSTE REPROVADO,A,True,recusar_automatico
SMP-003410,CANCELADO,C,False,recusar_automatico
SMP-011041,APROVADO PARCIAL,C,False,valido_automatico
SMP-008444,APROVADO PARCIAL,A,False,valido_automatico
SMP-004421,ESPECIFICAÇÃO EM REVISÃO,A,False,revisar
SMP-004000,AJUSTE REPROVADO,C,False,recusar_automatico
SMP-004568,PENDENTE,A,False,revisar
SMP-010125,AJUSTE CONCLUIDO,B,False,valido_automatico
SMP-004461,AGUARDANDO REINSPEÇÃO,A,False,revisar
SMP-004027,PENDENTE,A,True,revisar
SMP-000118,REINSPECAO REPROVADA,A,True,recusar_automatico
SMP-007585,AJUSTE CONCLUIDO,C,True,revisar
SMP-004454,PENDENTE,A,True,revisar
SMP-011811,APROVADO PARCIAL,C,True,valido_automatico
SMP-008573,PENDENTE,A,False,valido_automatico
SMP-005125,ESPECIFICAÇÃO EM REVISÃO,A,False,revisar
SMP-010405,APROVADO PARCIAL,B,False,valido_automatico
SMP-007004,AGUARDANDO REINSPEÇÃO,C,False,revisar
SMP-008507,AJUSTE CONCLUIDO,A,True,valido_automatico
SMP-001541,REINSPECAO REPROVADA,B,True,recusar_automatico
SMP-007355,AJUSTE REPROVADO,C,False,revisar
SMP-008752,APROVADO PARCIAL,A,False,valido_automatico
SMP-009611,EM ANÁLISE,B,False,valido_automatico
SMP-009484,EM AJUSTE,B,False,valido_automatico
SMP-006225,PENDENTE,B,True,revisar
SMP-011735,AJUSTE CONCLUIDO,C,True,valido_automatico
SMP-006796,EM ANALISE,C,False,revisar
SMP-005927,PENDENTE,B,True,revisar
SMP-007699,EM AJUSTE,C,False,revisar
SMP-011118,APROVADO PARCIAL,C,True,valido_automatico
SMP-007133,ESPECIFICAÇÃO EM REVISÃO,C,True,revisar
SMP-008625,AGUARDANDO REINSPEÇÃO,A,False,valido_automatico
SMP-006823,ESPECIFICAÇÃO EM REVISÃO,C,True,revisar
SMP-005330,EM ANALISE,A,True,revisar
SMP-010374,APROVADO PARCIAL,B,True,valido_automatico
SMP-011222,AJUSTE CONCLUIDO,C,False,valido_automatico
SMP-009297,AJUSTE CONCLUIDO,A,True,valido_automatico
SMP-001747,FORA DE ESPECIFICACAO,B,False,recusar_automatico
SMP-011335,EM ANÁLISE,C,False,valido_automatico
SMP-010720,APROVADO PARCIAL,C,True,valido_automatico
SMP-001977,EM AJUSTE,B,False,recusar_automatico
SMP-002454,AJUSTE REPROVADO,B,True,recusar_automatico
SMP-005208,CANCELADO,A,True,revisar
SMP-003683,REINSPECAO REPROVADA,C,False,recusar_automatico
SMP-001070,FORA DE ESPECIFICACAO,A,False,recusar_automatico
SMP-005789,PENDENTE,B,False,revisar
SMP-010847,PENDENTE,C,False,valido_automatico
SMP-000288,REINSPECAO REPROVADA,A,False,recusar_automatico
SMP-003103,FORA DE ESPECIFICACAO,C,False,recusar_automatico
SMP-000837,EM AJUSTE,A,True,recusar_automatico
SMP-009194,APROVADO PARCIAL,A,False,valido_automatico
SMP-002590,FORA DE ESPECIFICACAO,B,False,recusar_automatico
SMP-000248,PENDENTE,A,False,recusar_automatico
SMP-006020,APROVADO PARCIAL,B,False,revisar
SMP-007822,ESPECIFICAÇÃO EM REVISÃO,C,True,revisar
SMP-009243,APROVADO PARCIAL,A,True,valido_automatico
SMP-009739,APROVADO PARCIAL,B,True,valido_automatico
SMP-003432,REINSPECAO REPROVADA,C,True,recusar_automatico
SMP-006577,AJUSTE CONCLUIDO,B,False,revisar
SMP-011914,APROVADO PARCIAL,C,True,valido_automatico
SMP-010542,PENDENTE,B,False,valido_automatico
SMP-006624,PENDENTE,B,False,revisar
SMP-001967,REINSPECAO REPROVADA,B,True,recusar_automatico
SMP-009783,AJUSTE CONCLUIDO,B,True,valido_automatico
SMP-007876,PENDENTE,C,True,revisar
SMP-005778,CANCELADO,B,False,revisar
SMP-001115,CANCELADO,A,False,recusar_automatico
SMP-003294,CANCELADO,C,False,recusar_automatico
SMP-006809,AJUSTE CONCLUIDO,C,False,revisar
SMP-011495,AJUSTE CONCLUIDO,C,True,valido_automatico
SMP-008039,EM AJUSTE,A,True,valido_automatico
SMP-000573,CANCELADO,A,True,recusar_automatico
SMP-006783,EM ANALISE,C,True,revisar
SMP-007558,CANCELADO,C,True,revisar
SMP-009822,EM AJUSTE,B,False,valido_automatico
SMP-005482,ESPECIFICAÇÃO EM REVISÃO,B,False,revisar
SMP-006222,AGUARDANDO REINSPEÇÃO,B,False,revisar
SMP-003457,EM AJUSTE,C,False,recusar_automatico
SMP-001986,CANCELADO,B,False,recusar_automatico
SMP-008995,AJUSTE CONCLUIDO,A,False,valido_automatico
SMP-006452,AGUARDANDO REINSPEÇÃO,B,False,revisar
SMP-010777,APROVADO PARCIAL,C,True,valido_automatico
SMP-011870,AJUSTE CONCLUIDO,C,True,valido_automatico
SMP-009344,AJUSTE CONCLUIDO,B,True,valido_automatico
SMP-009761,AJUSTE CONCLUIDO,B,False,valido_automatico
SMP-011583,PENDENTE,C,False,valido_automatico
SMP-000909,CANCELADO,A,True,recusar_automatico
SMP-000223,FORA DE ESPECIFICACAO,A,False,recusar_automatico
SMP-009753,PENDENTE,B,False,valido_automatico
SMP-006410,ESPECIFICAÇÃO EM REVISÃO,B,True,revisar
SMP-007467,ESPECIFICAÇÃO EM REVISÃO,C,False,revisar
SMP-003088,FORA DE ESPECIFICACAO,C,True,recusar_automatico
SMP-002058,REINSPECAO REPROVADA,B,False,recusar_automatico
SMP-006597,PENDENTE,B,False,revisar
SMP-010724,AJUSTE CONCLUIDO,C,True,valido_automatico
SMP-005721,PENDENTE,B,True,revisar
SMP-007419,PENDENTE,C,False,revisar
SMP-010106,APROVADO PARCIAL,B,True,valido_automatico
SMP-006671,PENDENTE,C,False,revisar
SMP-008941,AGUARDANDO REINSPEÇÃO,A,False,valido_automatico
SMP-008196,AJUSTE CONCLUIDO,A,True,valido_automatico
SMP-001491,AJUSTE REPROVADO,B,True,recusar_automatico
SMP-007624,PENDENTE,C,True,revisar
SMP-004933,ESPECIFICAÇÃO EM REVISÃO,A,False,revisar
SMP-011777,APROVADO PARCIAL,C,False,valido_automatico
SMP-005663,ESPECIFICAÇÃO EM REVISÃO,B,False,revisar
SMP-009501,PENDENTE,B,False,valido_automatico
SMP-011472,APROVADO PARCIAL,C,False,valido_automatico
SMP-008216,EM ANÁLISE,A,True,valido_automatico
SMP-005669,ESPECIFICAÇÃO EM REVISÃO,B,True,revisar
SMP-004762,CANCELADO,A,False,revisar
SMP-010428,APROVADO PARCIAL,B,True,valido_automatico
SMP-007743,AJUSTE REPROVADO,C,False,revisar
SMP-005001,ESPECIFICAÇÃO EM REVISÃO,A,True,revisar
SMP-009652,APROVADO PARCIAL,B,False,valido_automatico
SMP-000035,CANCELADO,A,True,recusar_automatico
SMP-002275,CANCELADO,B,True,recusar_automatico
SMP-010030,EM AJUSTE,B,True,valido_automatico
SMP-000568,REINSPECAO REPROVADA,A,False,recusar_automatico
SMP-010236,EM AJUSTE,B,False,valido_automatico
SMP-006913,ESPECIFICAÇÃO EM REVISÃO,C,True,revisar
SMP-002114,CANCELADO,B,False,recusar_automatico
SMP-010151,EM AJUSTE,B,False,valido_automatico
SMP-006894,EM ANALISE,C,False,revisar
SMP-002284,EM AJUSTE,B,False,recusar_automatico
SMP-008482,AGUARDANDO REINSPEÇÃO,A,True,valido_automatico
SMP-002709,AJUSTE REPROVADO,C,False,recusar_automatico
SMP-006800,AJUSTE REPROVADO,C,False,revisar
SMP-006473,PENDENTE,B,True,revisar
SMP-009904,EM ANÁLISE,B,False,valido_automatico
SMP-004439,PENDENTE,A,True,revisar
SMP-004831,EM AJUSTE,A,False,revisar
SMP-003728,REINSPECAO REPROVADA,C,True,recusar_automatico
SMP-005069,EM AJUSTE,A,False,revisar
SMP-006581,ESPECIFICAÇÃO EM REVISÃO,B,True,revisar
SMP-006514,EM ANALISE,B,False,revisar
SMP-004125,AGUARDANDO REINSPEÇÃO,A,True,revisar
SMP-008429,AJUSTE CONCLUIDO,A,True,valido_automatico
SMP-003506,FORA DE ESPECIFICACAO,C,False,recusar_automatico
SMP-003654,ESPECIFICAÇÃO EM REVISÃO,C,True,recusar_automatico
SMP-006208,EM ANALISE,B,True,revisar
SMP-001483,AJUSTE REPROVADO,B,True,recusar_automatico
SMP-010419,AJUSTE CONCLUIDO,B,False,valido_automatico
SMP-001181,FORA DE ESPECIFICACAO,A,False,recusar_automatico
SMP-002820,CANCELADO,C,False,recusar_automatico
SMP-010829,APROVADO PARCIAL,C,False,valido_automatico
SMP-000389,REINSPECAO REPROVADA,A,False,recusar_automatico
SMP-008742,APROVADO PARCIAL,A,True,valido_automatico
SMP-002753,REINSPECAO REPROVADA,C,False,recusar_automatico
SMP-004089,EM ANALISE,A,False,revisar
SMP-001501,REINSPECAO REPROVADA,B,False,recusar_automatico
SMP-003753,AJUSTE REPROVADO,C,True,recusar_automatico
SMP-000644,FORA DE ESPECIFICACAO,A,True,recusar_automatico
SMP-010881,APROVADO PARCIAL,C,False,valido_automatico
SMP-002149,CANCELADO,B,True,recusar_automatico
SMP-000661,CANCELADO,A,True,recusar_automatico
SMP-001477,AJUSTE REPROVADO,B,False,recusar_automatico
SMP-009486,AJUSTE CONCLUIDO,B,True,valido_automatico
SMP-010150,EM ANÁLISE,B,True,valido_automatico
SMP-002065,ESPECIFICAÇÃO EM REVISÃO,B,False,recusar_automatico
SMP-004487,AGUARDANDO REINSPEÇÃO,A,False,revisar
SMP-005907,ESPECIFICAÇÃO EM REVISÃO,B,False,revisar
SMP-003947,REINSPECAO REPROVADA,C,True,recusar_automatico
SMP-000850,FORA DE ESPECIFICACAO,A,False,recusar_automatico
SMP-011439,AJUSTE CONCLUIDO,C,False,valido_automatico
SMP-002031,REINSPECAO REPROVADA,B,True,recusar_automatico
SMP-011015,AJUSTE CONCLUIDO,C,False,valido_automatico
SMP-001430,FORA DE ESPECIFICACAO,B,False,recusar_automatico
SMP-002415,FORA DE ESPECIFICACAO,B,True,recusar_automatico
SMP-007885,AGUARDANDO REINSPEÇÃO,C,False,revisar
SMP-003167,REINSPECAO REPROVADA,C,False,recusar_automatico
SMP-008234,APROVADO PARCIAL,A,True,valido_automatico
SMP-008414,APROVADO PARCIAL,A,True,valido_automatico
SMP-002295,REINSPECAO REPROVADA,B,True,recusar_automatico
SMP-004423,EM ANALISE,A,True,revisar
SMP-007265,CANCELADO,C,True,revisar
SMP-011963,AJUSTE CONCLUIDO,C,True,valido_automatico
SMP-006156,ESPECIFICAÇÃO EM REVISÃO,B,True,revisar
SMP-005596,ESPECIFICAÇÃO EM REVISÃO,B,False,revisar
SMP-003855,CANCELADO,C,False,recusar_automatico
SMP-002310,CANCELADO,B,False,recusar_automatico
SMP-007287,PENDENTE,C,True,revisar
SMP-001155,REINSPECAO REPROVADA,A,False,recusar_automatico
SMP-007240,PENDENTE,C,True,revisar
SMP-005884,CANCELADO,B,False,revisar
SMP-000836,REINSPECAO REPROVADA,A,False,recusar_automatico
SMP-004490,AJUSTE REPROVADO,A,False,revisar
SMP-010390,AJUSTE REPROVADO,B,False,valido_automatico
SMP-004236,PENDENTE,A,False,revisar
SMP-004706,ESPECIFICAÇÃO EM REVISÃO,A,False,revisar
SMP-001344,CANCELADO,B,False,recusar_automatico
SMP-004479,PENDENTE,A,False,revisar
SMP-002429,REINSPECAO REPROVADA,B,True,recusar_automatico
SMP-008383,APROVADO PARCIAL,A,True,valido_automatico
SMP-002744,FORA DE ESPECIFICACAO,C,False,recusar_automatico
SMP-007320,EM ANALISE,C,False,revisar
SMP-010523,ESPECIFICAÇÃO EM REVISÃO,B,True,valido_automatico
SMP-006723,EM ANALISE,C,True,revisar
SMP-008350,APROVADO PARCIAL,A,True,valido_automatico
SMP-005048,CANCELADO,A,False,revisar
SMP-010398,AJUSTE CONCLUIDO,B,False,valido_automatico
SMP-001269,AJUSTE REPROVADO,A,False,recusar_automatico
SMP-002169,REINSPECAO REPROVADA,B,True,recusar_automatico
SMP-003430,FORA DE ESPECIFICACAO,C,True,recusar_automatico
SMP-005380,EM AJUSTE,B,True,revisar
SMP-001211,REINSPECAO REPROVADA,A,True,recusar_automatico
SMP-001280,CANCELADO,A,False,recusar_automatico
SMP-000327,CANCELADO,A,True,recusar_automatico
SMP-008384,ESPECIFICAÇÃO EM REVISÃO,A,False,valido_automatico
SMP-004358,PENDENTE,A,False,revisar
SMP-005679,ESPECIFICAÇÃO EM REVISÃO,B,False,revisar
SMP-009391,AJUSTE CONCLUIDO,B,True,valido_automatico
SMP-005332,AJUSTE CONCLUIDO,A,True,revisar
SMP-001627,AJUSTE REPROVADO,B,False,recusar_automatico
SMP-006788,EM ANALISE,C,False,revisar
SMP-006650,EM ANALISE,B,True,revisar
SMP-003719,FORA DE ESPECIFICACAO,C,True,recusar_automatico
SMP-005400,PENDENTE,B,True,revisar
SMP-000429,AJUSTE REPROVADO,A,True,recusar_automatico
SMP-001718,REINSPECAO REPROVADA,B,True,recusar_automatico
SMP-006869,AJUSTE CONCLUIDO,C,True,revisar
SMP-010743,AJUSTE CONCLUIDO,C,True,valido_automatico
SMP-011891,AGUARDANDO REINSPEÇÃO,C,False,valido_automatico
SMP-009860,AGUARDANDO REINSPEÇÃO,B,True,valido_automatico
SMP-007048,CANCELADO,C,True,revisar
SMP-007930,CANCELADO,C,False,revisar
SMP-008498,AJUSTE CONCLUIDO,A,False,valido_automatico
SMP-000626,AJUSTE REPROVADO,A,True,recusar_automatico
SMP-001360,REINSPECAO REPROVADA,B,True,recusar_automatico
SMP-001822,AJUSTE REPROVADO,B,False,recusar_automatico
SMP-004887,ESPECIFICAÇÃO EM REVISÃO,A,True,revisar
SMP-002634,CANCELADO,B,True,recusar_automatico
SMP-007299,PENDENTE,C,True,revisar
SMP-005475,AGUARDANDO REINSPEÇÃO,B,False,revisar
SMP-004538,AGUARDANDO REINSPEÇÃO,A,False,revisar
SMP-004995,AGUARDANDO REINSPEÇÃO,A,True,revisar
SMP-010112,EM ANÁLISE,B,True,valido_automatico
SMP-006409,ESPECIFICAÇÃO EM REVISÃO,B,False,revisar
SMP-010867,APROVADO PARCIAL,C,False,valido_automatico
SMP-003362,AJUSTE REPROVADO,C,False,recusar_automatico
SMP-008235,APROVADO PARCIAL,A,True,valido_automatico
SMP-004377,EM ANALISE,A,True,revisar
SMP-000581,AJUSTE REPROVADO,A,False,recusar_automatico
SMP-009891,PENDENTE,B,False,valido_automatico
SMP-010537,AJUSTE CONCLUIDO,B,True,valido_automatico
SMP-004245,PENDENTE,A,False,revisar
SMP-005744,ESPECIFICAÇÃO EM REVISÃO,B,False,revisar
SMP-010917,APROVADO PARCIAL,C,True,valido_automatico
SMP-005665,PENDENTE,B,False,revisar
SMP-008933,AJUSTE CONCLUIDO,A,True,valido_automatico
SMP-000955,FORA DE ESPECIFICACAO,A,True,recusar_automatico
SMP-000797,AJUSTE REPROVADO,A,True,recusar_automatico
SMP-008229,EM AJUSTE,A,True,valido_automatico
SMP-004843,PENDENTE,A,True,revisar
SMP-006035,EM ANALISE,B,True,revisar
SMP-008112,EM AJUSTE,A,True,valido_automatico
SMP-006522,REINSPECAO REPROVADA,B,False,revisar
SMP-007598,EM AJUSTE,C,False,revisar
SMP-001995,PENDENTE,B,True,recusar_automatico
SMP-008264,AJUSTE CONCLUIDO,A,False,valido_automatico
SMP-002118,AJUSTE REPROVADO,B,True,recusar_automatico
SMP-001497,AJUSTE REPROVADO,B,True,recusar_automatico
SMP-001713,FORA DE ESPECIFICACAO,B,True,recusar_automatico
SMP-010311,EM AJUSTE,B,False,valido_automatico
SMP-004570,EM AJUSTE,A,False,revisar
SMP-004732,PENDENTE,A,False,revisar
SMP-008030,PENDENTE,A,False,valido_automatico
SMP-008920,APROVADO PARCIAL,A,False,valido_automatico
SMP-006417,ESPECIFICAÇÃO EM REVISÃO,B,False,revisar
SMP-002710,CANCELADO,C,False,recusar_automatico
SMP-002176,CANCELADO,B,False,recusar_automatico
SMP-002093,AJUSTE REPROVADO,B,False,recusar_automatico
SMP-008508,APROVADO PARCIAL,A,False,valido_automatico
SMP-002913,REINSPECAO REPROVADA,C,False,recusar_automatico
SMP-007777,PENDENTE,C,True,revisar
SMP-010192,AJUSTE CONCLUIDO,B,True,valido_automatico
SMP-010033,APROVADO PARCIAL,B,False,valido_automatico
SMP-006692,ESPECIFICAÇÃO EM REVISÃO,C,True,revisar
SMP-011787,PENDENTE,C,False,valido_automatico
SMP-003284,AJUSTE REPROVADO,C,True,recusar_automatico
SMP-011959,AJUSTE CONCLUIDO,C,False,valido_automatico
SMP-002765,ESPECIFICAÇÃO EM REVISÃO,C,False,recusar_automatico
SMP-001733,FORA DE ESPECIFICACAO,B,False,recusar_automatico
SMP-000478,ESPECIFICAÇÃO EM REVISÃO,A,False,recusar_automatico
SMP-004224,EM ANALISE,A,True,revisar
SMP-008624,AJUSTE CONCLUIDO,A,True,valido_automatico
SMP-007304,EM ANALISE,C,False,revisar
SMP-006574,EM ANALISE,B,False,revisar
SMP-002236,REINSPECAO REPROVADA,B,False,recusar_automatico
SMP-002254,AJUSTE REPROVADO,B,False,recusar_automatico
SMP-000646,REINSPECAO REPROVADA,A,True,recusar_automatico
SMP-009780,AJUSTE CONCLUIDO,B,False,valido_automatico
SMP-007031,EM ANALISE,C,False,revisar
SMP-009918,APROVADO PARCIAL,B,False,valido_automatico
SMP-011566,APROVADO PARCIAL,C,False,valido_automatico
SMP-011312,AJUSTE CONCLUIDO,C,True,valido_automatico
SMP-002444,FORA DE ESPECIFICACAO,B,True,recusar_automatico
SMP-004268,EM ANALISE,A,True,revisar
SMP-002976,FORA DE ESPECIFICACAO,C,False,recusar_automatico
SMP-000381,AJUSTE REPROVADO,A,False,recusar_automatico
SMP-011170,APROVADO PARCIAL,C,True,valido_automatico
SMP-006432,AGUARDANDO REINSPEÇÃO,B,False,revisar
SMP-002468,CANCELADO,B,True,recusar_automatico
SMP-003751,CANCELADO,C,False,recusar_automatico
SMP-000725,AGUARDANDO REINSPEÇÃO,A,False,recusar_automatico
SMP-010860,APROVADO PARCIAL,C,True,valido_automatico
SMP-011292,AJUSTE CONCLUIDO,C,False,valido_automatico
SMP-002624,CANCELADO,B,False,recusar_automatico
SMP-004344,AGUARDANDO REINSPEÇÃO,A,False,revisar
SMP-000040,AJUSTE REPROVADO,A,False,recusar_automatico
SMP-003087,CANCELADO,C,True,recusar_automatico
SMP-011515,AJUSTE CONCLUIDO,C,True,valido_automatico
SMP-006092,PENDENTE,B,True,revisar
SMP-008450,APROVADO PARCIAL,A,False,valido_automatico
SMP-007621,CANCELADO,C,False,revisar
SMP-009252,AJUSTE CONCLUIDO,A,True,valido_automatico
SMP-003665,REINSPECAO REPROVADA,C,True,recusar_automatico
SMP-004981,ESPECIFICAÇÃO EM REVISÃO,A,True,revisar
SMP-008506,EM AJUSTE,A,True,valido_automatico
SMP-004698,ESPECIFICAÇÃO EM REVISÃO,A,True,revisar
SMP-011248,EM ANÁLISE,C,False,valido_automatico
SMP-008936,APROVADO PARCIAL,A,True,valido_automatico
SMP-006158,PENDENTE,B,False,revisar
SMP-003472,REINSPECAO REPROVADA,C,False,recusar_automatico
SMP-010554,AJUSTE CONCLUIDO,B,True,valido_automatico
SMP-011291,ESPECIFICAÇÃO EM REVISÃO,C,True,valido_automatico
SMP-005019,ESPECIFICAÇÃO EM REVISÃO,A,True,revisar
SMP-006791,EM AJUSTE,C,False,revisar
SMP-008946,APROVADO PARCIAL,A,False,valido_automatico
SMP-011208,AJUSTE CONCLUIDO,C,True,valido_automatico
SMP-000762,AJUSTE REPROVADO,A,False,recusar_automatico
SMP-008732,PENDENTE,A,True,valido_automatico
SMP-010960,AJUSTE CONCLUIDO,C,False,valido_automatico
SMP-006339,AGUARDANDO REINSPEÇÃO,B,True,revisar
SMP-011957,APROVADO PARCIAL,C,False,valido_automatico
SMP-008165,EM ANÁLISE,A,False,valido_automatico
SMP-010943,AJUSTE CONCLUIDO,C,False,valido_automatico
SMP-007231,ESPECIFICAÇÃO EM REVISÃO,C,False,revisar
SMP-002861,REINSPECAO REPROVADA,C,True,recusar_automatico
SMP-007622,EM ANALISE,C,False,revisar
SMP-002329,FORA DE ESPECIFICACAO,B,False,recusar_automatico
SMP-003314,AJUSTE REPROVADO,C,True,recusar_automatico
SMP-009712,AJUSTE CONCLUIDO,B,True,valido_automatico
SMP-002305,REINSPECAO REPROVADA,B,False,recusar_automatico
SMP-000461,REINSPECAO REPROVADA,A,True,recusar_automatico
SMP-009473,AJUSTE CONCLUIDO,B,False,valido_automatico
SMP-007857,AGUARDANDO REINSPEÇÃO,C,True,revisar
SMP-005481,APROVADO PARCIAL,B,False,revisar
SMP-007824,ESPECIFICAÇÃO EM REVISÃO,C,False,revisar
SMP-006079,AGUARDANDO REINSPEÇÃO,B,True,revisar
SMP-005043,EM ANALISE,A,False,revisar
SMP-010920,AJUSTE CONCLUIDO,C,False,valido_automatico
SMP-007239,ESPECIFICAÇÃO EM REVISÃO,C,False,revisar
SMP-005433,EM ANALISE,B,True,revisar
SMP-003143,FORA DE ESPECIFICACAO,C,False,recusar_automatico
SMP-001240,CANCELADO,A,True,recusar_automatico
SMP-011033,APROVADO PARCIAL,C,True,valido_automatico
SMP-001369,FORA DE ESPECIFICACAO,B,False,recusar_automatico
SMP-007635,AJUSTE REPROVADO,C,False,revisar
SMP-002085,REINSPECAO REPROVADA,B,False,recusar_automatico
SMP-002534,AJUSTE REPROVADO,B,False,recusar_automatico
SMP-006991,AGUARDANDO REINSPEÇÃO,C,False,revisar
SMP-010848,APROVADO PARCIAL,C,False,valido_automatico
SMP-006132,EM AJUSTE,B,True,revisar
SMP-004875,AGUARDANDO REINSPEÇÃO,A,False,revisar
SMP-002633,AJUSTE REPROVADO,B,True,recusar_automatico
SMP-003460,CANCELADO,C,True,recusar_automatico
SMP-009711,APROVADO PARCIAL,B,False,valido_automatico
SMP-001885,AJUSTE REPROVADO,B,True,recusar_automatico
SMP-005243,PENDENTE,A,False,revisar
SMP-002735,CANCELADO,C,True,recusar_automatico
SMP-008060,APROVADO PARCIAL,A,True,valido_automatico
SMP-005358,CANCELADO,B,True,revisar
SMP-005676,PENDENTE,B,False,revisar
SMP-005526,PENDENTE,B,False,revisar
SMP-010273,AJUSTE CONCLUIDO,B,True,valido_automatico
SMP-008690,EM AJUSTE,A,False,valido_automatico
SMP-011530,EM AJUSTE,C,False,valido_automatico
SMP-003878,FORA DE ESPECIFICACAO,C,True,recusar_automatico
SMP-004941,PENDENTE,A,True,revisar
SMP-005115,EM AJUSTE,A,True,revisar
SMP-008893,AJUSTE CONCLUIDO,A,True,valido_automatico
SMP-003856,FORA DE ESPECIFICACAO,C,False,recusar_automatico
SMP-011120,AJUSTE CONCLUIDO,C,False,valido_automatico
SMP-001411,ESPECIFICAÇÃO EM REVISÃO,B,True,recusar_automatico
SMP-005527,EM ANALISE,B,False,revisar
SMP-010894,AJUSTE CONCLUIDO,C,True,valido_automatico
SMP-007816,EM ANALISE,C,True,revisar
SMP-010897,APROVADO PARCIAL,C,True,valido_automatico
SMP-001439,CANCELADO,B,False,recusar_automatico
SMP-005061,EM ANALISE,A,True,revisar
SMP-005593,ESPECIFICAÇÃO EM REVISÃO,B,False,revisar
SMP-005762,AGUARDANDO REINSPEÇÃO,B,False,revisar
SMP-009538,APROVADO PARCIAL,B,True,valido_automatico
SMP-007818,ESPECIFICAÇÃO EM REVISÃO,C,True,revisar
SMP-006248,EM ANALISE,B,False,revisar
SMP-008583,APROVADO PARCIAL,A,True,valido_automatico
SMP-001340,CANCELADO,B,True,recusar_automatico
SMP-003880,FORA DE ESPECIFICACAO,C,True,recusar_automatico
SMP-004632,REINSPECAO REPROVADA,A,True,revisar
SMP-002368,FORA DE ESPECIFICACAO,B,False,recusar_automatico
SMP-005449,EM AJUSTE,B,False,revisar
SMP-008021,AJUSTE CONCLUIDO,A,True,valido_automatico
SMP-006826,EM ANALISE,C,True,revisar
SMP-007212,ESPECIFICAÇÃO EM REVISÃO,C,True,revisar
SMP-003050,AJUSTE REPROVADO,C,False,recusar_automatico
SMP-011725,APROVADO PARCIAL,C,False,valido_automatico
SMP-011861,AJUSTE CONCLUIDO,C,True,valido_automatico
SMP-005952,EM AJUSTE,B,True,revisar
SMP-000231,AJUSTE REPROVADO,A,False,recusar_automatico
SMP-007863,AJUSTE CONCLUIDO,C,True,revisar
SMP-006037,PENDENTE,B,False,revisar
SMP-004549,PENDENTE,A,False,revisar
SMP-007487,PENDENTE,C,False,revisar
SMP-008831,EM ANÁLISE,A,False,valido_automatico
SMP-000418,CANCELADO,A,False,recusar_automatico
SMP-009052,AJUSTE CONCLUIDO,A,True,valido_automatico
SMP-007335,AJUSTE CONCLUIDO,C,True,revisar
SMP-006962,PENDENTE,C,True,revisar
SMP-007072,ESPECIFICAÇÃO EM REVISÃO,C,True,revisar
SMP-004675,EM ANALISE,A,False,revisar
SMP-000287,CANCELADO,A,False,recusar_automatico
SMP-000751,REINSPECAO REPROVADA,A,False,recusar_automatico
SMP-008346,AJUSTE CONCLUIDO,A,True,valido_automatico
SMP-002684,CANCELADO,C,True,recusar_automatico
SMP-011010,APROVADO PARCIAL,C,True,valido_automatico
SMP-005487,ESPECIFICAÇÃO EM REVISÃO,B,True,revisar
SMP-006368,ESPECIFICAÇÃO EM REVISÃO,B,True,revisar
SMP-003378,CANCELADO,C,True,recusar_automatico
SMP-002406,CANCELADO,B,False,recusar_automatico
SMP-005310,PENDENTE,A,False,revisar
SMP-001243,FORA DE ESPECIFICACAO,A,True,recusar_automatico
SMP-011546,AJUSTE CONCLUIDO,C,False,valido_automatico
SMP-006471,PENDENTE,B,True,revisar
SMP-003108,REINSPECAO REPROVADA,C,False,recusar_automatico
SMP-006722,AJUSTE CONCLUIDO,C,False,revisar
SMP-008720,APROVADO PARCIAL,A,False,valido_automatico
SMP-008838,APROVADO PARCIAL,A,True,valido_automatico
SMP-011950,AJUSTE CONCLUIDO,C,False,valido_automatico
SMP-009259,APROVADO PARCIAL,A,False,valido_automatico
SMP-010919,EM ANÁLISE,C,False,valido_automatico
SMP-003479,CANCELADO,C,True,recusar_automatico
SMP-001843,REINSPECAO REPROVADA,B,True,recusar_automatico
SMP-009926,APROVADO PARCIAL,B,True,valido_automatico
SMP-002335,FORA DE ESPECIFICACAO,B,False,recusar_automatico
SMP-000477,FORA DE ESPECIFICACAO,A,True,recusar_automatico
SMP-002337,CANCELADO,B,True,recusar_automatico
SMP-008513,APROVADO PARCIAL,A,True,valido_automatico
SMP-009092,AJUSTE CONCLUIDO,A,True,valido_automatico
SMP-009063,APROVADO PARCIAL,A,True,valido_automatico
SMP-011594,APROVADO PARCIAL,C,False,valido_automatico
SMP-008777,APROVADO PARCIAL,A,True,valido_automatico
SMP-010474,AJUSTE REPROVADO,B,False,valido_automatico
SMP-003929,CANCELADO,C,True,recusar_automatico
SMP-007445,APROVADO PARCIAL,C,False,revisar
SMP-008301,EM AJUSTE,A,True,valido_automatico
SMP-008911,APROVADO PARCIAL,A,False,valido_automatico
SMP-000842,AJUSTE REPROVADO,A,False,recusar_automatico
SMP-009515,AJUSTE CONCLUIDO,B,False,valido_automatico
SMP-008075,APROVADO PARCIAL,A,False,valido_automatico
SMP-005613,PENDENTE,B,False,revisar
SMP-010977,EM AJUSTE,C,True,valido_automatico
SMP-004215,ESPECIFICAÇÃO EM REVISÃO,A,True,revisar
SMP-009852,AJUSTE CONCLUIDO,B,False,valido_automatico
SMP-011395,AJUSTE CONCLUIDO,C,True,valido_automatico
SMP-007300,ESPECIFICAÇÃO EM REVISÃO,C,True,revisar
SMP-009257,APROVADO PARCIAL,A,True,valido_automatico
SMP-007597,EM ANALISE,C,False,revisar
SMP-008255,EM ANÁLISE,A,False,valido_automatico
SMP-007951,AJUSTE REPROVADO,C,True,revisar
SMP-011440,EM AJUSTE,C,False,valido_automatico
SMP-000162,EM AJUSTE,A,True,recusar_automatico
SMP-004557,PENDENTE,A,False,revisar
SMP-002144,CANCELADO,B,True,recusar_automatico
SMP-009380,AJUSTE CONCLUIDO,B,True,valido_automatico
SMP-004558,PENDENTE,A,True,revisar
SMP-005053,EM AJUSTE,A,False,revisar
SMP-000702,CANCELADO,A,False,recusar_automatico
SMP-009736,AJUSTE REPROVADO,B,False,valido_automatico
SMP-004726,EM ANALISE,A,False,revisar
SMP-000695,CANCELADO,A,True,recusar_automatico
SMP-000148,CANCELADO,A,True,recusar_automatico
SMP-006435,ESPECIFICAÇÃO EM REVISÃO,B,True,revisar
SMP-007437,ESPECIFICAÇÃO EM REVISÃO,C,True,revisar
SMP-002213,CANCELADO,B,True,recusar_automatico
SMP-009768,AJUSTE REPROVADO,B,False,valido_automatico
SMP-005508,AGUARDANDO REINSPEÇÃO,B,False,revisar
SMP-003057,REINSPECAO REPROVADA,C,True,recusar_automatico
SMP-001952,FORA DE ESPECIFICACAO,B,False,recusar_automatico
SMP-002958,PENDENTE,C,True,recusar_automatico
SMP-005610,ESPECIFICAÇÃO EM REVISÃO,B,False,revisar
SMP-004561,CANCELADO,A,False,revisar
SMP-011234,APROVADO PARCIAL,C,True,valido_automatico
SMP-006778,PENDENTE,C,False,revisar
SMP-011160,AJUSTE CONCLUIDO,C,False,valido_automatico
SMP-006234,ESPECIFICAÇÃO EM REVISÃO,B,False,revisar
SMP-010377,EM ANÁLISE,B,False,valido_automatico
SMP-001010,REINSPECAO REPROVADA,A,False,recusar_automatico
SMP-001564,FORA DE ESPECIFICACAO,B,False,recusar_automatico
SMP-004291,EM ANALISE,A,False,revisar
SMP-004773,ESPECIFICAÇÃO EM REVISÃO,A,True,revisar
SMP-007867,PENDENTE,C,True,revisar
SMP-001183,CANCELADO,A,False,recusar_automatico
SMP-000526,AJUSTE REPROVADO,A,True,recusar_automatico
SMP-007203,PENDENTE,C,True,revisar
SMP-003013,CANCELADO,C,True,recusar_automatico
SMP-004729,CANCELADO,A,True,revisar
SMP-007422,EM ANALISE,C,False,revisar
SMP-007297,PENDENTE,C,True,revisar
SMP-003097,ESPECIFICAÇÃO EM REVISÃO,C,True,recusar_automatico
SMP-003289,REINSPECAO REPROVADA,C,False,recusar_automatico
SMP-011582,EM ANÁLISE,C,True,valido_automatico
SMP-009251,APROVADO PARCIAL,A,False,valido_automatico
SMP-000609,REINSPECAO REPROVADA,A,False,recusar_automatico
SMP-001649,AJUSTE REPROVADO,B,True,recusar_automatico
SMP-000087,REINSPECAO REPROVADA,A,False,recusar_automatico
SMP-004222,EM ANALISE,A,True,revisar
SMP-004447,PENDENTE,A,True,revisar
SMP-003259,AJUSTE REPROVADO,C,True,recusar_automatico
SMP-010222,EM ANÁLISE,B,True,valido_automatico
SMP-005969,APROVADO PARCIAL,B,True,revisar
SMP-010282,AJUSTE CONCLUIDO,B,True,valido_automatico
SMP-002742,REINSPECAO REPROVADA,C,True,recusar_automatico
SMP-011442,APROVADO PARCIAL,C,False,valido_automatico
SMP-003476,REINSPECAO REPROVADA,C,True,recusar_automatico
SMP-004227,PENDENTE,A,False,revisar
SMP-009416,AJUSTE CONCLUIDO,B,False,valido_automatico
SMP-010980,AJUSTE CONCLUIDO,C,True,valido_automatico
SMP-004037,EM AJUSTE,A,True,revisar
SMP-011765,APROVADO PARCIAL,C,False,valido_automatico
SMP-009001,PENDENTE,A,True,valido_automatico
SMP-008036,AGUARDANDO REINSPEÇÃO,A,False,valido_automatico
SMP-008187,APROVADO PARCIAL,A,True,valido_automatico
SMP-006709,EM ANALISE,C,True,revisar
SMP-000980,AJUSTE REPROVADO,A,False,recusar_automatico
SMP-002107,FORA DE ESPECIFICACAO,B,False,recusar_automatico
SMP-003094,AJUSTE REPROVADO,C,True,recusar_automatico
SMP-006193,EM AJUSTE,B,True,revisar
SMP-005275,EM ANALISE,A,False,revisar
SMP-005796,ESPECIFICAÇÃO EM REVISÃO,B,True,revisar
SMP-008654,APROVADO PARCIAL,A,False,valido_automatico
SMP-005895,AGUARDANDO REINSPEÇÃO,B,False,revisar
SMP-010965,AJUSTE CONCLUIDO,C,True,valido_automatico
SMP-003286,FORA DE ESPECIFICACAO,C,False,recusar_automatico
SMP-011166,APROVADO PARCIAL,C,True,valido_automatico
SMP-004200,CANCELADO,A,True,revisar
SMP-008954,APROVADO PARCIAL,A,True,valido_automatico
SMP-004905,PENDENTE,A,True,revisar
SMP-007773,ESPECIFICAÇÃO EM REVISÃO,C,True,revisar
SMP-009948,EM AJUSTE,B,False,valido_automatico
SMP-003268,REINSPECAO REPROVADA,C,False,recusar_automatico
SMP-001271,FORA DE ESPECIFICACAO,A,False,recusar_automatico
SMP-009868,APROVADO PARCIAL,B,False,valido_automatico
SMP-009564,AJUSTE CONCLUIDO,B,True,valido_automatico
SMP-010866,APROVADO PARCIAL,C,False,valido_automatico
SMP-003718,PENDENTE,C,False,recusar_automatico
SMP-004970,PENDENTE,A,False,revisar
SMP-004098,ESPECIFICAÇÃO EM REVISÃO,A,True,revisar
SMP-007044,ESPECIFICAÇÃO EM REVISÃO,C,False,revisar
SMP-006979,AGUARDANDO REINSPEÇÃO,C,False,revisar
SMP-001166,REINSPECAO REPROVADA,A,True,recusar_automatico
SMP-009270,APROVADO PARCIAL,A,True,valido_automatico
SMP-003556,CANCELADO,C,False,recusar_automatico
SMP-000434,AJUSTE REPROVADO,A,True,recusar_automatico
SMP-006353,ESPECIFICAÇÃO EM REVISÃO,B,False,revisar
SMP-010561,APROVADO PARCIAL,B,True,valido_automatico
SMP-011908,AJUSTE CONCLUIDO,C,True,valido_automatico
SMP-009370,APROVADO PARCIAL,B,False,valido_automatico
SMP-002606,AJUSTE REPROVADO,B,True,recusar_automatico
SMP-003413,FORA DE ESPECIFICACAO,C,False,recusar_automatico
SMP-002234,FORA DE ESPECIFICACAO,B,False,recusar_automatico
SMP-009282,APROVADO PARCIAL,A,True,valido_automatico
SMP-008478,AJUSTE CONCLUIDO,A,False,valido_automatico
SMP-005709,REINSPECAO REPROVADA,B,False,revisar
SMP-007252,EM AJUSTE,C,False,revisar
SMP-010785,AGUARDANDO REINSPEÇÃO,C,True,valido_automatico
SMP-000116,CANCELADO,A,True,recusar_automatico
SMP-002138,FORA DE ESPECIFICACAO,B,False,recusar_automatico
SMP-004394,AGUARDANDO REINSPEÇÃO,A,False,revisar
SMP-004485,PENDENTE,A,False,revisar
SMP-004054,AJUSTE CONCLUIDO,A,False,revisar
SMP-003845,AJUSTE REPROVADO,C,True,recusar_automatico
SMP-008512,APROVADO PARCIAL,A,True,valido_automatico
SMP-006753,EM ANALISE,C,False,revisar
SMP-003816,CANCELADO,C,True,recusar_automatico
SMP-004507,CANCELADO,A,True,revisar
SMP-003712,CANCELADO,C,True,recusar_automatico
SMP-008822,AJUSTE CONCLUIDO,A,True,valido_automatico
SMP-009642,APROVADO PARCIAL,B,False,valido_automatico
SMP-009560,EM AJUSTE,B,True,valido_automatico
SMP-009587,APROVADO PARCIAL,B,False,valido_automatico
SMP-002807,AJUSTE REPROVADO,C,False,recusar_automatico
SMP-002106,FORA DE ESPECIFICACAO,B,True,recusar_automatico
SMP-009677,EM AJUSTE,B,False,valido_automatico
SMP-008029,AGUARDANDO REINSPEÇÃO,A,True,valido_automatico
SMP-007719,ESPECIFICAÇÃO EM REVISÃO,C,False,revisar
SMP-003605,AJUSTE REPROVADO,C,True,recusar_automatico
SMP-010268,AJUSTE CONCLUIDO,B,False,valido_automatico
SMP-003495,CANCELADO,C,False,recusar_automatico
SMP-005299,CANCELADO,A,False,revisar
SMP-008260,AJUSTE CONCLUIDO,A,False,valido_automatico
SMP-011738,AJUSTE CONCLUIDO,C,True,valido_automatico
SMP-003416,REINSPECAO REPROVADA,C,True,recusar_automatico
SMP-007535,PENDENTE,C,False,revisar
SMP-000108,CANCELADO,A,False,recusar_automatico
SMP-010961,EM ANÁLISE,C,True,valido_automatico
SMP-006530,EM ANALISE,B,True,revisar
SMP-002218,CANCELADO,B,False,recusar_automatico
SMP-006570,EM ANALISE,B,False,revisar
SMP-001126,CANCELADO,A,True,recusar_automatico
SMP-010424,APROVADO PARCIAL,B,False,valido_automatico
SMP-010143,AGUARDANDO REINSPEÇÃO,B,True,valido_automatico
SMP-007210,EM ANALISE,C,True,revisar
SMP-002996,REINSPECAO REPROVADA,C,True,recusar_automatico
SMP-003434,AGUARDANDO REINSPEÇÃO,C,True,recusar_automatico
SMP-005765,ESPECIFICAÇÃO EM REVISÃO,B,True,revisar
SMP-010649,AJUSTE REPROVADO,B,False,valido_automatico
SMP-002120,REINSPECAO REPROVADA,B,False,recusar_automatico
SMP-002385,AJUSTE REPROVADO,B,True,recusar_automatico
SMP-000435,AJUSTE REPROVADO,A,False,recusar_automatico
SMP-007964,ESPECIFICAÇÃO EM REVISÃO,C,False,revisar
SMP-004727,PENDENTE,A,True,revisar
SMP-003453,FORA DE ESPECIFICACAO,C,False,recusar_automatico
SMP-010294,EM AJUSTE,B,True,valido_automatico
SMP-000649,PENDENTE,A,True,recusar_automatico
SMP-000212,REINSPECAO REPROVADA,A,False,recusar_automatico
SMP-009617,APROVADO PARCIAL,B,True,valido_automatico
SMP-006122,REINSPECAO REPROVADA,B,True,revisar
SMP-008692,APROVADO PARCIAL,A,False,valido_automatico
SMP-004248,PENDENTE,A,True,revisar
SMP-005409,PENDENTE,B,True,revisar
SMP-005677,EM ANALISE,B,True,revisar
SMP-010057,PENDENTE,B,True,valido_automatico
SMP-008651,AJUSTE CONCLUIDO,A,True,valido_automatico
SMP-011486,AJUSTE CONCLUIDO,C,False,valido_automatico
SMP-011338,APROVADO PARCIAL,C,True,valido_automatico
SMP-000510,CANCELADO,A,False,recusar_automatico
SMP-006547,PENDENTE,B,True,revisar
SMP-004486,PENDENTE,A,False,revisar
SMP-011516,AJUSTE CONCLUIDO,C,True,valido_automatico
SMP-006466,AGUARDANDO REINSPEÇÃO,B,True,revisar
SMP-007103,EM ANALISE,C,False,revisar
SMP-011866,AJUSTE CONCLUIDO,C,True,valido_automatico
SMP-011114,APROVADO PARCIAL,C,True,valido_automatico
SMP-009347,APROVADO PARCIAL,B,True,valido_automatico
SMP-010605,APROVADO PARCIAL,B,False,valido_automatico
SMP-002656,REINSPECAO REPROVADA,B,False,recusar_automatico
SMP-009296,AJUSTE CONCLUIDO,A,False,valido_automatico
SMP-008707,APROVADO PARCIAL,A,False,valido_automatico
SMP-008290,APROVADO PARCIAL,A,True,valido_automatico
SMP-002586,AJUSTE REPROVADO,B,True,recusar_automatico
SMP-006888,PENDENTE,C,False,revisar
SMP-006385,AGUARDANDO REINSPEÇÃO,B,True,revisar
SMP-011437,AJUSTE CONCLUIDO,C,False,valido_automatico
SMP-001490,EM AJUSTE,B,True,recusar_automatico
SMP-002292,AJUSTE REPROVADO,B,False,recusar_automatico
SMP-009744,AJUSTE CONCLUIDO,B,False,valido_automatico
SMP-009933,AJUSTE CONCLUIDO,B,True,valido_automatico
SMP-003796,AGUARDANDO REINSPEÇÃO,C,False,recusar_automatico
SMP-005345,AGUARDANDO REINSPEÇÃO,B,True,revisar
SMP-001911,REINSPECAO REPROVADA,B,False,recusar_automatico
SMP-004186,PENDENTE,A,False,revisar
SMP-001191,CANCELADO,A,True,recusar_automatico
SMP-009925,APROVADO PARCIAL,B,True,valido_automatico
SMP-007936,EM ANALISE,C,True,revisar
SMP-000456,PENDENTE,A,True,recusar_automatico
SMP-000346,AJUSTE REPROVADO,A,False,recusar_automatico
SMP-003424,CANCELADO,C,True,recusar_automatico
SMP-001420,CANCELADO,B,True,recusar_automatico
SMP-001308,CANCELADO,A,True,recusar_automatico
SMP-000697,FORA DE ESPECIFICACAO,A,True,recusar_automatico
SMP-011408,EM AJUSTE,C,True,valido_automatico
SMP-000204,REINSPECAO REPROVADA,A,False,recusar_automatico
SMP-001838,CANCELADO,B,True,recusar_automatico
SMP-010109,APROVADO PARCIAL,B,True,valido_automatico
SMP-000021,REINSPECAO REPROVADA,A,False,recusar_automatico
SMP-000922,EM AJUSTE,A,True,recusar_automatico
SMP-001202,REINSPECAO REPROVADA,A,False,recusar_automatico
SMP-010427,AGUARDANDO REINSPEÇÃO,B,False,valido_automatico
SMP-005315,ESPECIFICAÇÃO EM REVISÃO,A,False,revisar
SMP-009054,AJUSTE CONCLUIDO,A,True,valido_automatico
SMP-003096,REINSPECAO REPROVADA,C,False,recusar_automatico
SMP-004735,AJUSTE CONCLUIDO,A,True,revisar
SMP-011435,AJUSTE CONCLUIDO,C,False,valido_automatico
SMP-007114,ESPECIFICAÇÃO EM REVISÃO,C,True,revisar
SMP-009870,EM AJUSTE,B,False,valido_automatico
SMP-000595,CANCELADO,A,False,recusar_automatico
SMP-005204,ESPECIFICAÇÃO EM REVISÃO,A,False,revisar
SMP-006019,EM ANALISE,B,False,revisar
SMP-004819,EM ANALISE,A,True,revisar
SMP-001895,AJUSTE REPROVADO,B,True,recusar_automatico
SMP-010553,AJUSTE CONCLUIDO,B,False,valido_automatico
SMP-006185,EM ANALISE,B,False,revisar
SMP-001947,REINSPECAO REPROVADA,B,True,recusar_automatico
SMP-007170,PENDENTE,C,False,revisar
SMP-001587,CANCELADO,B,True,recusar_automatico
SMP-007835,PENDENTE,C,True,revisar
SMP-009857,APROVADO PARCIAL,B,False,valido_automatico
SMP-008097,APROVADO PARCIAL,A,True,valido_automatico
SMP-011538,APROVADO PARCIAL,C,False,valido_automatico
SMP-008650,APROVADO PARCIAL,A,True,valido_automatico
SMP-003133,AJUSTE REPROVADO,C,False,recusar_automatico
SMP-000939,CANCELADO,A,True,recusar_automatico
SMP-001341,REINSPECAO REPROVADA,B,True,recusar_automatico
SMP-003897,REINSPECAO REPROVADA,C,False,recusar_automatico
SMP-004909,EM ANALISE,A,False,revisar
SMP-003576,AJUSTE REPROVADO,C,True,recusar_automatico
SMP-003745,REINSPECAO REPROVADA,C,False,recusar_automatico
SMP-000272,REINSPECAO REPROVADA,A,True,recusar_automatico
SMP-005011,EM ANALISE,A,True,revisar
SMP-011880,AJUSTE REPROVADO,C,False,valido_automatico
SMP-002072,CANCELADO,B,False,recusar_automatico
SMP-001711,CANCELADO,B,False,recusar_automatico
SMP-011739,ESPECIFICAÇÃO EM REVISÃO,C,True,valido_automatico
SMP-001698,FORA DE ESPECIFICACAO,B,True,recusar_automatico
SMP-007590,ESPECIFICAÇÃO EM REVISÃO,C,True,revisar
SMP-010922,APROVADO PARCIAL,C,True,valido_automatico
SMP-010278,APROVADO PARCIAL,B,False,valido_automatico
SMP-000884,PENDENTE,A,False,recusar_automatico
SMP-009861,AJUSTE CONCLUIDO,B,True,valido_automatico
SMP-002792,CANCELADO,C,False,recusar_automatico
SMP-000550,CANCELADO,A,False,recusar_automatico
SMP-005909,ESPECIFICAÇÃO EM REVISÃO,B,False,revisar
SMP-000195,REINSPECAO REPROVADA,A,False,recusar_automatico
SMP-003787,REINSPECAO REPROVADA,C,True,recusar_automatico
SMP-005271,ESPECIFICAÇÃO EM REVISÃO,A,False,revisar
SMP-003537,FORA DE ESPECIFICACAO,C,True,recusar_automatico
SMP-000305,CANCELADO,A,True,recusar_automatico
SMP-010739,AJUSTE REPROVADO,C,False,valido_automatico
SMP-006335,EM ANALISE,B,True,revisar
SMP-003752,CANCELADO,C,True,recusar_automatico
SMP-000854,REINSPECAO REPROVADA,A,False,recusar_automatico
SMP-003281,CANCELADO,C,False,recusar_automatico
SMP-000192,AJUSTE REPROVADO,A,False,recusar_automatico
SMP-006988,PENDENTE,C,True,revisar
SMP-002763,FORA DE ESPECIFICACAO,C,True,recusar_automatico
SMP-003069,CANCELADO,C,False,recusar_automatico
SMP-008103,EM AJUSTE,A,False,valido_automatico
SMP-007514,EM ANALISE,C,True,revisar
SMP-000509,CANCELADO,A,True,recusar_automatico
SMP-001227,REINSPECAO REPROVADA,A,False,recusar_automatico
SMP-008210,AJUSTE CONCLUIDO,A,True,valido_automatico
SMP-005617,PENDENTE,B,True,revisar
SMP-001506,FORA DE ESPECIFICACAO,B,True,recusar_automatico
SMP-011201,APROVADO PARCIAL,C,True,valido_automatico
SMP-010670,APROVADO PARCIAL,C,True,valido_automatico
SMP-007833,ESPECIFICAÇÃO EM REVISÃO,C,True,revisar
SMP-001165,CANCELADO,A,False,recusar_automatico
SMP-009845,APROVADO PARCIAL,B,False,valido_automatico
SMP-005906,PENDENTE,B,False,revisar
SMP-011294,PENDENTE,C,False,valido_automatico
SMP-004634,EM ANALISE,A,True,revisar
SMP-003280,EM AJUSTE,C,False,recusar_automatico
SMP-009360,EM ANÁLISE,B,False,valido_automatico
SMP-010987,APROVADO PARCIAL,C,True,valido_automatico
SMP-010259,APROVADO PARCIAL,B,False,valido_automatico
SMP-008212,APROVADO PARCIAL,A,False,valido_automatico
SMP-008755,EM AJUSTE,A,False,valido_automatico
SMP-000240,AJUSTE REPROVADO,A,False,recusar_automatico
SMP-009757,EM ANÁLISE,B,False,valido_automatico
SMP-011133,APROVADO PARCIAL,C,True,valido_automatico
SMP-005558,AGUARDANDO REINSPEÇÃO,B,False,revisar
SMP-011921,APROVADO PARCIAL,C,False,valido_automatico
SMP-000506,EM AJUSTE,A,True,recusar_automatico
SMP-004921,EM ANALISE,A,True,revisar
SMP-005925,AJUSTE REPROVADO,B,True,revisar
SMP-004724,PENDENTE,A,True,revisar
SMP-008682,AJUSTE CONCLUIDO,A,True,valido_automatico
SMP-003359,CANCELADO,C,False,recusar_automatico
SMP-011720,PENDENTE,C,False,valido_automatico
SMP-001122,AJUSTE REPROVADO,A,True,recusar_automatico
SMP-009142,AJUSTE CONCLUIDO,A,False,valido_automatico
SMP-001902,REINSPECAO REPROVADA,B,False,recusar_automatico
SMP-008099,APROVADO PARCIAL,A,False,valido_automatico
SMP-006502,EM AJUSTE,B,True,revisar
SMP-002553,REINSPECAO REPROVADA,B,False,recusar_automatico
SMP-005507,EM ANALISE,B,True,revisar
SMP-006571,AGUARDANDO REINSPEÇÃO,B,False,revisar
SMP-004963,ESPECIFICAÇÃO EM REVISÃO,A,True,revisar
SMP-004415,ESPECIFICAÇÃO EM REVISÃO,A,True,revisar
SMP-007119,PENDENTE,C,False,revisar
SMP-006768,AGUARDANDO REINSPEÇÃO,C,False,revisar
SMP-004084,AGUARDANDO REINSPEÇÃO,A,True,revisar
SMP-007603,EM ANALISE,C,False,revisar
SMP-007543,EM ANALISE,C,False,revisar
SMP-010438,AJUSTE CONCLUIDO,B,True,valido_automatico
SMP-010136,APROVADO PARCIAL,B,True,valido_automatico
SMP-005782,EM ANALISE,B,False,revisar
SMP-001739,CANCELADO,B,False,recusar_automatico
SMP-007238,CANCELADO,C,False,revisar
SMP-001033,REINSPECAO REPROVADA,A,True,recusar_automatico
SMP-000419,AJUSTE REPROVADO,A,True,recusar_automatico
SMP-010485,AJUSTE CONCLUIDO,B,False,valido_automatico
SMP-004757,AJUSTE CONCLUIDO,A,True,revisar
SMP-011709,AJUSTE CONCLUIDO,C,True,valido_automatico
SMP-006646,PENDENTE,B,True,revisar
SMP-002653,REINSPECAO REPROVADA,B,True,recusar_automatico
SMP-011130,APROVADO PARCIAL,C,True,valido_automatico
SMP-007908,EM ANALISE,C,False,revisar
SMP-002103,AJUSTE REPROVADO,B,False,recusar_automatico
SMP-007278,ESPECIFICAÇÃO EM REVISÃO,C,True,revisar
SMP-010410,AJUSTE CONCLUIDO,B,True,valido_automatico
SMP-007634,AGUARDANDO REINSPEÇÃO,C,True,revisar
SMP-006987,PENDENTE,C,True,revisar
SMP-005694,AJUSTE CONCLUIDO,B,True,revisar
SMP-004567,EM ANALISE,A,True,revisar
SMP-003435,FORA DE ESPECIFICACAO,C,True,recusar_automatico
SMP-002321,CANCELADO,B,True,recusar_automatico
SMP-002426,FORA DE ESPECIFICACAO,B,True,recusar_automatico
SMP-003164,REINSPECAO REPROVADA,C,True,recusar_automatico
SMP-002988,CANCELADO,C,True,recusar_automatico
SMP-010460,EM AJUSTE,B,False,valido_automatico
SMP-005180,CANCELADO,A,True,revisar
SMP-005818,CANCELADO,B,False,revisar
SMP-010074,AJUSTE CONCLUIDO,B,True,valido_automatico
SMP-001941,REINSPECAO REPROVADA,B,True,recusar_automatico
SMP-005318,ESPECIFICAÇÃO EM REVISÃO,A,False,revisar
SMP-004433,PENDENTE,A,True,revisar
SMP-001225,CANCELADO,A,False,recusar_automatico
SMP-009368,PENDENTE,B,False,valido_automatico
SMP-001261,AJUSTE REPROVADO,A,False,recusar_automatico
SMP-000847,CANCELADO,A,False,recusar_automatico
SMP-003320,AJUSTE REPROVADO,C,True,recusar_automatico
SMP-006021,CANCELADO,B,True,revisar
SMP-011774,AJUSTE CONCLUIDO,C,True,valido_automatico
SMP-000244,AJUSTE REPROVADO,A,True,recusar_automatico
SMP-002662,REINSPECAO REPROVADA,B,True,recusar_automatico
SMP-003429,FORA DE ESPECIFICACAO,C,False,recusar_automatico
SMP-000117,FORA DE ESPECIFICACAO,A,True,recusar_automatico
SMP-006437,EM ANALISE,B,False,revisar
SMP-006192,PENDENTE,B,True,revisar
SMP-006000,PENDENTE,B,False,revisar
SMP-009036,AJUSTE REPROVADO,A,False,valido_automatico
SMP-010444,PENDENTE,B,False,valido_automatico
SMP-011898,AJUSTE CONCLUIDO,C,True,valido_automatico
SMP-005201,EM ANALISE,A,True,revisar
SMP-011482,APROVADO PARCIAL,C,False,valido_automatico
SMP-004892,PENDENTE,A,True,revisar
SMP-007891,AJUSTE CONCLUIDO,C,True,revisar
SMP-002043,AJUSTE REPROVADO,B,False,recusar_automatico
SMP-011634,EM AJUSTE,C,True,valido_automatico
SMP-004514,ESPECIFICAÇÃO EM REVISÃO,A,False,revisar
SMP-000883,ESPECIFICAÇÃO EM REVISÃO,A,False,recusar_automatico
SMP-009290,PENDENTE,A,True,valido_automatico
SMP-006275,CANCELADO,B,True,revisar
SMP-007841,EM ANALISE,C,True,revisar
SMP-003209,PENDENTE,C,False,recusar_automatico
SMP-007132,ESPECIFICAÇÃO EM REVISÃO,C,True,revisar
SMP-003852,AJUSTE REPROVADO,C,False,recusar_automatico
SMP-007447,ESPECIFICAÇÃO EM REVISÃO,C,False,revisar
SMP-002246,FORA DE ESPECIFICACAO,B,False,recusar_automatico
SMP-008336,AJUSTE CONCLUIDO,A,False,valido_automatico
SMP-002953,REINSPECAO REPROVADA,C,True,recusar_automatico
SMP-006496,ESPECIFICAÇÃO EM REVISÃO,B,True,revisar
SMP-002175,FORA DE ESPECIFICACAO,B,True,recusar_automatico
SMP-007617,PENDENTE,C,True,revisar
SMP-003426,AJUSTE REPROVADO,C,False,recusar_automatico
SMP-001594,AJUSTE REPROVADO,B,True,recusar_automatico
SMP-010613,AJUSTE CONCLUIDO,B,True,valido_automatico
SMP-002061,AJUSTE REPROVADO,B,True,recusar_automatico
SMP-006956,CANCELADO,C,True,revisar
SMP-000931,REINSPECAO REPROVADA,A,False,recusar_automatico
SMP-010418,ESPECIFICAÇÃO EM REVISÃO,B,False,valido_automatico
SMP-000336,AJUSTE REPROVADO,A,False,recusar_automatico
SMP-008468,APROVADO PARCIAL,A,True,valido_automatico
SMP-001219,ESPECIFICAÇÃO EM REVISÃO,A,False,recusar_automatico
SMP-000344,CANCELADO,A,True,recusar_automatico
SMP-011096,AJUSTE CONCLUIDO,C,False,valido_automatico
SMP-005693,AGUARDANDO REINSPEÇÃO,B,True,revisar
SMP-008820,AJUSTE CONCLUIDO,A,False,valido_automatico
SMP-003016,AJUSTE REPROVADO,C,True,recusar_automatico
SMP-002572,AJUSTE REPROVADO,B,False,recusar_automatico
SMP-002925,FORA DE ESPECIFICACAO,C,True,recusar_automatico
SMP-005820,AGUARDANDO REINSPEÇÃO,B,True,revisar
SMP-011223,APROVADO PARCIAL,C,True,valido_automatico
SMP-011980,APROVADO PARCIAL,C,True,valido_automatico
SMP-007941,PENDENTE,C,True,revisar
SMP-009094,EM ANÁLISE,A,True,valido_automatico
SMP-009495,EM AJUSTE,B,False,valido_automatico
SMP-006490,PENDENTE,B,False,revisar
SMP-003473,FORA DE ESPECIFICACAO,C,False,recusar_automatico
SMP-010285,AJUSTE CONCLUIDO,B,False,valido_automatico
SMP-000614,PENDENTE,A,True,recusar_automatico
SMP-010508,EM ANÁLISE,B,False,valido_automatico
SMP-003950,AJUSTE REPROVADO,C,False,recusar_automatico
SMP-002195,AJUSTE REPROVADO,B,True,recusar_automatico
SMP-002013,CANCELADO,B,False,recusar_automatico
SMP-001049,ESPECIFICAÇÃO EM REVISÃO,A,False,recusar_automatico
SMP-009289,APROVADO PARCIAL,A,True,valido_automatico
SMP-007095,PENDENTE,C,False,revisar
SMP-007849,PENDENTE,C,True,revisar
SMP-005653,PENDENTE,B,True,revisar
SMP-008888,APROVADO PARCIAL,A,True,valido_automatico
SMP-002151,AJUSTE REPROVADO,B,False,recusar_automatico
SMP-001277,FORA DE ESPECIFICACAO,A,True,recusar_automatico
SMP-006877,EM ANALISE,C,True,revisar
SMP-005105,CANCELADO,A,False,revisar
SMP-002333,REINSPECAO REPROVADA,B,True,recusar_automatico
SMP-011746,APROVADO PARCIAL,C,True,valido_automatico
SMP-008108,APROVADO PARCIAL,A,False,valido_automatico
SMP-002712,CANCELADO,C,True,recusar_automatico
SMP-005824,AGUARDANDO REINSPEÇÃO,B,True,revisar
SMP-005497,AGUARDANDO REINSPEÇÃO,B,False,revisar
SMP-005689,AGUARDANDO REINSPEÇÃO,B,True,revisar
SMP-010787,APROVADO PARCIAL,C,True,valido_automatico
SMP-010445,APROVADO PARCIAL,B,False,valido_automatico
SMP-011964,APROVADO PARCIAL,C,False,valido_automatico
SMP-009035,APROVADO PARCIAL,A,True,valido_automatico
SMP-011690,AJUSTE CONCLUIDO,C,False,valido_automatico
SMP-009065,APROVADO PARCIAL,A,False,valido_automatico
SMP-003217,FORA DE ESPECIFICACAO,C,False,recusar_automatico
SMP-009451,APROVADO PARCIAL,B,False,valido_automatico
SMP-005599,EM ANALISE,B,True,revisar
SMP-006729,AGUARDANDO REINSPEÇÃO,C,True,revisar
SMP-009423,EM AJUSTE,B,True,valido_automatico
SMP-006267,AGUARDANDO REINSPEÇÃO,B,True,revisar
SMP-007179,EM ANALISE,C,True,revisar
SMP-001837,REINSPECAO REPROVADA,B,False,recusar_automatico
SMP-001535,AJUSTE REPROVADO,B,False,recusar_automatico
SMP-005965,APROVADO PARCIAL,B,False,revisar
SMP-006931,APROVADO PARCIAL,C,True,revisar
SMP-006274,PENDENTE,B,False,revisar
SMP-009146,AJUSTE CONCLUIDO,A,False,valido_automatico
SMP-002729,REINSPECAO REPROVADA,C,True,recusar_automatico
SMP-011584,APROVADO PARCIAL,C,True,valido_automatico
SMP-009449,AJUSTE CONCLUIDO,B,True,valido_automatico
SMP-002786,AJUSTE REPROVADO,C,True,recusar_automatico
SMP-004949,AJUSTE CONCLUIDO,A,True,revisar
SMP-008349,APROVADO PARCIAL,A,True,valido_automatico
SMP-004765,PENDENTE,A,True,revisar
SMP-003349,REINSPECAO REPROVADA,C,True,recusar_automatico
SMP-001550,AGUARDANDO REINSPEÇÃO,B,True,recusar_automatico
SMP-001936,CANCELADO,B,False,recusar_automatico
SMP-000112,REINSPECAO REPROVADA,A,True,recusar_automatico
SMP-011776,AJUSTE CONCLUIDO,C,False,valido_automatico
SMP-002635,REINSPECAO REPROVADA,B,True,recusar_automatico
SMP-004105,EM ANALISE,A,True,revisar
SMP-005830,PENDENTE,B,True,revisar
SMP-005862,AGUARDANDO REINSPEÇÃO,B,True,revisar
SMP-008109,AJUSTE CONCLUIDO,A,False,valido_automatico
SMP-001563,FORA DE ESPECIFICACAO,B,True,recusar_automatico
SMP-001218,CANCELADO,A,False,recusar_automatico
SMP-001284,AJUSTE REPROVADO,A,True,recusar_automatico
SMP-008151,EM AJUSTE,A,False,valido_automatico
SMP-006844,PENDENTE,C,False,revisar
SMP-001786,REINSPECAO REPROVADA,B,True,recusar_automatico
SMP-009936,AJUSTE CONCLUIDO,B,False,valido_automatico
SMP-008801,EM ANÁLISE,A,True,valido_automatico
SMP-004030,AGUARDANDO REINSPEÇÃO,A,False,revisar
SMP-007423,EM ANALISE,C,False,revisar
SMP-011462,AJUSTE CONCLUIDO,C,True,valido_automatico
SMP-009910,APROVADO PARCIAL,B,False,valido_automatico
SMP-010224,APROVADO PARCIAL,B,True,valido_automatico
SMP-005387,APROVADO PARCIAL,B,True,revisar
SMP-002592,FORA DE ESPECIFICACAO,B,True,recusar_automatico
SMP-001584,FORA DE ESPECIFICACAO,B,False,recusar_automatico
SMP-006892,AGUARDANDO REINSPEÇÃO,C,True,revisar
SMP-005621,ESPECIFICAÇÃO EM REVISÃO,B,False,revisar
SMP-000770,REINSPECAO REPROVADA,A,False,recusar_automatico
SMP-003178,ESPECIFICAÇÃO EM REVISÃO,C,True,recusar_automatico
SMP-003815,AJUSTE REPROVADO,C,True,recusar_automatico
SMP-003818,CANCELADO,C,False,recusar_automatico
SMP-005626,EM ANALISE,B,True,revisar
SMP-006606,EM ANALISE,B,True,revisar
SMP-000802,FORA DE ESPECIFICACAO,A,False,recusar_automatico
SMP-005489,PENDENTE,B,True,revisar
SMP-005343,AJUSTE REPROVADO,B,False,revisar
SMP-003628,FORA DE ESPECIFICACAO,C,True,recusar_automatico
SMP-000466,PENDENTE,A,True,recusar_automatico
SMP-001725,AJUSTE REPROVADO,B,False,recusar_automatico
SMP-005681,AGUARDANDO REINSPEÇÃO,B,True,revisar
SMP-007521,ESPECIFICAÇÃO EM REVISÃO,C,True,revisar
SMP-008495,APROVADO PARCIAL,A,False,valido_automatico
SMP-005548,ESPECIFICAÇÃO EM REVISÃO,B,False,revisar
SMP-002512,PENDENTE,B,False,recusar_automatico
SMP-007775,AGUARDANDO REINSPEÇÃO,C,True,revisar
SMP-006749,ESPECIFICAÇÃO EM REVISÃO,C,False,revisar
SMP-002535,CANCELADO,B,False,recusar_automatico
SMP-007735,EM AJUSTE,C,False,revisar
SMP-003908,REINSPECAO REPROVADA,C,False,recusar_automatico
SMP-003100,FORA DE ESPECIFICACAO,C,False,recusar_automatico
SMP-000591,EM AJUSTE,A,False,recusar_automatico
SMP-007162,PENDENTE,C,False,revisar
SMP-011038,PENDENTE,C,True,valido_automatico
SMP-010775,EM AJUSTE,C,False,valido_automatico
SMP-003414,REINSPECAO REPROVADA,C,True,recusar_automatico
SMP-007227,EM ANALISE,C,True,revisar
SMP-007192,EM ANALISE,C,True,revisar
SMP-005505,ESPECIFICAÇÃO EM REVISÃO,B,True,revisar
SMP-001827,FORA DE ESPECIFICACAO,B,False,recusar_automatico
SMP-006196,EM ANALISE,B,False,revisar
SMP-009364,AJUSTE CONCLUIDO,B,False,valido_automatico
SMP-003691,AGUARDANDO REINSPEÇÃO,C,True,recusar_automatico
SMP-002575,REINSPECAO REPROVADA,B,False,recusar_automatico
SMP-004148,PENDENTE,A,False,revisar
SMP-007937,PENDENTE,C,True,revisar
SMP-010803,PENDENTE,C,True,valido_automatico
SMP-004689,PENDENTE,A,True,revisar
SMP-006413,PENDENTE,B,False,revisar
SMP-005768,ESPECIFICAÇÃO EM REVISÃO,B,True,revisar
SMP-011372,AJUSTE CONCLUIDO,C,False,valido_automatico
SMP-006655,PENDENTE,B,True,revisar
SMP-010056,AJUSTE CONCLUIDO,B,True,valido_automatico
SMP-000444,PENDENTE,A,False,recusar_automatico
SMP-006069,PENDENTE,B,False,revisar
SMP-007653,EM ANALISE,C,False,revisar
SMP-010461,EM ANÁLISE,B,True,valido_automatico
SMP-005217,APROVADO PARCIAL,A,True,revisar
SMP-005134,ESPECIFICAÇÃO EM REVISÃO,A,False,revisar
SMP-002699,AJUSTE REPROVADO,C,False,recusar_automatico
SMP-011757,APROVADO PARCIAL,C,False,valido_automatico
SMP-011625,APROVADO PARCIAL,C,True,valido_automatico
SMP-007395,REINSPECAO REPROVADA,C,False,revisar
SMP-004223,EM AJUSTE,A,True,revisar
SMP-009836,AJUSTE CONCLUIDO,B,False,valido_automatico
SMP-004750,ESPECIFICAÇÃO EM REVISÃO,A,True,revisar
SMP-002793,CANCELADO,C,True,recusar_automatico
SMP-002044,AJUSTE REPROVADO,B,False,recusar_automatico
SMP-009324,AJUSTE CONCLUIDO,A,True,valido_automatico
SMP-006010,AGUARDANDO REINSPEÇÃO,B,False,revisar
SMP-006557,AJUSTE REPROVADO,B,False,revisar
SMP-009433,AJUSTE CONCLUIDO,B,False,valido_automatico
SMP-003204,REINSPECAO REPROVADA,C,True,recusar_automatico
SMP-005648,AGUARDANDO REINSPEÇÃO,B,False,revisar
SMP-007061,AGUARDANDO REINSPEÇÃO,C,True,revisar
SMP-011097,AJUSTE CONCLUIDO,C,True,valido_automatico
SMP-002906,AJUSTE REPROVADO,C,True,recusar_automatico
SMP-009756,ESPECIFICAÇÃO EM REVISÃO,B,True,valido_automatico
SMP-003703,CANCELADO,C,True,recusar_automatico
SMP-007368,ESPECIFICAÇÃO EM REVISÃO,C,False,revisar
SMP-002439,AJUSTE REPROVADO,B,True,recusar_automatico
SMP-001903,AJUSTE REPROVADO,B,True,recusar_automatico
SMP-009485,APROVADO PARCIAL,B,False,valido_automatico
SMP-002334,CANCELADO,B,True,recusar_automatico
SMP-007679,AGUARDANDO REINSPEÇÃO,C,False,revisar
SMP-006318,AGUARDANDO REINSPEÇÃO,B,True,revisar
SMP-005245,AGUARDANDO REINSPEÇÃO,A,True,revisar
SMP-010818,APROVADO PARCIAL,C,False,valido_automatico
SMP-001110,AJUSTE REPROVADO,A,True,recusar_automatico
SMP-007989,ESPECIFICAÇÃO EM REVISÃO,C,False,revisar
SMP-006094,APROVADO PARCIAL,B,False,revisar
SMP-001396,FORA DE ESPECIFICACAO,B,False,recusar_automatico
SMP-006786,PENDENTE,C,False,revisar
SMP-004764,AGUARDANDO REINSPEÇÃO,A,True,revisar
SMP-003302,FORA DE ESPECIFICACAO,C,True,recusar_automatico
SMP-007353,EM ANALISE,C,True,revisar
SMP-008700,AJUSTE CONCLUIDO,A,False,valido_automatico
SMP-009184,AJUSTE CONCLUIDO,A,True,valido_automatico
SMP-002271,FORA DE ESPECIFICACAO,B,True,recusar_automatico
SMP-002538,PENDENTE,B,True,recusar_automatico
SMP-006554,AGUARDANDO REINSPEÇÃO,B,False,revisar
SMP-008943,PENDENTE,A,True,valido_automatico
SMP-010049,AJUSTE CONCLUIDO,B,True,valido_automatico
SMP-008445,AJUSTE CONCLUIDO,A,False,valido_automatico
SMP-011243,AJUSTE CONCLUIDO,C,True,valido_automatico
SMP-003790,FORA DE ESPECIFICACAO,C,False,recusar_automatico
SMP-002562,CANCELADO,B,False,recusar_automatico
SMP-010685,AJUSTE CONCLUIDO,C,False,valido_automatico
SMP-008338,AGUARDANDO REINSPEÇÃO,A,False,valido_automatico
SMP-002435,REINSPECAO REPROVADA,B,True,recusar_automatico
SMP-006750,PENDENTE,C,False,revisar
SMP-010939,AJUSTE CONCLUIDO,C,True,valido_automatico
SMP-005964,PENDENTE,B,False,revisar
SMP-006414,EM ANALISE,B,False,revisar
SMP-011188,AJUSTE CONCLUIDO,C,False,valido_automatico
SMP-004771,PENDENTE,A,True,revisar
SMP-005042,ESPECIFICAÇÃO EM REVISÃO,A,False,revisar
SMP-002332,AJUSTE REPROVADO,B,False,recusar_automatico
SMP-004812,AGUARDANDO REINSPEÇÃO,A,False,revisar
SMP-004067,AGUARDANDO REINSPEÇÃO,A,False,revisar
SMP-001944,CANCELADO,B,True,recusar_automatico
SMP-003853,CANCELADO,C,True,recusar_automatico
SMP-000034,REINSPECAO REPROVADA,A,True,recusar_automatico
SMP-005285,ESPECIFICAÇÃO EM REVISÃO,A,False,revisar
SMP-008207,ESPECIFICAÇÃO EM REVISÃO,A,False,valido_automatico
SMP-004657,AJUSTE CONCLUIDO,A,False,revisar
SMP-010292,PENDENTE,B,False,valido_automatico
SMP-007792,ESPECIFICAÇÃO EM REVISÃO,C,False,revisar
SMP-001989,CANCELADO,B,False,recusar_automatico
SMP-005708,ESPECIFICAÇÃO EM REVISÃO,B,True,revisar
SMP-009662,AJUSTE CONCLUIDO,B,True,valido_automatico
SMP-008199,APROVADO PARCIAL,A,True,valido_automatico
SMP-004714,EM AJUSTE,A,True,revisar
SMP-001924,FORA DE ESPECIFICACAO,B,True,recusar_automatico
SMP-006357,EM ANALISE,B,True,revisar
SMP-011362,AGUARDANDO REINSPEÇÃO,C,True,valido_automatico
SMP-011034,EM ANÁLISE,C,False,valido_automatico
SMP-006333,AGUARDANDO REINSPEÇÃO,B,True,revisar
SMP-004474,PENDENTE,A,True,revisar
SMP-010178,APROVADO PARCIAL,B,True,valido_automatico
SMP-005341,AGUARDANDO REINSPEÇÃO,B,True,revisar
SMP-004199,EM ANALISE,A,True,revisar
SMP-003249,CANCELADO,C,True,recusar_automatico
SMP-004196,AGUARDANDO REINSPEÇÃO,A,False,revisar
SMP-009856,AJUSTE CONCLUIDO,B,False,valido_automatico
SMP-011011,PENDENTE,C,True,valido_automatico
SMP-005266,PENDENTE,A,True,revisar
SMP-006012,EM ANALISE,B,True,revisar
SMP-009424,AGUARDANDO REINSPEÇÃO,B,False,valido_automatico
SMP-009450,AJUSTE CONCLUIDO,B,False,valido_automatico
SMP-001193,AJUSTE REPROVADO,A,True,recusar_automatico
SMP-006789,EM ANALISE,C,False,revisar
SMP-002890,AJUSTE REPROVADO,C,True,recusar_automatico
SMP-005543,PENDENTE,B,True,revisar
SMP-008329,EM ANÁLISE,A,False,valido_automatico
SMP-007870,PENDENTE,C,True,revisar
SMP-006129,PENDENTE,B,False,revisar
SMP-003980,FORA DE ESPECIFICACAO,C,True,recusar_automatico
SMP-011556,APROVADO PARCIAL,C,False,valido_automatico
SMP-004267,ESPECIFICAÇÃO EM REVISÃO,A,True,revisar
SMP-001731,FORA DE ESPECIFICACAO,B,False,recusar_automatico
SMP-011573,EM ANÁLISE,C,True,valido_automatico
SMP-006955,ESPECIFICAÇÃO EM REVISÃO,C,False,revisar
SMP-009301,AGUARDANDO REINSPEÇÃO,A,True,valido_automatico
SMP-000399,FORA DE ESPECIFICACAO,A,True,recusar_automatico
SMP-011642,APROVADO PARCIAL,C,False,valido_automatico
SMP-011688,AJUSTE CONCLUIDO,C,False,valido_automatico
SMP-002690,AJUSTE REPROVADO,C,True,recusar_automatico
SMP-005189,EM AJUSTE,A,True,revisar
SMP-000862,CANCELADO,A,False,recusar_automatico
SMP-011220,EM AJUSTE,C,False,valido_automatico
SMP-010385,APROVADO PARCIAL,B,False,valido_automatico
SMP-004870,ESPECIFICAÇÃO EM REVISÃO,A,False,revisar
SMP-007651,AGUARDANDO REINSPEÇÃO,C,True,revisar
SMP-011506,AGUARDANDO REINSPEÇÃO,C,True,valido_automatico
SMP-008653,EM AJUSTE,A,True,valido_automatico
SMP-009010,APROVADO PARCIAL,A,False,valido_automatico
SMP-009386,APROVADO PARCIAL,B,False,valido_automatico
SMP-007860,EM ANALISE,C,True,revisar
SMP-004688,EM ANALISE,A,True,revisar
SMP-011167,APROVADO PARCIAL,C,True,valido_automatico
SMP-009785,AJUSTE CONCLUIDO,B,True,valido_automatico
SMP-009527,EM ANÁLISE,B,True,valido_automatico
SMP-010459,ESPECIFICAÇÃO EM REVISÃO,B,True,valido_automatico
SMP-000958,CANCELADO,A,True,recusar_automatico
SMP-006066,APROVADO PARCIAL,B,True,revisar
SMP-000867,AGUARDANDO REINSPEÇÃO,A,True,recusar_automatico
SMP-003199,AJUSTE REPROVADO,C,True,recusar_automatico
SMP-011939,APROVADO PARCIAL,C,False,valido_automatico
SMP-004062,EM AJUSTE,A,True,revisar
SMP-009880,AJUSTE CONCLUIDO,B,True,valido_automatico
SMP-009973,AJUSTE CONCLUIDO,B,False,valido_automatico
SMP-011429,AJUSTE CONCLUIDO,C,True,valido_automatico
SMP-007530,PENDENTE,C,True,revisar
SMP-005058,PENDENTE,A,False,revisar
SMP-004807,EM AJUSTE,A,False,revisar
SMP-004229,CANCELADO,A,True,revisar
SMP-008213,APROVADO PARCIAL,A,False,valido_automatico
SMP-008153,APROVADO PARCIAL,A,False,valido_automatico
SMP-009129,APROVADO PARCIAL,A,True,valido_automatico
SMP-005502,PENDENTE,B,True,revisar
SMP-011077,AJUSTE CONCLUIDO,C,False,valido_automatico
SMP-008120,EM AJUSTE,A,True,valido_automatico
SMP-006131,AGUARDANDO REINSPEÇÃO,B,False,revisar
SMP-008714,APROVADO PARCIAL,A,False,valido_automatico
SMP-003545,ESPECIFICAÇÃO EM REVISÃO,C,True,recusar_automatico
SMP-003757,AJUSTE REPROVADO,C,False,recusar_automatico
SMP-002231,FORA DE ESPECIFICACAO,B,False,recusar_automatico
SMP-009676,APROVADO PARCIAL,B,True,valido_automatico
SMP-011600,AJUSTE CONCLUIDO,C,False,valido_automatico
SMP-010277,AJUSTE CONCLUIDO,B,False,valido_automatico
SMP-000498,EM AJUSTE,A,False,recusar_automatico
SMP-010492,APROVADO PARCIAL,B,False,valido_automatico
SMP-006364,EM AJUSTE,B,False,revisar
SMP-009026,AJUSTE CONCLUIDO,A,False,valido_automatico
SMP-007440,AGUARDANDO REINSPEÇÃO,C,True,revisar
SMP-005811,ESPECIFICAÇÃO EM REVISÃO,B,False,revisar
SMP-003105,AJUSTE REPROVADO,C,True,recusar_automatico
SMP-001651,FORA DE ESPECIFICACAO,B,True,recusar_automatico
SMP-001681,CANCELADO,B,True,recusar_automatico
SMP-009700,AJUSTE CONCLUIDO,B,True,valido_automatico
SMP-008516,APROVADO PARCIAL,A,False,valido_automatico
SMP-009938,AJUSTE CONCLUIDO,B,True,valido_automatico
SMP-001376,FORA DE ESPECIFICACAO,B,True,recusar_automatico
SMP-005401,EM ANALISE,B,True,revisar
SMP-002856,FORA DE ESPECIFICACAO,C,False,recusar_automatico
SMP-000894,AJUSTE REPROVADO,A,False,recusar_automatico
SMP-006198,AGUARDANDO REINSPEÇÃO,B,True,revisar
SMP-006538,EM ANALISE,B,True,revisar
SMP-000320,AJUSTE REPROVADO,A,True,recusar_automatico
SMP-003808,AJUSTE REPROVADO,C,True,recusar_automatico
SMP-010688,APROVADO PARCIAL,C,False,valido_automatico
SMP-004347,ESPECIFICAÇÃO EM REVISÃO,A,True,revisar
SMP-009338,AJUSTE CONCLUIDO,B,True,valido_automatico
SMP-010028,APROVADO PARCIAL,B,False,valido_automatico
SMP-011086,EM ANÁLISE,C,False,valido_automatico
SMP-010913,EM ANÁLISE,C,True,valido_automatico
SMP-000005,CANCELADO,A,True,recusar_automatico
SMP-003188,CANCELADO,C,True,recusar_automatico
SMP-008471,AJUSTE CONCLUIDO,A,False,valido_automatico
SMP-007485,EM ANALISE,C,True,revisar
SMP-007337,APROVADO PARCIAL,C,True,revisar
SMP-006284,ESPECIFICAÇÃO EM REVISÃO,B,True,revisar
SMP-002664,CANCELADO,B,False,recusar_automatico
SMP-011884,APROVADO PARCIAL,C,True,valido_automatico
SMP-003623,CANCELADO,C,False,recusar_automatico
SMP-007259,PENDENTE,C,True,revisar
SMP-003373,FORA DE ESPECIFICACAO,C,False,recusar_automatico
SMP-003832,AJUSTE REPROVADO,C,False,recusar_automatico
SMP-007223,EM ANALISE,C,True,revisar
SMP-006215,EM ANALISE,B,True,revisar
SMP-002503,REINSPECAO REPROVADA,B,True,recusar_automatico
SMP-008870,AJUSTE CONCLUIDO,A,False,valido_automatico
SMP-007379,PENDENTE,C,False,revisar
SMP-001831,CANCELADO,B,True,recusar_automatico
SMP-007208,PENDENTE,C,False,revisar
SMP-006533,PENDENTE,B,False,revisar
SMP-004854,EM ANALISE,A,False,revisar
SMP-007417,EM AJUSTE,C,False,revisar
SMP-006433,AGUARDANDO REINSPEÇÃO,B,False,revisar
SMP-011410,ESPECIFICAÇÃO EM REVISÃO,C,False,valido_automatico
SMP-009277,AJUSTE CONCLUIDO,A,False,valido_automatico
SMP-000877,AJUSTE REPROVADO,A,True,recusar_automatico
SMP-008586,EM AJUSTE,A,True,valido_automatico
SMP-006985,EM ANALISE,C,True,revisar
SMP-004975,PENDENTE,A,False,revisar
SMP-009463,AJUSTE CONCLUIDO,B,True,valido_automatico
SMP-004063,ESPECIFICAÇÃO EM REVISÃO,A,False,revisar
SMP-008727,AJUSTE CONCLUIDO,A,True,valido_automatico
SMP-002632,FORA DE ESPECIFICACAO,B,False,recusar_automatico
SMP-003629,CANCELADO,C,True,recusar_automatico
SMP-003333,FORA DE ESPECIFICACAO,C,False,recusar_automatico
SMP-004617,EM AJUSTE,A,False,revisar
SMP-002889,FORA DE ESPECIFICACAO,C,True,recusar_automatico
SMP-006500,EM ANALISE,B,False,revisar
SMP-006034,ESPECIFICAÇÃO EM REVISÃO,B,True,revisar
SMP-002671,CANCELADO,C,False,recusar_automatico
SMP-000371,AJUSTE REPROVADO,A,False,recusar_automatico
SMP-001484,CANCELADO,B,False,recusar_automatico
SMP-004885,PENDENTE,A,True,revisar
SMP-011227,APROVADO PARCIAL,C,True,valido_automatico
SMP-008492,ESPECIFICAÇÃO EM REVISÃO,A,True,valido_automatico
SMP-010885,APROVADO PARCIAL,C,True,valido_automatico
SMP-007413,AGUARDANDO REINSPEÇÃO,C,True,revisar
SMP-006293,AGUARDANDO REINSPEÇÃO,B,True,revisar
SMP-005670,ESPECIFICAÇÃO EM REVISÃO,B,False,revisar
SMP-002691,AJUSTE REPROVADO,C,False,recusar_automatico
SMP-005756,EM AJUSTE,B,False,revisar
SMP-003015,FORA DE ESPECIFICACAO,C,True,recusar_automatico
SMP-008640,AJUSTE CONCLUIDO,A,False,valido_automatico
SMP-004991,APROVADO PARCIAL,A,True,revisar
SMP-001459,PENDENTE,B,False,recusar_automatico
SMP-001076,CANCELADO,A,True,recusar_automatico
SMP-006774,PENDENTE,C,True,revisar
SMP-008945,EM AJUSTE,A,False,valido_automatico
SMP-006910,PENDENTE,C,True,revisar
SMP-006960,AGUARDANDO REINSPEÇÃO,C,False,revisar
SMP-006548,AGUARDANDO REINSPEÇÃO,B,False,revisar
SMP-008697,APROVADO PARCIAL,A,True,valido_automatico
SMP-003538,REINSPECAO REPROVADA,C,True,recusar_automatico
SMP-008238,APROVADO PARCIAL,A,True,valido_automatico
SMP-006855,AGUARDANDO REINSPEÇÃO,C,False,revisar
SMP-010308,APROVADO PARCIAL,B,False,valido_automatico
SMP-003858,CANCELADO,C,True,recusar_automatico
SMP-004858,ESPECIFICAÇÃO EM REVISÃO,A,True,revisar
SMP-006220,PENDENTE,B,True,revisar
SMP-005790,REINSPECAO REPROVADA,B,False,revisar
SMP-000058,ESPECIFICAÇÃO EM REVISÃO,A,True,recusar_automatico
SMP-010679,APROVADO PARCIAL,C,False,valido_automatico
SMP-006534,AJUSTE REPROVADO,B,True,revisar
SMP-011366,APROVADO PARCIAL,C,False,valido_automatico
SMP-009156,AJUSTE CONCLUIDO,A,True,valido_automatico
SMP-007246,EM AJUSTE,C,True,revisar
SMP-002087,CANCELADO,B,True,recusar_automatico
SMP-000163,FORA DE ESPECIFICACAO,A,True,recusar_automatico
SMP-001950,AGUARDANDO REINSPEÇÃO,B,True,recusar_automatico
SMP-009298,APROVADO PARCIAL,A,False,valido_automatico
SMP-004814,EM AJUSTE,A,True,revisar
SMP-004355,AGUARDANDO REINSPEÇÃO,A,True,revisar
SMP-002264,CANCELADO,B,True,recusar_automatico
SMP-003647,ESPECIFICAÇÃO EM REVISÃO,C,False,recusar_automatico
SMP-000676,FORA DE ESPECIFICACAO,A,False,recusar_automatico
SMP-001811,CANCELADO,B,True,recusar_automatico
SMP-011903,AJUSTE CONCLUIDO,C,False,valido_automatico
SMP-003293,REINSPECAO REPROVADA,C,True,recusar_automatico
SMP-008562,EM AJUSTE,A,True,valido_automatico
SMP-004410,AGUARDANDO REINSPEÇÃO,A,True,revisar
SMP-004524,EM ANALISE,A,False,revisar
SMP-004451,ESPECIFICAÇÃO EM REVISÃO,A,False,revisar
SMP-005769,EM ANALISE,B,True,revisar
SMP-003649,AJUSTE REPROVADO,C,False,recusar_automatico
SMP-008268,EM ANÁLISE,A,True,valido_automatico
SMP-001488,EM AJUSTE,B,False,recusar_automatico
SMP-010298,AJUSTE CONCLUIDO,B,True,valido_automatico
SMP-009393,EM AJUSTE,B,True,valido_automatico
SMP-005619,PENDENTE,B,False,revisar
SMP-007994,AGUARDANDO REINSPEÇÃO,C,False,revisar
SMP-007929,AJUSTE CONCLUIDO,C,False,revisar
SMP-002660,AJUSTE REPROVADO,B,False,recusar_automatico
SMP-011428,AJUSTE REPROVADO,C,False,valido_automatico
SMP-001304,PENDENTE,A,True,recusar_automatico
SMP-010709,EM AJUSTE,C,True,valido_automatico
SMP-002701,REINSPECAO REPROVADA,C,False,recusar_automatico
SMP-010437,AJUSTE CONCLUIDO,B,False,valido_automatico
SMP-008366,PENDENTE,A,True,valido_automatico
SMP-008135,PENDENTE,A,False,valido_automatico
SMP-010036,EM ANÁLISE,B,False,valido_automatico
SMP-000383,REINSPECAO REPROVADA,A,False,recusar_automatico
SMP-002983,CANCELADO,C,True,recusar_automatico
SMP-004881,PENDENTE,A,True,revisar
SMP-001626,PENDENTE,B,False,recusar_automatico
SMP-005541,EM ANALISE,B,True,revisar
SMP-007131,PENDENTE,C,True,revisar
SMP-006113,ESPECIFICAÇÃO EM REVISÃO,B,True,revisar
SMP-002785,AJUSTE REPROVADO,C,False,recusar_automatico
SMP-001429,CANCELADO,B,False,recusar_automatico
SMP-003315,FORA DE ESPECIFICACAO,C,True,recusar_automatico
SMP-004071,EM ANALISE,A,False,revisar
SMP-002508,AJUSTE REPROVADO,B,False,recusar_automatico
SMP-007685,AGUARDANDO REINSPEÇÃO,C,False,revisar
SMP-006971,EM AJUSTE,C,True,revisar
SMP-010900,EM AJUSTE,C,False,valido_automatico
SMP-010228,EM AJUSTE,B,False,valido_automatico
SMP-006064,PENDENTE,B,True,revisar
SMP-002221,ESPECIFICAÇÃO EM REVISÃO,B,True,recusar_automatico
SMP-002866,CANCELADO,C,False,recusar_automatico
SMP-001926,CANCELADO,B,True,recusar_automatico
SMP-002492,REINSPECAO REPROVADA,B,False,recusar_automatico
SMP-005210,ESPECIFICAÇÃO EM REVISÃO,A,True,revisar
SMP-008225,APROVADO PARCIAL,A,True,valido_automatico
SMP-010069,AJUSTE CONCLUIDO,B,False,valido_automatico
SMP-007498,EM AJUSTE,C,False,revisar
SMP-001582,PENDENTE,B,True,recusar_automatico
SMP-011730,EM ANÁLISE,C,True,valido_automatico
SMP-008858,APROVADO PARCIAL,A,False,valido_automatico
SMP-009978,APROVADO PARCIAL,B,False,valido_automatico
SMP-009258,EM AJUSTE,A,False,valido_automatico
SMP-000394,REINSPECAO REPROVADA,A,False,recusar_automatico
SMP-010279,AJUSTE CONCLUIDO,B,True,valido_automatico
SMP-008194,AJUSTE CONCLUIDO,A,False,valido_automatico
SMP-005413,ESPECIFICAÇÃO EM REVISÃO,B,False,revisar
SMP-011163,APROVADO PARCIAL,C,True,valido_automatico
SMP-001333,REINSPECAO REPROVADA,A,False,recusar_automatico
SMP-005705,EM AJUSTE,B,False,revisar
SMP-002004,PENDENTE,B,True,recusar_automatico
SMP-007399,PENDENTE,C,True,revisar
SMP-001310,FORA DE ESPECIFICACAO,A,False,recusar_automatico
SMP-010241,APROVADO PARCIAL,B,False,valido_automatico
SMP-002715,CANCELADO,C,True,recusar_automatico
SMP-011390,APROVADO PARCIAL,C,True,valido_automatico
SMP-001331,AGUARDANDO REINSPEÇÃO,A,True,recusar_automatico
SMP-009279,EM ANÁLISE,A,False,valido_automatico
SMP-010821,AJUSTE CONCLUIDO,C,True,valido_automatico
SMP-001001,REINSPECAO REPROVADA,A,False,recusar_automatico
SMP-009552,APROVADO PARCIAL,B,True,valido_automatico
SMP-006332,PENDENTE,B,True,revisar
SMP-008369,AJUSTE CONCLUIDO,A,False,valido_automatico
SMP-005987,ESPECIFICAÇÃO EM REVISÃO,B,False,revisar
SMP-010958,AJUSTE CONCLUIDO,C,True,valido_automatico
SMP-003406,FORA DE ESPECIFICACAO,C,False,recusar_automatico
SMP-005777,APROVADO PARCIAL,B,True,revisar
SMP-007322,AGUARDANDO REINSPEÇÃO,C,True,revisar
SMP-010132,ESPECIFICAÇÃO EM REVISÃO,B,True,valido_automatico
SMP-003342,CANCELADO,C,False,recusar_automatico
SMP-006604,CANCELADO,B,True,revisar
SMP-007578,EM ANALISE,C,False,revisar
SMP-007345,EM ANALISE,C,True,revisar
SMP-011631,APROVADO PARCIAL,C,True,valido_automatico
SMP-006703,EM ANALISE,C,True,revisar
SMP-002604,AJUSTE REPROVADO,B,False,recusar_automatico
SMP-000050,REINSPECAO REPROVADA,A,False,recusar_automatico
SMP-002939,REINSPECAO REPROVADA,C,False,recusar_automatico
SMP-000975,CANCELADO,A,False,recusar_automatico
SMP-000786,AJUSTE REPROVADO,A,False,recusar_automatico
SMP-002423,REINSPECAO REPROVADA,B,False,recusar_automatico
SMP-001062,CANCELADO,A,False,recusar_automatico
SMP-004804,APROVADO PARCIAL,A,False,revisar
SMP-008543,AJUSTE CONCLUIDO,A,True,valido_automatico
SMP-009220,APROVADO PARCIAL,A,False,valido_automatico
SMP-010888,APROVADO PARCIAL,C,False,valido_automatico
SMP-009854,EM ANÁLISE,B,False,valido_automatico
SMP-009013,EM AJUSTE,A,False,valido_automatico
SMP-003383,FORA DE ESPECIFICACAO,C,False,recusar_automatico
SMP-008447,EM ANÁLISE,A,True,valido_automatico
SMP-001170,CANCELADO,A,True,recusar_automatico
SMP-002453,CANCELADO,B,True,recusar_automatico
SMP-008408,EM AJUSTE,A,False,valido_automatico
SMP-004013,AGUARDANDO REINSPEÇÃO,A,False,revisar
SMP-011699,APROVADO PARCIAL,C,False,valido_automatico
SMP-005374,AJUSTE CONCLUIDO,B,False,revisar
SMP-009915,AJUSTE CONCLUIDO,B,True,valido_automatico
SMP-002697,ESPECIFICAÇÃO EM REVISÃO,C,False,recusar_automatico
SMP-011415,EM ANÁLISE,C,True,valido_automatico
SMP-000226,FORA DE ESPECIFICACAO,A,True,recusar_automatico
SMP-004525,ESPECIFICAÇÃO EM REVISÃO,A,False,revisar
SMP-002714,REINSPECAO REPROVADA,C,True,recusar_automatico
SMP-006017,AGUARDANDO REINSPEÇÃO,B,True,revisar
SMP-006462,PENDENTE,B,False,revisar
SMP-002377,FORA DE ESPECIFICACAO,B,False,recusar_automatico
SMP-007731,EM ANALISE,C,True,revisar
SMP-004478,AGUARDANDO REINSPEÇÃO,A,True,revisar
SMP-010082,EM AJUSTE,B,False,valido_automatico
SMP-007474,PENDENTE,C,False,revisar
SMP-000036,FORA DE ESPECIFICACAO,A,True,recusar_automatico
SMP-011969,AJUSTE CONCLUIDO,C,True,valido_automatico
SMP-004754,AGUARDANDO REINSPEÇÃO,A,False,revisar
SMP-002162,REINSPECAO REPROVADA,B,False,recusar_automatico
SMP-003203,FORA DE ESPECIFICACAO,C,False,recusar_automatico
SMP-011322,PENDENTE,C,False,valido_automatico
SMP-000816,AJUSTE REPROVADO,A,False,recusar_automatico
SMP-003192,EM AJUSTE,C,True,recusar_automatico
SMP-011350,AJUSTE CONCLUIDO,C,True,valido_automatico
SMP-011180,ESPECIFICAÇÃO EM REVISÃO,C,False,valido_automatico
SMP-007458,EM AJUSTE,C,False,revisar
SMP-002282,REINSPECAO REPROVADA,B,False,recusar_automatico
SMP-003063,REINSPECAO REPROVADA,C,False,recusar_automatico
SMP-008351,ESPECIFICAÇÃO EM REVISÃO,A,False,valido_automatico
SMP-000012,AJUSTE REPROVADO,A,False,recusar_automatico
SMP-007030,AGUARDANDO REINSPEÇÃO,C,True,revisar
SMP-001691,AJUSTE REPROVADO,B,True,recusar_automatico
SMP-010817,AGUARDANDO REINSPEÇÃO,C,True,valido_automatico
SMP-000076,FORA DE ESPECIFICACAO,A,True,recusar_automatico
SMP-002504,FORA DE ESPECIFICACAO,B,False,recusar_automatico
SMP-009365,AJUSTE REPROVADO,B,True,valido_automatico
SMP-008041,AJUSTE CONCLUIDO,A,False,valido_automatico
SMP-009273,PENDENTE,A,False,valido_automatico
SMP-004573,REINSPECAO REPROVADA,A,True,revisar
SMP-006850,AGUARDANDO REINSPEÇÃO,C,False,revisar
SMP-003159,REINSPECAO REPROVADA,C,True,recusar_automatico
SMP-009569,AJUSTE CONCLUIDO,B,True,valido_automatico
SMP-003493,AJUSTE REPROVADO,C,False,recusar_automatico
SMP-011281,EM AJUSTE,C,False,valido_automatico
SMP-006884,PENDENTE,C,True,revisar
SMP-008923,APROVADO PARCIAL,A,False,valido_automatico
SMP-001016,REINSPECAO REPROVADA,A,True,recusar_automatico
SMP-001812,AGUARDANDO REINSPEÇÃO,B,True,recusar_automatico
SMP-003248,CANCELADO,C,False,recusar_automatico
SMP-007381,EM ANALISE,C,True,revisar
SMP-003405,CANCELADO,C,False,recusar_automatico
SMP-009572,APROVADO PARCIAL,B,False,valido_automatico
SMP-000917,PENDENTE,A,True,recusar_automatico
SMP-010345,EM AJUSTE,B,True,valido_automatico
SMP-007449,ESPECIFICAÇÃO EM REVISÃO,C,True,revisar
SMP-000247,FORA DE ESPECIFICACAO,A,False,recusar_automatico
SMP-004590,ESPECIFICAÇÃO EM REVISÃO,A,True,revisar
SMP-006959,PENDENTE,C,True,revisar
SMP-001160,REINSPECAO REPROVADA,A,False,recusar_automatico
SMP-004696,ESPECIFICAÇÃO EM REVISÃO,A,True,revisar
SMP-006288,AJUSTE REPROVADO,B,True,revisar
SMP-003562,AJUSTE REPROVADO,C,True,recusar_automatico
SMP-000940,CANCELADO,A,False,recusar_automatico
SMP-004705,ESPECIFICAÇÃO EM REVISÃO,A,True,revisar
SMP-001677,CANCELADO,B,False,recusar_automatico
SMP-006610,CANCELADO,B,False,revisar
SMP-002711,CANCELADO,C,True,recusar_automatico
SMP-003743,FORA DE ESPECIFICACAO,C,False,recusar_automatico
SMP-001618,AGUARDANDO REINSPEÇÃO,B,False,recusar_automatico
SMP-002250,REINSPECAO REPROVADA,B,True,recusar_automatico
SMP-005241,ESPECIFICAÇÃO EM REVISÃO,A,True,revisar
SMP-006712,AJUSTE CONCLUIDO,C,False,revisar
SMP-007362,AGUARDANDO REINSPEÇÃO,C,True,revisar
SMP-008664,ESPECIFICAÇÃO EM REVISÃO,A,False,valido_automatico
SMP-009237,EM ANÁLISE,A,True,valido_automatico
SMP-009656,AJUSTE CONCLUIDO,B,True,valido_automatico
SMP-005486,EM ANALISE,B,False,revisar
SMP-001560,CANCELADO,B,False,recusar_automatico
SMP-005779,AJUSTE CONCLUIDO,B,False,revisar
SMP-000024,FORA DE ESPECIFICACAO,A,True,recusar_automatico
SMP-001892,CANCELADO,B,True,recusar_automatico
SMP-004334,EM ANALISE,A,True,revisar
SMP-005360,ESPECIFICAÇÃO EM REVISÃO,B,False,revisar
SMP-009760,EM AJUSTE,B,False,valido_automatico
SMP-001258,AJUSTE REPROVADO,A,True,recusar_automatico
SMP-000314,CANCELADO,A,True,recusar_automatico
SMP-011401,AJUSTE CONCLUIDO,C,True,valido_automatico
SMP-008622,PENDENTE,A,True,valido_automatico
SMP-001057,CANCELADO,A,True,recusar_automatico
SMP-001103,FORA DE ESPECIFICACAO,A,False,recusar_automatico
SMP-010484,AJUSTE CONCLUIDO,B,True,valido_automatico
SMP-000088,REINSPECAO REPROVADA,A,True,recusar_automatico
SMP-003428,AJUSTE REPROVADO,C,True,recusar_automatico
SMP-009692,EM AJUSTE,B,True,valido_automatico
SMP-009109,EM AJUSTE,A,False,valido_automatico
SMP-000391,AJUSTE REPROVADO,A,True,recusar_automatico
SMP-009944,AJUSTE REPROVADO,B,False,valido_automatico
SMP-009200,AJUSTE REPROVADO,A,True,valido_automatico
SMP-001417,FORA DE ESPECIFICACAO,B,True,recusar_automatico
SMP-007186,EM ANALISE,C,False,revisar
SMP-007629,AGUARDANDO REINSPEÇÃO,C,False,revisar
SMP-007365,AGUARDANDO REINSPEÇÃO,C,True,revisar
SMP-011418,AJUSTE CONCLUIDO,C,True,valido_automatico
SMP-005817,AGUARDANDO REINSPEÇÃO,B,True,revisar
SMP-010176,AJUSTE CONCLUIDO,B,False,valido_automatico
SMP-006297,APROVADO PARCIAL,B,False,revisar
SMP-004406,EM ANALISE,A,False,revisar
SMP-005642,EM ANALISE,B,False,revisar
SMP-002487,REINSPECAO REPROVADA,B,True,recusar_automatico
SMP-005067,AGUARDANDO REINSPEÇÃO,A,False,revisar
SMP-000941,ESPECIFICAÇÃO EM REVISÃO,A,False,recusar_automatico
SMP-004205,PENDENTE,A,True,revisar
SMP-000266,REINSPECAO REPROVADA,A,True,recusar_automatico
SMP-000662,FORA DE ESPECIFICACAO,A,False,recusar_automatico
SMP-011497,APROVADO PARCIAL,C,True,valido_automatico
SMP-002978,AJUSTE REPROVADO,C,False,recusar_automatico
SMP-000151,REINSPECAO REPROVADA,A,False,recusar_automatico
SMP-008271,AJUSTE CONCLUIDO,A,True,valido_automatico
SMP-010662,APROVADO PARCIAL,B,False,valido_automatico
SMP-011979,AJUSTE CONCLUIDO,C,False,valido_automatico
SMP-000749,AJUSTE REPROVADO,A,False,recusar_automatico
SMP-008363,APROVADO PARCIAL,A,True,valido_automatico
SMP-002896,AJUSTE REPROVADO,C,False,recusar_automatico
SMP-008797,AJUSTE CONCLUIDO,A,False,valido_automatico
SMP-005986,ESPECIFICAÇÃO EM REVISÃO,B,False,revisar
SMP-005992,EM ANALISE,B,True,revisar
SMP-005118,EM ANALISE,A,False,revisar
SMP-008280,APROVADO PARCIAL,A,True,valido_automatico
SMP-000543,FORA DE ESPECIFICACAO,A,True,recusar_automatico
SMP-010956,AJUSTE CONCLUIDO,C,True,valido_automatico
SMP-003241,CANCELADO,C,True,recusar_automatico
SMP-005155,AGUARDANDO REINSPEÇÃO,A,True,revisar
SMP-010314,EM AJUSTE,B,True,valido_automatico
SMP-007444,AGUARDANDO REINSPEÇÃO,C,True,revisar
SMP-010289,AJUSTE CONCLUIDO,B,True,valido_automatico
SMP-003522,CANCELADO,C,True,recusar_automatico
SMP-005720,ESPECIFICAÇÃO EM REVISÃO,B,False,revisar
SMP-005023,APROVADO PARCIAL,A,False,revisar
SMP-009943,APROVADO PARCIAL,B,False,valido_automatico
SMP-001313,FORA DE ESPECIFICACAO,A,True,recusar_automatico
SMP-005870,PENDENTE,B,False,revisar
SMP-008667,EM ANÁLISE,A,False,valido_automatico
SMP-011494,AJUSTE CONCLUIDO,C,True,valido_automatico
SMP-009190,EM ANÁLISE,A,True,valido_automatico
SMP-010876,AJUSTE CONCLUIDO,C,True,valido_automatico
SMP-006797,EM ANALISE,C,False,revisar
SMP-002076,CANCELADO,B,True,recusar_automatico
SMP-003850,CANCELADO,C,False,recusar_automatico
SMP-008767,AJUSTE CONCLUIDO,A,False,valido_automatico
SMP-001129,AJUSTE REPROVADO,A,False,recusar_automatico
SMP-002417,FORA DE ESPECIFICACAO,B,False,recusar_automatico
SMP-004509,PENDENTE,A,True,revisar
SMP-011972,EM AJUSTE,C,True,valido_automatico
SMP-008592,AGUARDANDO REINSPEÇÃO,A,True,valido_automatico
SMP-003680,CANCELADO,C,False,recusar_automatico
SMP-011126,AJUSTE CONCLUIDO,C,False,valido_automatico
SMP-000525,REINSPECAO REPROVADA,A,False,recusar_automatico
SMP-000054,REINSPECAO REPROVADA,A,True,recusar_automatico
SMP-001096,FORA DE ESPECIFICACAO,A,True,recusar_automatico
SMP-003867,AJUSTE REPROVADO,C,True,recusar_automatico
SMP-000022,CANCELADO,A,True,recusar_automatico
SMP-001507,AJUSTE REPROVADO,B,True,recusar_automatico
SMP-001224,AJUSTE REPROVADO,A,True,recusar_automatico
SMP-007981,ESPECIFICAÇÃO EM REVISÃO,C,False,revisar
SMP-004463,AJUSTE REPROVADO,A,False,revisar
SMP-009019,AJUSTE CONCLUIDO,A,True,valido_automatico
SMP-010984,AJUSTE CONCLUIDO,C,True,valido_automatico
SMP-002893,AJUSTE REPROVADO,C,True,recusar_automatico
SMP-009737,AJUSTE CONCLUIDO,B,False,valido_automatico
SMP-005868,ESPECIFICAÇÃO EM REVISÃO,B,False,revisar
SMP-008354,APROVADO PARCIAL,A,False,valido_automatico
SMP-003616,FORA DE ESPECIFICACAO,C,True,recusar_automatico
SMP-011054,AJUSTE CONCLUIDO,C,True,valido_automatico
SMP-008269,AJUSTE CONCLUIDO,A,True,valido_automatico
SMP-011154,EM ANÁLISE,C,False,valido_automatico
SMP-001661,AJUSTE REPROVADO,B,False,recusar_automatico
SMP-004299,EM ANALISE,A,False,revisar
SMP-011804,EM AJUSTE,C,True,valido_automatico
SMP-005867,AJUSTE CONCLUIDO,B,False,revisar
SMP-005595,EM ANALISE,B,False,revisar
SMP-003865,AJUSTE REPROVADO,C,True,recusar_automatico
SMP-007275,ESPECIFICAÇÃO EM REVISÃO,C,True,revisar
SMP-008718,AJUSTE CONCLUIDO,A,True,valido_automatico
SMP-011718,APROVADO PARCIAL,C,True,valido_automatico
SMP-006549,PENDENTE,B,True,revisar
SMP-001404,ESPECIFICAÇÃO EM REVISÃO,B,False,recusar_automatico
SMP-010985,APROVADO PARCIAL,C,False,valido_automatico
SMP-006870,ESPECIFICAÇÃO EM REVISÃO,C,False,revisar
SMP-007448,EM ANALISE,C,True,revisar
SMP-010901,APROVADO PARCIAL,C,False,valido_automatico
SMP-009291,AJUSTE CONCLUIDO,A,False,valido_automatico
SMP-004189,AGUARDANDO REINSPEÇÃO,A,True,revisar
SMP-007815,AGUARDANDO REINSPEÇÃO,C,True,revisar
SMP-004577,ESPECIFICAÇÃO EM REVISÃO,A,True,revisar
SMP-005223,EM ANALISE,A,False,revisar
SMP-002071,CANCELADO,B,False,recusar_automatico
SMP-008403,EM AJUSTE,A,True,valido_automatico
SMP-001361,CANCELADO,B,False,recusar_automatico
SMP-004736,PENDENTE,A,False,revisar
SMP-001198,AJUSTE REPROVADO,A,True,recusar_automatico
SMP-005730,AJUSTE CONCLUIDO,B,False,revisar
SMP-009974,AJUSTE CONCLUIDO,B,False,valido_automatico
SMP-011265,EM ANÁLISE,C,False,valido_automatico
SMP-000263,CANCELADO,A,True,recusar_automatico
SMP-010928,APROVADO PARCIAL,C,True,valido_automatico
SMP-003260,FORA DE ESPECIFICACAO,C,False,recusar_automatico
SMP-002962,AJUSTE REPROVADO,C,False,recusar_automatico
SMP-000352,REINSPECAO REPROVADA,A,True,recusar_automatico
SMP-004449,ESPECIFICAÇÃO EM REVISÃO,A,True,revisar
SMP-000119,AJUSTE REPROVADO,A,True,recusar_automatico
SMP-008998,APROVADO PARCIAL,A,True,valido_automatico
SMP-000251,CANCELADO,A,False,recusar_automatico
SMP-001704,CANCELADO,B,True,recusar_automatico
SMP-010877,AJUSTE CONCLUIDO,C,False,valido_automatico
SMP-010413,EM ANÁLISE,B,True,valido_automatico
SMP-010575,EM AJUSTE,B,True,valido_automatico
SMP-009102,AJUSTE CONCLUIDO,A,True,valido_automatico
SMP-002390,FORA DE ESPECIFICACAO,B,True,recusar_automatico
SMP-004552,PENDENTE,A,True,revisar
SMP-009896,APROVADO PARCIAL,B,True,valido_automatico
SMP-001314,REINSPECAO REPROVADA,A,False,recusar_automatico
SMP-000848,AJUSTE REPROVADO,A,True,recusar_automatico
SMP-010389,AJUSTE CONCLUIDO,B,True,valido_automatico
SMP-003532,CANCELADO,C,False,recusar_automatico
SMP-010196,APROVADO PARCIAL,B,False,valido_automatico
SMP-010643,AJUSTE CONCLUIDO,B,True,valido_automatico
SMP-005349,PENDENTE,B,False,revisar
SMP-011733,APROVADO PARCIAL,C,True,valido_automatico
SMP-011726,AJUSTE CONCLUIDO,C,False,valido_automatico
SMP-001216,REINSPECAO REPROVADA,A,False,recusar_automatico
SMP-003488,AJUSTE REPROVADO,C,True,recusar_automatico
SMP-009581,APROVADO PARCIAL,B,False,valido_automatico
SMP-005821,EM ANALISE,B,True,revisar
SMP-001790,FORA DE ESPECIFICACAO,B,True,recusar_automatico
SMP-000098,REINSPECAO REPROVADA,A,True,recusar_automatico
SMP-008129,AGUARDANDO REINSPEÇÃO,A,False,valido_automatico
SMP-010367,EM ANÁLISE,B,False,valido_automatico
SMP-001775,CANCELADO,B,False,recusar_automatico
SMP-011293,APROVADO PARCIAL,C,True,valido_automatico
SMP-003928,EM AJUSTE,C,True,recusar_automatico
SMP-000528,AJUSTE REPROVADO,A,True,recusar_automatico
SMP-007774,AGUARDANDO REINSPEÇÃO,C,True,revisar
SMP-008929,APROVADO PARCIAL,A,True,valido_automatico
SMP-010215,EM AJUSTE,B,True,valido_automatico
SMP-002208,REINSPECAO REPROVADA,B,True,recusar_automatico
SMP-003699,AJUSTE REPROVADO,C,True,recusar_automatico
SMP-009254,APROVADO PARCIAL,A,True,valido_automatico
SMP-008382,APROVADO PARCIAL,A,False,valido_automatico
SMP-001197,AJUSTE REPROVADO,A,True,recusar_automatico
SMP-006686,ESPECIFICAÇÃO EM REVISÃO,C,False,revisar
SMP-005272,EM ANALISE,A,True,revisar
SMP-004623,ESPECIFICAÇÃO EM REVISÃO,A,True,revisar
SMP-000553,FORA DE ESPECIFICACAO,A,False,recusar_automatico
SMP-002837,REINSPECAO REPROVADA,C,True,recusar_automatico
SMP-008556,EM AJUSTE,A,False,valido_automatico
SMP-008796,APROVADO PARCIAL,A,True,valido_automatico
SMP-008285,AJUSTE CONCLUIDO,A,True,valido_automatico
SMP-010060,ESPECIFICAÇÃO EM REVISÃO,B,True,valido_automatico
SMP-004005,ESPECIFICAÇÃO EM REVISÃO,A,True,revisar
SMP-011775,EM AJUSTE,C,False,valido_automatico
SMP-011632,APROVADO PARCIAL,C,True,valido_automatico
SMP-004929,EM ANALISE,A,False,revisar
SMP-001603,REINSPECAO REPROVADA,B,False,recusar_automatico
SMP-004680,EM ANALISE,A,False,revisar
SMP-009097,APROVADO PARCIAL,A,False,valido_automatico
SMP-007512,AGUARDANDO REINSPEÇÃO,C,True,revisar
SMP-003731,EM AJUSTE,C,True,recusar_automatico
SMP-005911,EM ANALISE,B,False,revisar
SMP-009647,EM ANÁLISE,B,True,valido_automatico
SMP-006305,PENDENTE,B,False,revisar
SMP-003838,REINSPECAO REPROVADA,C,True,recusar_automatico
SMP-004012,CANCELADO,A,False,revisar
SMP-004652,AGUARDANDO REINSPEÇÃO,A,True,revisar
SMP-004829,EM ANALISE,A,False,revisar
SMP-005073,ESPECIFICAÇÃO EM REVISÃO,A,False,revisar
SMP-005390,EM ANALISE,B,True,revisar
SMP-002824,CANCELADO,C,True,recusar_automatico
SMP-011915,APROVADO PARCIAL,C,True,valido_automatico
SMP-005100,ESPECIFICAÇÃO EM REVISÃO,A,False,revisar
SMP-008192,AJUSTE CONCLUIDO,A,False,valido_automatico
SMP-000055,FORA DE ESPECIFICACAO,A,False,recusar_automatico
SMP-007843,ESPECIFICAÇÃO EM REVISÃO,C,False,revisar
SMP-004385,EM ANALISE,A,False,revisar
SMP-000594,REINSPECAO REPROVADA,A,True,recusar_automatico
SMP-002433,AJUSTE REPROVADO,B,False,recusar_automatico
SMP-008146,EM ANÁLISE,A,False,valido_automatico
SMP-002655,REINSPECAO REPROVADA,B,True,recusar_automatico
SMP-001559,FORA DE ESPECIFICACAO,B,True,recusar_automatico
SMP-001195,CANCELADO,A,True,recusar_automatico
SMP-009575,APROVADO PARCIAL,B,True,valido_automatico
SMP-000185,CANCELADO,A,True,recusar_automatico
SMP-005938,EM AJUSTE,B,False,revisar
SMP-003239,CANCELADO,C,False,recusar_automatico
SMP-003251,FORA DE ESPECIFICACAO,C,False,recusar_automatico
SMP-005935,AGUARDANDO REINSPEÇÃO,B,True,revisar
SMP-007261,EM ANALISE,C,False,revisar
SMP-001463,FORA DE ESPECIFICACAO,B,True,recusar_automatico
SMP-009929,AJUSTE CONCLUIDO,B,False,valido_automatico
SMP-000953,AJUSTE REPROVADO,A,False,recusar_automatico
SMP-001379,REINSPECAO REPROVADA,B,False,recusar_automatico
SMP-003834,AJUSTE REPROVADO,C,True,recusar_automatico
SMP-008008,APROVADO PARCIAL,A,False,valido_automatico
SMP-003197,REINSPECAO REPROVADA,C,True,recusar_automatico
SMP-002183,AJUSTE REPROVADO,B,False,recusar_automatico
SMP-007626,AJUSTE REPROVADO,C,False,revisar
SMP-005843,EM ANALISE,B,False,revisar
SMP-000130,REINSPECAO REPROVADA,A,True,recusar_automatico
SMP-010433,APROVADO PARCIAL,B,True,valido_automatico
SMP-009755,APROVADO PARCIAL,B,True,valido_automatico
SMP-008978,EM AJUSTE,A,False,valido_automatico
SMP-009887,AJUSTE CONCLUIDO,B,False,valido_automatico
SMP-002920,CANCELADO,C,True,recusar_automatico
SMP-007556,PENDENTE,C,True,revisar
SMP-009997,ESPECIFICAÇÃO EM REVISÃO,B,False,valido_automatico
SMP-000428,EM ANALISE,A,False,recusar_automatico
SMP-004996,ESPECIFICAÇÃO EM REVISÃO,A,False,revisar
SMP-007602,EM ANALISE,C,False,revisar
SMP-004348,EM AJUSTE,A,True,revisar
SMP-003945,FORA DE ESPECIFICACAO,C,True,recusar_automatico
SMP-006390,EM ANALISE,B,True,revisar
SMP-001368,FORA DE ESPECIFICACAO,B,True,recusar_automatico
SMP-007281,EM ANALISE,C,True,revisar
SMP-008646,APROVADO PARCIAL,A,True,valido_automatico
SMP-011173,APROVADO PARCIAL,C,True,valido_automatico
SMP-007454,APROVADO PARCIAL,C,False,revisar
SMP-005246,AGUARDANDO REINSPEÇÃO,A,True,revisar
SMP-011411,AJUSTE CONCLUIDO,C,True,valido_automatico
SMP-009521,AJUSTE CONCLUIDO,B,True,valido_automatico
SMP-005688,EM ANALISE,B,True,revisar
SMP-006404,PENDENTE,B,False,revisar
SMP-010733,APROVADO PARCIAL,C,True,valido_automatico
SMP-005529,AGUARDANDO REINSPEÇÃO,B,False,revisar
SMP-004865,ESPECIFICAÇÃO EM REVISÃO,A,False,revisar
SMP-002849,AJUSTE REPROVADO,C,False,recusar_automatico
SMP-005755,AGUARDANDO REINSPEÇÃO,B,True,revisar
SMP-010047,APROVADO PARCIAL,B,True,valido_automatico
SMP-002736,FORA DE ESPECIFICACAO,C,False,recusar_automatico
SMP-008560,AJUSTE CONCLUIDO,A,True,valido_automatico
SMP-011937,APROVADO PARCIAL,C,False,valido_automatico
SMP-003924,AJUSTE REPROVADO,C,True,recusar_automatico
SMP-004094,PENDENTE,A,False,revisar
SMP-004604,EM ANALISE,A,False,revisar
SMP-002626,AJUSTE REPROVADO,B,True,recusar_automatico
SMP-009872,EM AJUSTE,B,True,valido_automatico
SMP-004258,PENDENTE,A,False,revisar
SMP-005797,ESPECIFICAÇÃO EM REVISÃO,B,False,revisar
SMP-009478,APROVADO PARCIAL,B,True,valido_automatico
SMP-000200,AJUSTE REPROVADO,A,False,recusar_automatico
SMP-002110,AJUSTE REPROVADO,B,True,recusar_automatico
SMP-011984,AJUSTE CONCLUIDO,C,True,valido_automatico
SMP-011604,APROVADO PARCIAL,C,True,valido_automatico
SMP-011364,AJUSTE CONCLUIDO,C,False,valido_automatico
SMP-009510,AJUSTE CONCLUIDO,B,True,valido_automatico
SMP-006416,AGUARDANDO REINSPEÇÃO,B,False,revisar
SMP-002533,FORA DE ESPECIFICACAO,B,False,recusar_automatico
SMP-000610,FORA DE ESPECIFICACAO,A,False,recusar_automatico
SMP-000952,FORA DE ESPECIFICACAO,A,False,recusar_automatico
SMP-007241,REINSPECAO REPROVADA,C,True,revisar
SMP-007145,EM ANALISE,C,False,revisar
SMP-011732,APROVADO PARCIAL,C,False,valido_automatico
SMP-009323,APROVADO PARCIAL,A,True,valido_automatico
SMP-008352,APROVADO PARCIAL,A,False,valido_automatico
SMP-004442,EM ANALISE,A,False,revisar
SMP-005978,AJUSTE CONCLUIDO,B,False,revisar
SMP-008093,AJUSTE REPROVADO,A,True,valido_automatico
SMP-010562,APROVADO PARCIAL,B,False,valido_automatico
SMP-003517,AJUSTE REPROVADO,C,False,recusar_automatico
SMP-005160,PENDENTE,A,False,revisar
SMP-007820,PENDENTE,C,False,revisar
SMP-011174,EM ANÁLISE,C,True,valido_automatico
SMP-011854,APROVADO PARCIAL,C,True,valido_automatico
SMP-002035,EM AJUSTE,B,True,recusar_automatico
SMP-006227,EM ANALISE,B,False,revisar
SMP-002281,FORA DE ESPECIFICACAO,B,True,recusar_automatico
SMP-004262,PENDENTE,A,True,revisar
SMP-005602,AGUARDANDO REINSPEÇÃO,B,True,revisar
SMP-002469,CANCELADO,B,True,recusar_automatico
SMP-002115,AJUSTE REPROVADO,B,True,recusar_automatico
SMP-002108,FORA DE ESPECIFICACAO,B,False,recusar_automatico
SMP-006240,EM ANALISE,B,False,revisar
SMP-008490,ESPECIFICAÇÃO EM REVISÃO,A,True,valido_automatico
SMP-005038,ESPECIFICAÇÃO EM REVISÃO,A,True,revisar
SMP-009304,AJUSTE CONCLUIDO,A,True,valido_automatico
SMP-008297,APROVADO PARCIAL,A,True,valido_automatico
SMP-002565,REINSPECAO REPROVADA,B,False,recusar_automatico
SMP-008278,APROVADO PARCIAL,A,True,valido_automatico
SMP-001356,CANCELADO,B,True,recusar_automatico
SMP-007046,PENDENTE,C,True,revisar
SMP-011056,AJUSTE CONCLUIDO,C,False,valido_automatico
SMP-002629,REINSPECAO REPROVADA,B,False,recusar_automatico
SMP-004651,EM ANALISE,A,True,revisar
SMP-005117,EM ANALISE,A,False,revisar
SMP-007980,EM ANALISE,C,True,revisar
SMP-004957,ESPECIFICAÇÃO EM REVISÃO,A,True,revisar
SMP-009088,APROVADO PARCIAL,A,False,valido_automatico
SMP-008891,APROVADO PARCIAL,A,False,valido_automatico
SMP-003778,AJUSTE REPROVADO,C,True,recusar_automatico
SMP-001970,AJUSTE REPROVADO,B,False,recusar_automatico
SMP-004936,EM AJUSTE,A,True,revisar
SMP-009106,APROVADO PARCIAL,A,True,valido_automatico
SMP-010682,EM AJUSTE,C,False,valido_automatico
SMP-001433,AJUSTE REPROVADO,B,True,recusar_automatico
SMP-000834,REINSPECAO REPROVADA,A,True,recusar_automatico
SMP-007468,AGUARDANDO REINSPEÇÃO,C,True,revisar
SMP-003721,AJUSTE REPROVADO,C,True,recusar_automatico
SMP-008373,AJUSTE REPROVADO,A,False,valido_automatico
SMP-003296,CANCELADO,C,True,recusar_automatico
SMP-006595,AGUARDANDO REINSPEÇÃO,B,False,revisar
SMP-005203,AGUARDANDO REINSPEÇÃO,A,True,revisar
SMP-008524,APROVADO PARCIAL,A,True,valido_automatico
SMP-011194,APROVADO PARCIAL,C,False,valido_automatico
SMP-001223,REINSPECAO REPROVADA,A,True,recusar_automatico
SMP-004372,AGUARDANDO REINSPEÇÃO,A,True,revisar
SMP-007371,EM AJUSTE,C,True,revisar
SMP-006459,EM ANALISE,B,True,revisar
SMP-007804,CANCELADO,C,True,revisar
SMP-011142,AJUSTE CONCLUIDO,C,False,valido_automatico
SMP-001472,REINSPECAO REPROVADA,B,True,recusar_automatico
SMP-005396,ESPECIFICAÇÃO EM REVISÃO,B,False,revisar
SMP-001869,CANCELADO,B,True,recusar_automatico
SMP-006015,ESPECIFICAÇÃO EM REVISÃO,B,True,revisar
SMP-010534,AJUSTE CONCLUIDO,B,False,valido_automatico
SMP-005842,PENDENTE,B,True,revisar
SMP-000555,REINSPECAO REPROVADA,A,False,recusar_automatico
SMP-005460,PENDENTE,B,True,revisar
SMP-004731,PENDENTE,A,True,revisar
SMP-006403,AGUARDANDO REINSPEÇÃO,B,False,revisar
SMP-001846,FORA DE ESPECIFICACAO,B,True,recusar_automatico
SMP-008314,AJUSTE REPROVADO,A,True,valido_automatico
SMP-008038,AJUSTE CONCLUIDO,A,True,valido_automatico
SMP-009238,APROVADO PARCIAL,A,True,valido_automatico
SMP-000123,EM AJUSTE,A,False,recusar_automatico
SMP-011748,EM ANÁLISE,C,True,valido_automatico
SMP-003560,REINSPECAO REPROVADA,C,True,recusar_automatico
SMP-007928,PENDENTE,C,True,revisar
SMP-006944,EM ANALISE,C,True,revisar
SMP-003391,AJUSTE REPROVADO,C,True,recusar_automatico
SMP-008835,AGUARDANDO REINSPEÇÃO,A,False,valido_automatico
SMP-011477,AJUSTE CONCLUIDO,C,False,valido_automatico
SMP-004993,AGUARDANDO REINSPEÇÃO,A,False,revisar
SMP-010615,AJUSTE CONCLUIDO,B,True,valido_automatico
SMP-007997,ESPECIFICAÇÃO EM REVISÃO,C,False,revisar
SMP-002596,AJUSTE REPROVADO,B,False,recusar_automatico
SMP-001551,CANCELADO,B,True,recusar_automatico
SMP-009317,APROVADO PARCIAL,A,False,valido_automatico
SMP-003470,REINSPECAO REPROVADA,C,True,recusar_automatico
SMP-001956,REINSPECAO REPROVADA,B,True,recusar_automatico
SMP-008289,AJUSTE CONCLUIDO,A,True,valido_automatico
SMP-003575,CANCELADO,C,True,recusar_automatico
SMP-005143,ESPECIFICAÇÃO EM REVISÃO,A,True,revisar
SMP-005655,ESPECIFICAÇÃO EM REVISÃO,B,False,revisar
SMP-010645,AJUSTE CONCLUIDO,B,False,valido_automatico
SMP-006264,AGUARDANDO REINSPEÇÃO,B,True,revisar
SMP-002145,CANCELADO,B,False,recusar_automatico
SMP-003388,ESPECIFICAÇÃO EM REVISÃO,C,False,recusar_automatico
SMP-001554,FORA DE ESPECIFICACAO,B,True,recusar_automatico
SMP-010600,EM AJUSTE,B,False,valido_automatico
SMP-000239,FORA DE ESPECIFICACAO,A,True,recusar_automatico
SMP-006787,PENDENTE,C,False,revisar
SMP-001830,AGUARDANDO REINSPEÇÃO,B,True,recusar_automatico
SMP-005881,EM ANALISE,B,True,revisar
SMP-005140,EM AJUSTE,A,True,revisar
SMP-008266,EM AJUSTE,A,False,valido_automatico
SMP-005228,EM AJUSTE,A,False,revisar
SMP-008439,AGUARDANDO REINSPEÇÃO,A,False,valido_automatico
SMP-009333,APROVADO PARCIAL,A,False,valido_automatico
SMP-003938,CANCELADO,C,False,recusar_automatico
SMP-000996,CANCELADO,A,True,recusar_automatico
SMP-002355,REINSPECAO REPROVADA,B,False,recusar_automatico
SMP-006734,PENDENTE,C,True,revisar
SMP-003258,FORA DE ESPECIFICACAO,C,False,recusar_automatico
SMP-005958,PENDENTE,B,False,revisar
SMP-004312,APROVADO PARCIAL,A,False,revisar
SMP-000669,ESPECIFICAÇÃO EM REVISÃO,A,True,recusar_automatico
SMP-006150,AJUSTE REPROVADO,B,True,revisar
SMP-010113,APROVADO PARCIAL,B,False,valido_automatico
SMP-003365,AJUSTE REPROVADO,C,False,recusar_automatico
SMP-008980,AJUSTE CONCLUIDO,A,True,valido_automatico
SMP-001145,AJUSTE REPROVADO,A,True,recusar_automatico
SMP-007200,EM ANALISE,C,True,revisar
SMP-001116,CANCELADO,A,True,recusar_automatico
SMP-004481,EM ANALISE,A,True,revisar
SMP-010668,AJUSTE CONCLUIDO,C,True,valido_automatico
SMP-006326,AGUARDANDO REINSPEÇÃO,B,False,revisar
SMP-010695,AGUARDANDO REINSPEÇÃO,C,True,valido_automatico
SMP-001036,REINSPECAO REPROVADA,A,False,recusar_automatico
SMP-001135,AJUSTE REPROVADO,A,True,recusar_automatico
SMP-010189,APROVADO PARCIAL,B,True,valido_automatico
SMP-000576,AJUSTE REPROVADO,A,False,recusar_automatico
SMP-008483,APROVADO PARCIAL,A,True,valido_automatico
SMP-011187,APROVADO PARCIAL,C,False,valido_automatico
SMP-008906,EM AJUSTE,A,True,valido_automatico
SMP-002973,CANCELADO,C,False,recusar_automatico
SMP-007893,REINSPECAO REPROVADA,C,False,revisar
SMP-007382,AGUARDANDO REINSPEÇÃO,C,True,revisar
SMP-010713,AJUSTE CONCLUIDO,C,True,valido_automatico
SMP-003381,AJUSTE REPROVADO,C,True,recusar_automatico
SMP-007762,AGUARDANDO REINSPEÇÃO,C,True,revisar
SMP-002008,REINSPECAO REPROVADA,B,True,recusar_automatico
SMP-008637,AJUSTE CONCLUIDO,A,True,valido_automatico
SMP-003820,AJUSTE REPROVADO,C,False,recusar_automatico
SMP-009074,APROVADO PARCIAL,A,True,valido_automatico
SMP-010706,APROVADO PARCIAL,C,False,valido_automatico
SMP-009841,EM AJUSTE,B,True,valido_automatico
SMP-008217,APROVADO PARCIAL,A,True,valido_automatico
SMP-001023,REINSPECAO REPROVADA,A,False,recusar_automatico
SMP-004336,CANCELADO,A,True,revisar
SMP-002150,CANCELADO,B,True,recusar_automatico
SMP-005451,ESPECIFICAÇÃO EM REVISÃO,B,False,revisar
SMP-002161,REINSPECAO REPROVADA,B,True,recusar_automatico
SMP-000503,REINSPECAO REPROVADA,A,False,recusar_automatico
SMP-000603,AJUSTE REPROVADO,A,False,recusar_automatico
SMP-001787,FORA DE ESPECIFICACAO,B,False,recusar_automatico
SMP-011382,EM ANÁLISE,C,True,valido_automatico
SMP-005521,EM ANALISE,B,False,revisar
SMP-010330,AGUARDANDO REINSPEÇÃO,B,True,valido_automatico
SMP-011831,EM ANÁLISE,C,False,valido_automatico
SMP-009311,AJUSTE CONCLUIDO,A,False,valido_automatico
SMP-003317,FORA DE ESPECIFICACAO,C,False,recusar_automatico
SMP-010581,APROVADO PARCIAL,B,True,valido_automatico
SMP-004594,PENDENTE,A,True,revisar
SMP-006717,ESPECIFICAÇÃO EM REVISÃO,C,False,revisar
SMP-005808,EM ANALISE,B,True,revisar
SMP-007481,PENDENTE,C,True,revisar
SMP-007289,ESPECIFICAÇÃO EM REVISÃO,C,True,revisar
SMP-007784,EM ANALISE,C,False,revisar
SMP-005625,APROVADO PARCIAL,B,False,revisar
SMP-009903,AJUSTE CONCLUIDO,B,True,valido_automatico
SMP-006261,PENDENTE,B,False,revisar
SMP-000420,CANCELADO,A,True,recusar_automatico
SMP-009037,EM ANÁLISE,A,False,valido_automatico
SMP-011513,APROVADO PARCIAL,C,True,valido_automatico
SMP-011487,EM ANÁLISE,C,True,valido_automatico
SMP-003076,AJUSTE REPROVADO,C,True,recusar_automatico
SMP-005456,ESPECIFICAÇÃO EM REVISÃO,B,False,revisar
SMP-002482,AJUSTE REPROVADO,B,True,recusar_automatico
SMP-006994,CANCELADO,C,False,revisar
SMP-004349,AGUARDANDO REINSPEÇÃO,A,True,revisar
SMP-001583,FORA DE ESPECIFICACAO,B,False,recusar_automatico
SMP-006257,PENDENTE,B,False,revisar
SMP-010754,AJUSTE CONCLUIDO,C,True,valido_automatico
SMP-001147,AJUSTE REPROVADO,A,False,recusar_automatico
SMP-004195,EM ANALISE,A,True,revisar
SMP-004556,AGUARDANDO REINSPEÇÃO,A,True,revisar
SMP-006061,ESPECIFICAÇÃO EM REVISÃO,B,True,revisar
SMP-010846,APROVADO PARCIAL,C,True,valido_automatico
SMP-000385,EM AJUSTE,A,True,recusar_automatico
SMP-000010,FORA DE ESPECIFICACAO,A,True,recusar_automatico
SMP-001893,REINSPECAO REPROVADA,B,True,recusar_automatico
SMP-007008,PENDENTE,C,False,revisar
SMP-000719,FORA DE ESPECIFICACAO,A,False,recusar_automatico
SMP-010209,APROVADO PARCIAL,B,False,valido_automatico
SMP-001142,ESPECIFICAÇÃO EM REVISÃO,A,True,recusar_automatico
SMP-009939,AJUSTE CONCLUIDO,B,True,valido_automatico
SMP-004213,AGUARDANDO REINSPEÇÃO,A,True,revisar
SMP-011343,APROVADO PARCIAL,C,True,valido_automatico
SMP-008981,AJUSTE CONCLUIDO,A,True,valido_automatico
SMP-010255,APROVADO PARCIAL,B,True,valido_automatico
SMP-006319,EM ANALISE,B,True,revisar
SMP-011481,APROVADO PARCIAL,C,False,valido_automatico
SMP-006454,ESPECIFICAÇÃO EM REVISÃO,B,False,revisar
SMP-002113,FORA DE ESPECIFICACAO,B,False,recusar_automatico
SMP-008279,APROVADO PARCIAL,A,True,valido_automatico
SMP-011677,APROVADO PARCIAL,C,True,valido_automatico
SMP-008999,APROVADO PARCIAL,A,False,valido_automatico
SMP-004796,APROVADO PARCIAL,A,False,revisar
SMP-006932,ESPECIFICAÇÃO EM REVISÃO,C,True,revisar
SMP-009518,PENDENTE,B,True,valido_automatico
SMP-003402,FORA DE ESPECIFICACAO,C,False,recusar_automatico
SMP-000605,CANCELADO,A,False,recusar_automatico
SMP-003475,AJUSTE REPROVADO,C,False,recusar_automatico
SMP-011269,EM AJUSTE,C,False,valido_automatico
SMP-010837,APROVADO PARCIAL,C,True,valido_automatico
SMP-000682,FORA DE ESPECIFICACAO,A,True,recusar_automatico
SMP-008032,EM AJUSTE,A,True,valido_automatico
SMP-010550,APROVADO PARCIAL,B,True,valido_automatico
SMP-010790,APROVADO PARCIAL,C,True,valido_automatico
SMP-005466,PENDENTE,B,False,revisar
SMP-008770,AJUSTE CONCLUIDO,A,True,valido_automatico
SMP-010076,APROVADO PARCIAL,B,True,valido_automatico
SMP-006524,ESPECIFICAÇÃO EM REVISÃO,B,False,revisar
SMP-006421,AJUSTE REPROVADO,B,True,revisar
SMP-000658,ESPECIFICAÇÃO EM REVISÃO,A,True,recusar_automatico
SMP-005463,AGUARDANDO REINSPEÇÃO,B,False,revisar
SMP-009988,AGUARDANDO REINSPEÇÃO,B,True,valido_automatico
SMP-000059,AGUARDANDO REINSPEÇÃO,A,False,recusar_automatico
SMP-009334,EM AJUSTE,A,False,valido_automatico
SMP-003191,FORA DE ESPECIFICACAO,C,False,recusar_automatico
SMP-001423,PENDENTE,B,False,recusar_automatico
SMP-007569,PENDENTE,C,False,revisar
SMP-005089,ESPECIFICAÇÃO EM REVISÃO,A,True,revisar
SMP-009343,EM ANÁLISE,B,True,valido_automatico
SMP-002698,REINSPECAO REPROVADA,C,False,recusar_automatico
SMP-000449,FORA DE ESPECIFICACAO,A,False,recusar_automatico
SMP-008676,ESPECIFICAÇÃO EM REVISÃO,A,False,valido_automatico
SMP-006982,EM ANALISE,C,False,revisar
SMP-006831,ESPECIFICAÇÃO EM REVISÃO,C,False,revisar
SMP-004951,EM ANALISE,A,False,revisar
SMP-001034,AJUSTE REPROVADO,A,False,recusar_automatico
SMP-002640,REINSPECAO REPROVADA,B,False,recusar_automatico
SMP-002967,CANCELADO,C,False,recusar_automatico
SMP-008968,AJUSTE CONCLUIDO,A,False,valido_automatico
SMP-004778,ESPECIFICAÇÃO EM REVISÃO,A,False,revisar
SMP-006123,CANCELADO,B,False,revisar
SMP-007814,AGUARDANDO REINSPEÇÃO,C,False,revisar
SMP-003257,EM ANALISE,C,True,recusar_automatico
SMP-008885,EM ANÁLISE,A,True,valido_automatico
SMP-004432,CANCELADO,A,False,revisar
SMP-010742,APROVADO PARCIAL,C,False,valido_automatico
SMP-000812,REINSPECAO REPROVADA,A,False,recusar_automatico
SMP-008534,APROVADO PARCIAL,A,True,valido_automatico
SMP-005699,EM ANALISE,B,True,revisar
SMP-003895,CANCELADO,C,True,recusar_automatico
SMP-001084,CANCELADO,A,True,recusar_automatico
SMP-005419,EM ANALISE,B,False,revisar
SMP-002053,REINSPECAO REPROVADA,B,True,recusar_automatico
SMP-011800,EM ANÁLISE,C,True,valido_automatico
SMP-005877,PENDENTE,B,True,revisar
SMP-004910,EM ANALISE,A,False,revisar
SMP-001891,REINSPECAO REPROVADA,B,True,recusar_automatico
SMP-009609,AGUARDANDO REINSPEÇÃO,B,True,valido_automatico
SMP-006939,AGUARDANDO REINSPEÇÃO,C,True,revisar
SMP-000041,CANCELADO,A,False,recusar_automatico
SMP-003982,REINSPECAO REPROVADA,C,False,recusar_automatico
SMP-011580,EM AJUSTE,C,True,valido_automatico
SMP-002685,CANCELADO,C,False,recusar_automatico
SMP-008337,AJUSTE CONCLUIDO,A,True,valido_automatico
SMP-005148,ESPECIFICAÇÃO EM REVISÃO,A,False,revisar
SMP-005429,REINSPECAO REPROVADA,B,True,revisar
SMP-002425,AJUSTE REPROVADO,B,False,recusar_automatico
SMP-007690,EM ANALISE,C,True,revisar
SMP-010778,APROVADO PARCIAL,C,False,valido_automatico
SMP-000128,CANCELADO,A,True,recusar_automatico
SMP-003669,AJUSTE REPROVADO,C,True,recusar_automatico
SMP-010079,EM AJUSTE,B,False,valido_automatico
SMP-011030,AJUSTE CONCLUIDO,C,False,valido_automatico
SMP-010457,PENDENTE,B,False,valido_automatico
SMP-004855,EM ANALISE,A,False,revisar
SMP-006715,ESPECIFICAÇÃO EM REVISÃO,C,True,revisar
SMP-009951,PENDENTE,B,True,valido_automatico
SMP-003283,CANCELADO,C,False,recusar_automatico
SMP-002477,EM AJUSTE,B,False,recusar_automatico
SMP-009965,AJUSTE CONCLUIDO,B,True,valido_automatico
SMP-002155,CANCELADO,B,True,recusar_automatico
SMP-006145,ESPECIFICAÇÃO EM REVISÃO,B,True,revisar
SMP-009671,EM AJUSTE,B,False,valido_automatico
SMP-007184,EM AJUSTE,C,False,revisar
SMP-010835,AJUSTE CONCLUIDO,C,False,valido_automatico
SMP-001540,AGUARDANDO REINSPEÇÃO,B,False,recusar_automatico
SMP-008798,APROVADO PARCIAL,A,False,valido_automatico
SMP-004566,PENDENTE,A,True,revisar
SMP-011148,APROVADO PARCIAL,C,True,valido_automatico
SMP-009005,APROVADO PARCIAL,A,True,valido_automatico
SMP-005714,EM ANALISE,B,False,revisar
SMP-010373,AJUSTE CONCLUIDO,B,False,valido_automatico
SMP-000201,REINSPECAO REPROVADA,A,False,recusar_automatico
SMP-002778,PENDENTE,C,True,recusar_automatico
SMP-009017,AJUSTE CONCLUIDO,A,False,valido_automatico
SMP-010750,AJUSTE CONCLUIDO,C,False,valido_automatico
SMP-000995,AJUSTE REPROVADO,A,True,recusar_automatico
SMP-005875,EM ANALISE,B,True,revisar
SMP-007216,EM ANALISE,C,True,revisar
SMP-011911,AJUSTE REPROVADO,C,False,valido_automatico
SMP-001027,AJUSTE REPROVADO,A,False,recusar_automatico
SMP-004977,ESPECIFICAÇÃO EM REVISÃO,A,True,revisar
SMP-003789,AJUSTE REPROVADO,C,False,recusar_automatico
SMP-011656,AJUSTE CONCLUIDO,C,True,valido_automatico
SMP-006757,EM ANALISE,C,True,revisar
SMP-009428,APROVADO PARCIAL,B,True,valido_automatico
SMP-007150,AGUARDANDO REINSPEÇÃO,C,True,revisar
SMP-003914,REINSPECAO REPROVADA,C,False,recusar_automatico
SMP-000830,FORA DE ESPECIFICACAO,A,False,recusar_automatico
SMP-005252,EM ANALISE,A,True,revisar
SMP-004582,ESPECIFICAÇÃO EM REVISÃO,A,False,revisar
SMP-010226,APROVADO PARCIAL,B,True,valido_automatico
SMP-002993,AGUARDANDO REINSPEÇÃO,C,False,recusar_automatico
SMP-011448,EM AJUSTE,C,True,valido_automatico
SMP-003527,FORA DE ESPECIFICACAO,C,False,recusar_automatico
SMP-011354,EM AJUSTE,C,False,valido_automatico
SMP-007678,AGUARDANDO REINSPEÇÃO,C,True,revisar
SMP-003608,REINSPECAO REPROVADA,C,True,recusar_automatico
SMP-003200,AJUSTE REPROVADO,C,False,recusar_automatico
SMP-004989,EM ANALISE,A,True,revisar
SMP-007516,ESPECIFICAÇÃO EM REVISÃO,C,False,revisar
SMP-003946,REINSPECAO REPROVADA,C,False,recusar_automatico
SMP-009131,EM ANÁLISE,A,False,valido_automatico
SMP-009004,APROVADO PARCIAL,A,True,valido_automatico
SMP-001019,CANCELADO,A,False,recusar_automatico
SMP-006481,PENDENTE,B,False,revisar
SMP-001645,REINSPECAO REPROVADA,B,True,recusar_automatico
SMP-004723,EM AJUSTE,A,True,revisar
SMP-002241,FORA DE ESPECIFICACAO,B,False,recusar_automatico
SMP-001978,REINSPECAO REPROVADA,B,False,recusar_automatico
SMP-007856,PENDENTE,C,True,revisar
SMP-007581,REINSPECAO REPROVADA,C,False,revisar
SMP-000641,AJUSTE REPROVADO,A,True,recusar_automatico
SMP-008056,APROVADO PARCIAL,A,True,valido_automatico
SMP-002137,AJUSTE REPROVADO,B,False,recusar_automatico
SMP-008947,AJUSTE CONCLUIDO,A,False,valido_automatico
SMP-005438,ESPECIFICAÇÃO EM REVISÃO,B,False,revisar
SMP-009152,APROVADO PARCIAL,A,False,valido_automatico
SMP-010583,EM AJUSTE,B,False,valido_automatico
SMP-003179,FORA DE ESPECIFICACAO,C,False,recusar_automatico
SMP-006653,AGUARDANDO REINSPEÇÃO,B,False,revisar
SMP-011280,AJUSTE CONCLUIDO,C,True,valido_automatico
SMP-003926,CANCELADO,C,False,recusar_automatico
SMP-008745,EM AJUSTE,A,True,valido_automatico
SMP-001257,AJUSTE REPROVADO,A,False,recusar_automatico
SMP-010831,APROVADO PARCIAL,C,False,valido_automatico
SMP-006846,AGUARDANDO REINSPEÇÃO,C,True,revisar
SMP-008308,AJUSTE CONCLUIDO,A,True,valido_automatico
SMP-005417,AGUARDANDO REINSPEÇÃO,B,False,revisar
SMP-007945,AGUARDANDO REINSPEÇÃO,C,False,revisar
SMP-009049,ESPECIFICAÇÃO EM REVISÃO,A,False,valido_automatico
SMP-007028,ESPECIFICAÇÃO EM REVISÃO,C,True,revisar
SMP-003082,AGUARDANDO REINSPEÇÃO,C,False,recusar_automatico
SMP-004310,PENDENTE,A,True,revisar
SMP-006929,PENDENTE,C,False,revisar
SMP-002859,AJUSTE REPROVADO,C,True,recusar_automatico
SMP-011101,AJUSTE CONCLUIDO,C,False,valido_automatico
SMP-004589,PENDENTE,A,False,revisar
SMP-006651,EM ANALISE,B,True,revisar
SMP-011734,EM ANÁLISE,C,False,valido_automatico
SMP-006495,PENDENTE,B,False,revisar
SMP-001607,CANCELADO,B,True,recusar_automatico
SMP-007523,ESPECIFICAÇÃO EM REVISÃO,C,False,revisar
SMP-009413,AJUSTE CONCLUIDO,B,False,valido_automatico
SMP-001248,ESPECIFICAÇÃO EM REVISÃO,A,False,recusar_automatico
SMP-005921,ESPECIFICAÇÃO EM REVISÃO,B,True,revisar
SMP-005880,PENDENTE,B,False,revisar
SMP-004058,PENDENTE,A,False,revisar
SMP-004150,ESPECIFICAÇÃO EM REVISÃO,A,False,revisar
SMP-002237,REINSPECAO REPROVADA,B,False,recusar_automatico
SMP-008596,AJUSTE CONCLUIDO,A,False,valido_automatico
SMP-007480,CANCELADO,C,True,revisar
SMP-005690,EM ANALISE,B,True,revisar
SMP-003503,FORA DE ESPECIFICACAO,C,False,recusar_automatico
SMP-011528,APROVADO PARCIAL,C,True,valido_automatico
SMP-009232,APROVADO PARCIAL,A,True,valido_automatico
SMP-007120,AGUARDANDO REINSPEÇÃO,C,False,revisar
SMP-004653,PENDENTE,A,True,revisar
SMP-007877,ESPECIFICAÇÃO EM REVISÃO,C,True,revisar
SMP-008462,APROVADO PARCIAL,A,True,valido_automatico
SMP-003723,AJUSTE REPROVADO,C,True,recusar_automatico
SMP-010792,APROVADO PARCIAL,C,False,valido_automatico
SMP-001929,FORA DE ESPECIFICACAO,B,True,recusar_automatico
SMP-003739,FORA DE ESPECIFICACAO,C,False,recusar_automatico
SMP-011947,AJUSTE CONCLUIDO,C,False,valido_automatico
SMP-005306,PENDENTE,A,True,revisar
SMP-003913,CANCELADO,C,False,recusar_automatico
SMP-005026,EM AJUSTE,A,False,revisar
SMP-006060,ESPECIFICAÇÃO EM REVISÃO,B,True,revisar
SMP-008551,APROVADO PARCIAL,A,True,valido_automatico
SMP-011064,AJUSTE CONCLUIDO,C,True,valido_automatico
SMP-005879,EM AJUSTE,B,False,revisar
SMP-003162,FORA DE ESPECIFICACAO,C,False,recusar_automatico
SMP-005893,EM ANALISE,B,False,revisar
SMP-011797,AJUSTE REPROVADO,C,False,valido_automatico
SMP-002851,CANCELADO,C,True,recusar_automatico
SMP-003312,REINSPECAO REPROVADA,C,False,recusar_automatico
SMP-005133,PENDENTE,A,True,revisar
SMP-003152,CANCELADO,C,False,recusar_automatico
SMP-001476,REINSPECAO REPROVADA,B,False,recusar_automatico
SMP-011862,EM AJUSTE,C,False,valido_automatico
SMP-011827,AJUSTE CONCLUIDO,C,True,valido_automatico
SMP-006529,CANCELADO,B,True,revisar
SMP-010957,EM AJUSTE,C,True,valido_automatico
SMP-005057,EM ANALISE,A,False,revisar
SMP-010524,EM ANÁLISE,B,True,valido_automatico
SMP-008952,APROVADO PARCIAL,A,True,valido_automatico
SMP-011005,AJUSTE CONCLUIDO,C,False,valido_automatico
SMP-010129,AJUSTE CONCLUIDO,B,False,valido_automatico
SMP-007180,ESPECIFICAÇÃO EM REVISÃO,C,True,revisar
SMP-000011,REINSPECAO REPROVADA,A,True,recusar_automatico
SMP-007430,EM ANALISE,C,False,revisar
SMP-001998,FORA DE ESPECIFICACAO,B,False,recusar_automatico
SMP-002951,FORA DE ESPECIFICACAO,C,True,recusar_automatico
SMP-009266,AJUSTE CONCLUIDO,A,True,valido_automatico
SMP-011522,AJUSTE CONCLUIDO,C,False,valido_automatico
SMP-001730,CANCELADO,B,True,recusar_automatico
SMP-006706,EM ANALISE,C,True,revisar
SMP-000218,PENDENTE,A,True,recusar_automatico
SMP-005569,PENDENTE,B,False,revisar
SMP-006359,PENDENTE,B,True,revisar
SMP-010677,APROVADO PARCIAL,C,False,valido_automatico
SMP-000893,REINSPECAO REPROVADA,A,False,recusar_automatico
SMP-004650,AGUARDANDO REINSPEÇÃO,A,False,revisar
SMP-001875,AJUSTE REPROVADO,B,False,recusar_automatico
SMP-011574,APROVADO PARCIAL,C,True,valido_automatico
SMP-007702,APROVADO PARCIAL,C,True,revisar
SMP-003065,AJUSTE REPROVADO,C,False,recusar_automatico
SMP-002806,REINSPECAO REPROVADA,C,True,recusar_automatico
SMP-007583,EM AJUSTE,C,False,revisar
SMP-005746,PENDENTE,B,False,revisar
SMP-010468,APROVADO PARCIAL,B,False,valido_automatico
SMP-011818,AJUSTE CONCLUIDO,C,True,valido_automatico
SMP-004626,CANCELADO,A,True,revisar
SMP-005437,ESPECIFICAÇÃO EM REVISÃO,B,False,revisar
SMP-002483,CANCELADO,B,True,recusar_automatico
SMP-004252,AGUARDANDO REINSPEÇÃO,A,True,revisar
SMP-005423,EM ANALISE,B,False,revisar
SMP-005453,AGUARDANDO REINSPEÇÃO,B,True,revisar
SMP-001912,REINSPECAO REPROVADA,B,False,recusar_automatico
SMP-001904,CANCELADO,B,True,recusar_automatico
SMP-001864,FORA DE ESPECIFICACAO,B,True,recusar_automatico
SMP-002289,REINSPECAO REPROVADA,B,False,recusar_automatico
SMP-003668,CANCELADO,C,False,recusar_automatico
SMP-003465,AGUARDANDO REINSPEÇÃO,C,True,recusar_automatico
SMP-010297,EM AJUSTE,B,False,valido_automatico
SMP-006957,REINSPECAO REPROVADA,C,True,revisar
SMP-002738,REINSPECAO REPROVADA,C,True,recusar_automatico
SMP-002922,REINSPECAO REPROVADA,C,True,recusar_automatico
SMP-006637,ESPECIFICAÇÃO EM REVISÃO,B,True,revisar
SMP-007961,PENDENTE,C,True,revisar
SMP-008258,EM ANÁLISE,A,True,valido_automatico
SMP-000706,CANCELADO,A,False,recusar_automatico
SMP-002407,CANCELADO,B,False,recusar_automatico
SMP-011651,AJUSTE CONCLUIDO,C,True,valido_automatico
SMP-010303,EM AJUSTE,B,True,valido_automatico
SMP-000761,EM AJUSTE,A,False,recusar_automatico
SMP-010715,AJUSTE CONCLUIDO,C,False,valido_automatico
SMP-001395,CANCELADO,B,True,recusar_automatico
SMP-000194,AJUSTE REPROVADO,A,True,recusar_automatico
SMP-010142,EM ANÁLISE,B,True,valido_automatico
SMP-002278,FORA DE ESPECIFICACAO,B,False,recusar_automatico
SMP-009543,APROVADO PARCIAL,B,False,valido_automatico
SMP-000427,REINSPECAO REPROVADA,A,True,recusar_automatico
SMP-009476,APROVADO PARCIAL,B,False,valido_automatico
SMP-003467,FORA DE ESPECIFICACAO,C,False,recusar_automatico
SMP-006217,AGUARDANDO REINSPEÇÃO,B,True,revisar
SMP-008535,ESPECIFICAÇÃO EM REVISÃO,A,False,valido_automatico
SMP-004701,PENDENTE,A,False,revisar
SMP-000874,CANCELADO,A,True,recusar_automatico
SMP-003624,REINSPECAO REPROVADA,C,False,recusar_automatico
SMP-000606,FORA DE ESPECIFICACAO,A,False,recusar_automatico
SMP-007250,PENDENTE,C,True,revisar
SMP-007632,EM AJUSTE,C,True,revisar
SMP-000907,FORA DE ESPECIFICACAO,A,False,recusar_automatico
SMP-011381,EM AJUSTE,C,False,valido_automatico
SMP-004324,ESPECIFICAÇÃO EM REVISÃO,A,False,revisar
SMP-003639,REINSPECAO REPROVADA,C,False,recusar_automatico
SMP-010073,APROVADO PARCIAL,B,True,valido_automatico
SMP-007654,EM AJUSTE,C,True,revisar
SMP-011339,APROVADO PARCIAL,C,False,valido_automatico
SMP-008500,AJUSTE CONCLUIDO,A,False,valido_automatico
SMP-006627,PENDENTE,B,True,revisar
SMP-001617,AJUSTE REPROVADO,B,True,recusar_automatico
SMP-011853,AJUSTE CONCLUIDO,C,True,valido_automatico
SMP-002540,PENDENTE,B,False,recusar_automatico
SMP-007434,EM ANALISE,C,True,revisar
SMP-008854,APROVADO PARCIAL,A,False,valido_automatico
SMP-010483,APROVADO PARCIAL,B,False,valido_automatico
SMP-003937,AJUSTE REPROVADO,C,True,recusar_automatico
SMP-005357,ESPECIFICAÇÃO EM REVISÃO,B,False,revisar
SMP-001818,FORA DE ESPECIFICACAO,B,True,recusar_automatico
SMP-007059,AGUARDANDO REINSPEÇÃO,C,True,revisar
SMP-006269,AGUARDANDO REINSPEÇÃO,B,True,revisar
SMP-009075,AJUSTE CONCLUIDO,A,False,valido_automatico
SMP-010758,AJUSTE CONCLUIDO,C,False,valido_automatico
SMP-003984,CANCELADO,C,True,recusar_automatico
SMP-011633,AJUSTE CONCLUIDO,C,False,valido_automatico
SMP-000589,AGUARDANDO REINSPEÇÃO,A,False,recusar_automatico
SMP-006173,EM ANALISE,B,True,revisar
SMP-000033,CANCELADO,A,False,recusar_automatico
SMP-003839,PENDENTE,C,True,recusar_automatico
SMP-006537,AGUARDANDO REINSPEÇÃO,B,False,revisar
SMP-003736,CANCELADO,C,False,recusar_automatico
SMP-007308,ESPECIFICAÇÃO EM REVISÃO,C,True,revisar
SMP-007548,EM ANALISE,C,True,revisar
SMP-000439,REINSPECAO REPROVADA,A,False,recusar_automatico
SMP-008096,EM AJUSTE,A,False,valido_automatico
SMP-000208,CANCELADO,A,True,recusar_automatico
SMP-000873,CANCELADO,A,False,recusar_automatico
SMP-006621,EM ANALISE,B,True,revisar
SMP-003321,REINSPECAO REPROVADA,C,True,recusar_automatico
SMP-009180,APROVADO PARCIAL,A,True,valido_automatico
SMP-011068,APROVADO PARCIAL,C,True,valido_automatico
SMP-007358,CANCELADO,C,False,revisar
SMP-000100,AJUSTE REPROVADO,A,False,recusar_automatico
SMP-003829,AJUSTE REPROVADO,C,False,recusar_automatico
SMP-000569,EM AJUSTE,A,False,recusar_automatico
SMP-004234,EM ANALISE,A,True,revisar
SMP-002068,AJUSTE REPROVADO,B,True,recusar_automatico
SMP-004168,EM ANALISE,A,False,revisar
SMP-002226,EM AJUSTE,B,False,recusar_automatico
SMP-004841,PENDENTE,A,False,revisar
SMP-004251,AJUSTE CONCLUIDO,A,False,revisar
SMP-006688,EM AJUSTE,C,True,revisar
SMP-004784,PENDENTE,A,True,revisar
SMP-008756,APROVADO PARCIAL,A,False,valido_automatico
SMP-011729,APROVADO PARCIAL,C,True,valido_automatico
SMP-009230,AJUSTE REPROVADO,A,True,valido_automatico
SMP-003102,CANCELADO,C,True,recusar_automatico
SMP-010701,AJUSTE CONCLUIDO,C,False,valido_automatico
SMP-007183,ESPECIFICAÇÃO EM REVISÃO,C,True,revisar
SMP-002461,FORA DE ESPECIFICACAO,B,False,recusar_automatico
SMP-004911,ESPECIFICAÇÃO EM REVISÃO,A,True,revisar
SMP-003801,REINSPECAO REPROVADA,C,False,recusar_automatico
SMP-003277,ESPECIFICAÇÃO EM REVISÃO,C,True,recusar_automatico
SMP-004269,EM AJUSTE,A,True,revisar
SMP-010671,APROVADO PARCIAL,C,True,valido_automatico
SMP-008391,EM AJUSTE,A,True,valido_automatico
SMP-010465,APROVADO PARCIAL,B,False,valido_automatico
SMP-002302,CANCELADO,B,True,recusar_automatico
SMP-000504,CANCELADO,A,False,recusar_automatico
SMP-000175,FORA DE ESPECIFICACAO,A,False,recusar_automatico
SMP-009193,AJUSTE CONCLUIDO,A,False,valido_automatico
SMP-007627,ESPECIFICAÇÃO EM REVISÃO,C,True,revisar
SMP-003183,PENDENTE,C,False,recusar_automatico
SMP-000307,AJUSTE REPROVADO,A,True,recusar_automatico
SMP-003246,REINSPECAO REPROVADA,C,False,recusar_automatico
SMP-001851,AJUSTE REPROVADO,B,False,recusar_automatico
SMP-002639,FORA DE ESPECIFICACAO,B,False,recusar_automatico
SMP-001358,AJUSTE REPROVADO,B,False,recusar_automatico
SMP-011304,EM ANÁLISE,C,True,valido_automatico
SMP-006446,EM ANALISE,B,False,revisar
SMP-003335,AJUSTE REPROVADO,C,True,recusar_automatico
SMP-002420,AJUSTE REPROVADO,B,False,recusar_automatico
SMP-008784,AJUSTE CONCLUIDO,A,False,valido_automatico
SMP-005276,PENDENTE,A,False,revisar
SMP-003327,CANCELADO,C,False,recusar_automatico
SMP-004937,EM ANALISE,A,True,revisar
SMP-009513,EM AJUSTE,B,True,valido_automatico
SMP-008163,EM ANÁLISE,A,True,valido_automatico
SMP-008989,EM AJUSTE,A,True,valido_automatico
SMP-000666,CANCELADO,A,True,recusar_automatico
SMP-000297,AJUSTE REPROVADO,A,True,recusar_automatico
SMP-006853,AJUSTE REPROVADO,C,False,revisar
SMP-005616,ESPECIFICAÇÃO EM REVISÃO,B,True,revisar
SMP-008659,EM ANÁLISE,A,True,valido_automatico
SMP-011591,APROVADO PARCIAL,C,False,valido_automatico
SMP-011703,AJUSTE CONCLUIDO,C,True,valido_automatico
SMP-008011,EM ANÁLISE,A,False,valido_automatico
SMP-005697,ESPECIFICAÇÃO EM REVISÃO,B,True,revisar
SMP-009654,AJUSTE CONCLUIDO,B,False,valido_automatico
SMP-001071,AJUSTE REPROVADO,A,True,recusar_automatico
SMP-011789,APROVADO PARCIAL,C,True,valido_automatico
SMP-005745,PENDENTE,B,False,revisar
SMP-007388,ESPECIFICAÇÃO EM REVISÃO,C,True,revisar
SMP-006990,EM ANALISE,C,True,revisar
SMP-008843,AJUSTE CONCLUIDO,A,False,valido_automatico
SMP-003673,REINSPECAO REPROVADA,C,False,recusar_automatico
SMP-000278,FORA DE ESPECIFICACAO,A,True,recusar_automatico
SMP-011941,EM AJUSTE,C,False,valido_automatico
SMP-000071,FORA DE ESPECIFICACAO,A,False,recusar_automatico
SMP-001161,REINSPECAO REPROVADA,A,False,recusar_automatico
SMP-009758,EM ANÁLISE,B,False,valido_automatico
SMP-011823,AJUSTE CONCLUIDO,C,True,valido_automatico
SMP-003045,REINSPECAO REPROVADA,C,True,recusar_automatico
SMP-001458,FORA DE ESPECIFICACAO,B,False,recusar_automatico
SMP-004734,EM ANALISE,A,False,revisar
SMP-006442,CANCELADO,B,True,revisar
SMP-010597,EM ANÁLISE,B,False,valido_automatico
SMP-011531,APROVADO PARCIAL,C,True,valido_automatico
SMP-004046,PENDENTE,A,True,revisar
SMP-003763,AJUSTE REPROVADO,C,True,recusar_automatico
SMP-000061,FORA DE ESPECIFICACAO,A,True,recusar_automatico
SMP-010356,PENDENTE,B,True,valido_automatico
SMP-004232,EM ANALISE,A,False,revisar
SMP-004351,ESPECIFICAÇÃO EM REVISÃO,A,True,revisar
SMP-010963,APROVADO PARCIAL,C,True,valido_automatico
SMP-003520,CANCELADO,C,False,recusar_automatico
SMP-003646,AGUARDANDO REINSPEÇÃO,C,True,recusar_automatico
SMP-000448,REINSPECAO REPROVADA,A,False,recusar_automatico
SMP-011279,APROVADO PARCIAL,C,True,valido_automatico
SMP-011747,APROVADO PARCIAL,C,True,valido_automatico
SMP-000896,FORA DE ESPECIFICACAO,A,False,recusar_automatico
SMP-004404,PENDENTE,A,False,revisar
SMP-007740,ESPECIFICAÇÃO EM REVISÃO,C,False,revisar
SMP-005376,AGUARDANDO REINSPEÇÃO,B,True,revisar
SMP-007500,REINSPECAO REPROVADA,C,True,revisar
SMP-008311,PENDENTE,A,False,valido_automatico
SMP-002051,REINSPECAO REPROVADA,B,False,recusar_automatico
SMP-007763,EM ANALISE,C,False,revisar
SMP-005157,ESPECIFICAÇÃO EM REVISÃO,A,True,revisar
SMP-004453,EM ANALISE,A,True,revisar
SMP-006386,EM ANALISE,B,False,revisar
SMP-005795,ESPECIFICAÇÃO EM REVISÃO,B,True,revisar
SMP-004304,PENDENTE,A,True,revisar
SMP-001714,AJUSTE REPROVADO,B,False,recusar_automatico
SMP-003243,PENDENTE,C,True,recusar_automatico
SMP-010782,EM AJUSTE,C,False,valido_automatico
SMP-001134,AJUSTE REPROVADO,A,True,recusar_automatico
SMP-003485,AJUSTE REPROVADO,C,True,recusar_automatico
SMP-011519,APROVADO PARCIAL,C,True,valido_automatico
SMP-008247,EM AJUSTE,A,True,valido_automatico
SMP-004849,CANCELADO,A,True,revisar
SMP-009876,APROVADO PARCIAL,B,True,valido_automatico
SMP-007426,PENDENTE,C,False,revisar
SMP-006331,EM AJUSTE,B,False,revisar
SMP-011421,APROVADO PARCIAL,C,False,valido_automatico
SMP-004504,ESPECIFICAÇÃO EM REVISÃO,A,False,revisar
SMP-000023,FORA DE ESPECIFICACAO,A,True,recusar_automatico
SMP-006785,EM AJUSTE,C,False,revisar
SMP-005918,AJUSTE REPROVADO,B,True,revisar
SMP-008231,AGUARDANDO REINSPEÇÃO,A,False,valido_automatico
SMP-000632,AJUSTE REPROVADO,A,False,recusar_automatico
SMP-007380,ESPECIFICAÇÃO EM REVISÃO,C,False,revisar
SMP-005109,CANCELADO,A,True,revisar
SMP-011115,APROVADO PARCIAL,C,False,valido_automatico
SMP-011006,APROVADO PARCIAL,C,False,valido_automatico
SMP-010936,APROVADO PARCIAL,C,False,valido_automatico
SMP-001898,REINSPECAO REPROVADA,B,True,recusar_automatico
SMP-005159,EM ANALISE,A,False,revisar
SMP-008544,AJUSTE CONCLUIDO,A,False,valido_automatico
SMP-003793,EM AJUSTE,C,True,recusar_automatico
SMP-001408,FORA DE ESPECIFICACAO,B,False,recusar_automatico
SMP-005601,AGUARDANDO REINSPEÇÃO,B,False,revisar
SMP-000160,AJUSTE REPROVADO,A,True,recusar_automatico
SMP-005113,ESPECIFICAÇÃO EM REVISÃO,A,True,revisar
SMP-001697,REINSPECAO REPROVADA,B,True,recusar_automatico
SMP-001817,CANCELADO,B,False,recusar_automatico
SMP-009588,AJUSTE REPROVADO,B,True,valido_automatico
SMP-011589,AJUSTE CONCLUIDO,C,True,valido_automatico
SMP-003245,CANCELADO,C,True,recusar_automatico
SMP-009319,APROVADO PARCIAL,A,False,valido_automatico
SMP-009272,APROVADO PARCIAL,A,True,valido_automatico
SMP-011712,AJUSTE CONCLUIDO,C,True,valido_automatico
SMP-004290,PENDENTE,A,False,revisar
SMP-003612,AJUSTE REPROVADO,C,False,recusar_automatico
SMP-000742,FORA DE ESPECIFICACAO,A,False,recusar_automatico
SMP-001039,PENDENTE,A,False,recusar_automatico
SMP-004743,EM ANALISE,A,False,revisar
SMP-003464,PENDENTE,C,True,recusar_automatico
SMP-011361,AJUSTE CONCLUIDO,C,False,valido_automatico
SMP-007966,PENDENTE,C,False,revisar
SMP-004978,EM AJUSTE,A,True,revisar
SMP-002344,CANCELADO,B,False,recusar_automatico
SMP-006200,PENDENTE,B,False,revisar
SMP-005167,AGUARDANDO REINSPEÇÃO,A,True,revisar
SMP-002052,CANCELADO,B,False,recusar_automatico
SMP-001671,AJUSTE REPROVADO,B,True,recusar_automatico
SMP-002034,FORA DE ESPECIFICACAO,B,False,recusar_automatico
SMP-008215,AJUSTE CONCLUIDO,A,False,valido_automatico
SMP-001516,CANCELADO,B,False,recusar_automatico
SMP-007442,PENDENTE,C,False,revisar
SMP-004321,AGUARDANDO REINSPEÇÃO,A,True,revisar
SMP-000402,FORA DE ESPECIFICACAO,A,False,recusar_automatico
SMP-001398,AJUSTE REPROVADO,B,False,recusar_automatico
SMP-009689,AJUSTE CONCLUIDO,B,False,valido_automatico
SMP-000105,AJUSTE REPROVADO,A,False,recusar_automatico
SMP-009748,EM AJUSTE,B,True,valido_automatico
SMP-009096,APROVADO PARCIAL,A,True,valido_automatico
SMP-011636,AJUSTE CONCLUIDO,C,True,valido_automatico
SMP-004319,EM ANALISE,A,True,revisar
SMP-001996,PENDENTE,B,True,recusar_automatico
SMP-006237,EM ANALISE,B,True,revisar
SMP-011998,AJUSTE CONCLUIDO,C,True,valido_automatico
SMP-002499,FORA DE ESPECIFICACAO,B,True,recusar_automatico
SMP-000518,FORA DE ESPECIFICACAO,A,False,recusar_automatico
SMP-001801,REINSPECAO REPROVADA,B,False,recusar_automatico
SMP-011087,AJUSTE CONCLUIDO,C,False,valido_automatico
SMP-011149,AJUSTE CONCLUIDO,C,True,valido_automatico
SMP-008607,AJUSTE CONCLUIDO,A,False,valido_automatico
SMP-006013,EM ANALISE,B,True,revisar
SMP-004919,EM ANALISE,A,False,revisar
SMP-011640,AJUSTE CONCLUIDO,C,True,valido_automatico
SMP-007570,ESPECIFICAÇÃO EM REVISÃO,C,False,revisar
SMP-011129,AJUSTE CONCLUIDO,C,False,valido_automatico
SMP-007562,ESPECIFICAÇÃO EM REVISÃO,C,True,revisar
SMP-004003,EM ANALISE,A,True,revisar
SMP-001156,REINSPECAO REPROVADA,A,True,recusar_automatico
SMP-010251,APROVADO PARCIAL,B,True,valido_automatico
SMP-006438,ESPECIFICAÇÃO EM REVISÃO,B,False,revisar
SMP-004114,EM ANALISE,A,True,revisar
SMP-002445,CANCELADO,B,True,recusar_automatico
SMP-011565,AJUSTE CONCLUIDO,C,False,valido_automatico
SMP-010305,EM ANÁLISE,B,False,valido_automatico
SMP-010247,AJUSTE CONCLUIDO,B,False,valido_automatico
SMP-000243,REINSPECAO REPROVADA,A,False,recusar_automatico
SMP-011113,ESPECIFICAÇÃO EM REVISÃO,C,True,valido_automatico
SMP-004964,ESPECIFICAÇÃO EM REVISÃO,A,False,revisar
SMP-004961,EM ANALISE,A,True,revisar
SMP-004618,PENDENTE,A,False,revisar
SMP-005292,PENDENTE,A,True,revisar
SMP-006405,AGUARDANDO REINSPEÇÃO,B,False,revisar
SMP-007761,ESPECIFICAÇÃO EM REVISÃO,C,False,revisar
SMP-002303,CANCELADO,B,True,recusar_automatico
SMP-005348,APROVADO PARCIAL,B,False,revisar
SMP-001359,CANCELADO,B,True,recusar_automatico
SMP-006821,PENDENTE,C,False,revisar
SMP-003174,CANCELADO,C,False,recusar_automatico
SMP-011689,APROVADO PARCIAL,C,False,valido_automatico
SMP-000552,FORA DE ESPECIFICACAO,A,True,recusar_automatico
SMP-009335,APROVADO PARCIAL,B,False,valido_automatico
SMP-009021,APROVADO PARCIAL,A,False,valido_automatico
SMP-004816,PENDENTE,A,False,revisar
SMP-009752,EM AJUSTE,B,False,valido_automatico
SMP-010400,AJUSTE CONCLUIDO,B,False,valido_automatico
SMP-009909,PENDENTE,B,True,valido_automatico
SMP-002945,CANCELADO,C,True,recusar_automatico
SMP-001881,AJUSTE REPROVADO,B,True,recusar_automatico
SMP-000712,CANCELADO,A,False,recusar_automatico
SMP-011975,AJUSTE CONCLUIDO,C,True,valido_automatico
SMP-006596,EM ANALISE,B,True,revisar
SMP-006764,EM ANALISE,C,True,revisar
SMP-001138,AJUSTE REPROVADO,A,False,recusar_automatico
SMP-008390,APROVADO PARCIAL,A,False,valido_automatico
SMP-000197,AJUSTE REPROVADO,A,False,recusar_automatico
SMP-008305,ESPECIFICAÇÃO EM REVISÃO,A,False,valido_automatico
SMP-002720,REINSPECAO REPROVADA,C,True,recusar_automatico
SMP-011480,APROVADO PARCIAL,C,False,valido_automatico
SMP-009791,AJUSTE CONCLUIDO,B,False,valido_automatico
SMP-000713,REINSPECAO REPROVADA,A,True,recusar_automatico
SMP-006046,EM ANALISE,B,True,revisar
SMP-001292,CANCELADO,A,False,recusar_automatico
SMP-005889,AGUARDANDO REINSPEÇÃO,B,True,revisar
SMP-003023,CANCELADO,C,False,recusar_automatico
SMP-001673,AJUSTE REPROVADO,B,False,recusar_automatico
SMP-008761,APROVADO PARCIAL,A,False,valido_automatico
SMP-009633,APROVADO PARCIAL,B,False,valido_automatico
SMP-011040,AJUSTE CONCLUIDO,C,True,valido_automatico
SMP-011987,ESPECIFICAÇÃO EM REVISÃO,C,True,valido_automatico
SMP-010362,AJUSTE CONCLUIDO,B,True,valido_automatico
SMP-004702,AGUARDANDO REINSPEÇÃO,A,True,revisar
SMP-009295,EM AJUSTE,A,False,valido_automatico
SMP-002125,AJUSTE REPROVADO,B,False,recusar_automatico
SMP-000613,REINSPECAO REPROVADA,A,True,recusar_automatico
SMP-004093,AGUARDANDO REINSPEÇÃO,A,True,revisar
SMP-002088,AJUSTE REPROVADO,B,False,recusar_automatico
SMP-002719,REINSPECAO REPROVADA,C,False,recusar_automatico
SMP-000069,FORA DE ESPECIFICACAO,A,True,recusar_automatico
SMP-010812,EM AJUSTE,C,False,valido_automatico
SMP-006623,REINSPECAO REPROVADA,B,False,revisar
SMP-010246,AJUSTE CONCLUIDO,B,True,valido_automatico
SMP-007412,PENDENTE,C,True,revisar
SMP-002543,FORA DE ESPECIFICACAO,B,False,recusar_automatico
SMP-005519,EM ANALISE,B,False,revisar
SMP-002381,PENDENTE,B,False,recusar_automatico
SMP-011805,APROVADO PARCIAL,C,True,valido_automatico
SMP-009577,AJUSTE CONCLUIDO,B,False,valido_automatico
SMP-001635,CANCELADO,B,False,recusar_automatico
SMP-005886,PENDENTE,B,True,revisar
SMP-011373,APROVADO PARCIAL,C,True,valido_automatico
SMP-010280,APROVADO PARCIAL,B,False,valido_automatico
SMP-009889,EM ANÁLISE,B,False,valido_automatico
SMP-002501,AJUSTE REPROVADO,B,False,recusar_automatico
SMP-011458,APROVADO PARCIAL,C,True,valido_automatico
SMP-006772,ESPECIFICAÇÃO EM REVISÃO,C,True,revisar
SMP-004448,PENDENTE,A,False,revisar
SMP-005147,EM ANALISE,A,True,revisar
SMP-006763,EM ANALISE,C,False,revisar
SMP-009145,APROVADO PARCIAL,A,True,valido_automatico
SMP-001743,AJUSTE REPROVADO,B,True,recusar_automatico
SMP-004555,APROVADO PARCIAL,A,False,revisar
SMP-008057,EM AJUSTE,A,True,valido_automatico
SMP-011721,AJUSTE CONCLUIDO,C,False,valido_automatico
SMP-003704,FORA DE ESPECIFICACAO,C,False,recusar_automatico
SMP-005034,PENDENTE,A,True,revisar
SMP-002579,AJUSTE REPROVADO,B,False,recusar_automatico
SMP-005127,ESPECIFICAÇÃO EM REVISÃO,A,True,revisar
SMP-011988,APROVADO PARCIAL,C,True,valido_automatico
SMP-004769,AJUSTE CONCLUIDO,A,True,revisar
SMP-001303,FORA DE ESPECIFICACAO,A,False,recusar_automatico
SMP-000491,CANCELADO,A,False,recusar_automatico
SMP-010678,AGUARDANDO REINSPEÇÃO,C,False,valido_automatico
SMP-010648,EM AJUSTE,B,False,valido_automatico
SMP-003601,CANCELADO,C,False,recusar_automatico
SMP-010945,AJUSTE CONCLUIDO,C,True,valido_automatico
SMP-004622,EM ANALISE,A,False,revisar
SMP-003313,CANCELADO,C,False,recusar_automatico
SMP-000217,CANCELADO,A,False,recusar_automatico
SMP-003516,AJUSTE REPROVADO,C,True,recusar_automatico
SMP-006419,ESPECIFICAÇÃO EM REVISÃO,B,False,revisar
SMP-001596,REINSPECAO REPROVADA,B,False,recusar_automatico
SMP-009563,EM AJUSTE,B,False,valido_automatico
SMP-005077,PENDENTE,A,False,revisar
SMP-002214,CANCELADO,B,False,recusar_automatico
SMP-007837,PENDENTE,C,True,revisar
SMP-010084,ESPECIFICAÇÃO EM REVISÃO,B,True,valido_automatico
SMP-003882,REINSPECAO REPROVADA,C,True,recusar_automatico
SMP-010097,AJUSTE CONCLUIDO,B,True,valido_automatico
SMP-006578,ESPECIFICAÇÃO EM REVISÃO,B,False,revisar
SMP-008127,AJUSTE CONCLUIDO,A,False,valido_automatico
SMP-003421,REINSPECAO REPROVADA,C,True,recusar_automatico
SMP-000598,CANCELADO,A,False,recusar_automatico
SMP-008312,EM ANÁLISE,A,False,valido_automatico
SMP-000514,AJUSTE REPROVADO,A,True,recusar_automatico
SMP-004847,EM ANALISE,A,True,revisar
SMP-005605,PENDENTE,B,False,revisar
SMP-000948,REINSPECAO REPROVADA,A,False,recusar_automatico
SMP-000390,CANCELADO,A,False,recusar_automatico
SMP-005264,AGUARDANDO REINSPEÇÃO,A,True,revisar
SMP-005522,EM ANALISE,B,False,revisar
SMP-004753,AGUARDANDO REINSPEÇÃO,A,False,revisar
SMP-006144,AGUARDANDO REINSPEÇÃO,B,False,revisar
SMP-009402,AJUSTE CONCLUIDO,B,True,valido_automatico
SMP-000944,REINSPECAO REPROVADA,A,False,recusar_automatico
SMP-004303,PENDENTE,A,True,revisar
SMP-008747,AJUSTE CONCLUIDO,A,True,valido_automatico
SMP-001696,AJUSTE REPROVADO,B,True,recusar_automatico
SMP-011617,APROVADO PARCIAL,C,True,valido_automatico
SMP-002519,REINSPECAO REPROVADA,B,False,recusar_automatico
SMP-009881,AJUSTE CONCLUIDO,B,True,valido_automatico
SMP-004640,PENDENTE,A,True,revisar
SMP-006082,AGUARDANDO REINSPEÇÃO,B,False,revisar
SMP-001766,REINSPECAO REPROVADA,B,False,recusar_automatico
SMP-011468,APROVADO PARCIAL,C,True,valido_automatico
SMP-002636,FORA DE ESPECIFICACAO,B,True,recusar_automatico
SMP-001774,PENDENTE,B,True,recusar_automatico
SMP-007882,EM ANALISE,C,True,revisar
SMP-008113,AJUSTE CONCLUIDO,A,True,valido_automatico
SMP-006202,EM AJUSTE,B,False,revisar
SMP-001629,AJUSTE REPROVADO,B,True,recusar_automatico
SMP-003278,REINSPECAO REPROVADA,C,True,recusar_automatico
SMP-000302,AJUSTE REPROVADO,A,False,recusar_automatico
SMP-011568,APROVADO PARCIAL,C,False,valido_automatico
SMP-007899,AGUARDANDO REINSPEÇÃO,C,True,revisar
SMP-007813,EM ANALISE,C,True,revisar
SMP-007696,CANCELADO,C,False,revisar
SMP-003936,ESPECIFICAÇÃO EM REVISÃO,C,False,recusar_automatico
SMP-003505,REINSPECAO REPROVADA,C,True,recusar_automatico
SMP-005428,PENDENTE,B,False,revisar
SMP-007021,ESPECIFICAÇÃO EM REVISÃO,C,True,revisar
SMP-005671,EM AJUSTE,B,False,revisar
SMP-009759,AJUSTE CONCLUIDO,B,False,valido_automatico
SMP-002207,CANCELADO,B,True,recusar_automatico
SMP-000531,AJUSTE REPROVADO,A,False,recusar_automatico
SMP-011016,AJUSTE CONCLUIDO,C,False,valido_automatico
SMP-010327,AJUSTE CONCLUIDO,B,True,valido_automatico
SMP-011626,AGUARDANDO REINSPEÇÃO,C,False,valido_automatico
SMP-007191,ESPECIFICAÇÃO EM REVISÃO,C,False,revisar
SMP-009977,APROVADO PARCIAL,B,True,valido_automatico
SMP-008254,AGUARDANDO REINSPEÇÃO,A,False,valido_automatico
SMP-001465,REINSPECAO REPROVADA,B,True,recusar_automatico
SMP-004079,ESPECIFICAÇÃO EM REVISÃO,A,False,revisar
SMP-004976,AJUSTE REPROVADO,A,True,revisar
SMP-003396,CANCELADO,C,False,recusar_automatico
SMP-006590,ESPECIFICAÇÃO EM REVISÃO,B,False,revisar
SMP-010624,AJUSTE CONCLUIDO,B,True,valido_automatico
SMP-009239,ESPECIFICAÇÃO EM REVISÃO,A,True,valido_automatico
SMP-000745,CANCELADO,A,False,recusar_automatico
SMP-007064,AGUARDANDO REINSPEÇÃO,C,False,revisar
SMP-008850,EM AJUSTE,A,False,valido_automatico
SMP-004987,EM ANALISE,A,True,revisar
SMP-006963,EM ANALISE,C,False,revisar
SMP-001377,CANCELADO,B,True,recusar_automatico
SMP-001655,CANCELADO,B,False,recusar_automatico
SMP-010859,EM AJUSTE,C,False,valido_automatico
SMP-005532,AGUARDANDO REINSPEÇÃO,B,True,revisar
SMP-008642,APROVADO PARCIAL,A,True,valido_automatico
SMP-010637,AJUSTE REPROVADO,B,False,valido_automatico
SMP-007364,EM ANALISE,C,True,revisar
SMP-011953,AJUSTE CONCLUIDO,C,False,valido_automatico
SMP-008440,APROVADO PARCIAL,A,True,valido_automatico
SMP-009213,AJUSTE CONCLUIDO,A,True,valido_automatico
SMP-007124,PENDENTE,C,True,revisar
SMP-000579,CANCELADO,A,True,recusar_automatico
SMP-004317,PENDENTE,A,True,revisar
SMP-007878,AGUARDANDO REINSPEÇÃO,C,False,revisar
SMP-006350,EM ANALISE,B,True,revisar
SMP-010612,AJUSTE CONCLUIDO,B,True,valido_automatico
SMP-010781,APROVADO PARCIAL,C,True,valido_automatico
SMP-009703,AJUSTE CONCLUIDO,B,False,valido_automatico
SMP-006745,PENDENTE,C,False,revisar
SMP-010853,EM ANÁLISE,C,True,valido_automatico
SMP-004654,REINSPECAO REPROVADA,A,False,revisar
SMP-005680,EM AJUSTE,B,True,revisar
SMP-004183,ESPECIFICAÇÃO EM REVISÃO,A,False,revisar
SMP-001692,REINSPECAO REPROVADA,B,True,recusar_automatico
SMP-006083,EM ANALISE,B,True,revisar
SMP-007266,PENDENTE,C,False,revisar
SMP-006560,APROVADO PARCIAL,B,True,revisar
SMP-000815,REINSPECAO REPROVADA,A,False,recusar_automatico
SMP-003637,AJUSTE REPROVADO,C,False,recusar_automatico
SMP-011155,PENDENTE,C,False,valido_automatico
SMP-003659,AGUARDANDO REINSPEÇÃO,C,True,recusar_automatico
SMP-008451,APROVADO PARCIAL,A,True,valido_automatico
SMP-007637,AGUARDANDO REINSPEÇÃO,C,False,revisar
SMP-000291,FORA DE ESPECIFICACAO,A,True,recusar_automatico
SMP-004633,PENDENTE,A,False,revisar
SMP-006881,PENDENTE,C,False,revisar
SMP-010271,AJUSTE CONCLUIDO,B,True,valido_automatico
SMP-003454,FORA DE ESPECIFICACAO,C,True,recusar_automatico
SMP-007506,ESPECIFICAÇÃO EM REVISÃO,C,False,revisar
SMP-003165,CANCELADO,C,False,recusar_automatico
SMP-002529,FORA DE ESPECIFICACAO,B,True,recusar_automatico
SMP-007331,ESPECIFICAÇÃO EM REVISÃO,C,False,revisar
SMP-004758,AJUSTE REPROVADO,A,False,revisar
SMP-001840,REINSPECAO REPROVADA,B,False,recusar_automatico
SMP-000030,REINSPECAO REPROVADA,A,True,recusar_automatico
SMP-002566,CANCELADO,B,True,recusar_automatico
SMP-008000,EM ANALISE,C,False,revisar
SMP-009674,ESPECIFICAÇÃO EM REVISÃO,B,True,valido_automatico
SMP-007851,AJUSTE CONCLUIDO,C,True,revisar
SMP-000198,AJUSTE REPROVADO,A,True,recusar_automatico
SMP-000562,AJUSTE REPROVADO,A,True,recusar_automatico
SMP-002886,CANCELADO,C,True,recusar_automatico
SMP-007842,ESPECIFICAÇÃO EM REVISÃO,C,False,revisar
SMP-009219,AJUSTE CONCLUIDO,A,True,valido_automatico
SMP-002627,REINSPECAO REPROVADA,B,False,recusar_automatico
SMP-008737,APROVADO PARCIAL,A,True,valido_automatico
SMP-005474,ESPECIFICAÇÃO EM REVISÃO,B,False,revisar
SMP-006256,EM ANALISE,B,False,revisar
SMP-000577,FORA DE ESPECIFICACAO,A,False,recusar_automatico
SMP-009844,AJUSTE CONCLUIDO,B,True,valido_automatico
SMP-000750,FORA DE ESPECIFICACAO,A,True,recusar_automatico
SMP-006889,EM ANALISE,C,False,revisar
SMP-005788,AJUSTE CONCLUIDO,B,True,revisar
SMP-001452,CANCELADO,B,True,recusar_automatico
SMP-005773,EM ANALISE,B,False,revisar
SMP-007752,EM ANALISE,C,False,revisar
SMP-008328,AJUSTE CONCLUIDO,A,True,valido_automatico
SMP-006679,ESPECIFICAÇÃO EM REVISÃO,C,False,revisar
SMP-001866,REINSPECAO REPROVADA,B,True,recusar_automatico
SMP-003983,FORA DE ESPECIFICACAO,C,False,recusar_automatico
SMP-006323,EM ANALISE,B,False,revisar
SMP-001878,FORA DE ESPECIFICACAO,B,True,recusar_automatico
SMP-006402,PENDENTE,B,True,revisar
SMP-004605,PENDENTE,A,False,revisar
SMP-000627,AJUSTE REPROVADO,A,True,recusar_automatico
SMP-003394,AGUARDANDO REINSPEÇÃO,C,False,recusar_automatico
SMP-001609,AJUSTE REPROVADO,B,False,recusar_automatico
SMP-008206,AJUSTE CONCLUIDO,A,True,valido_automatico
SMP-008413,APROVADO PARCIAL,A,True,valido_automatico
SMP-007956,EM ANALISE,C,True,revisar
SMP-011008,EM AJUSTE,C,False,valido_automatico
SMP-003548,CANCELADO,C,False,recusar_automatico
SMP-000821,REINSPECAO REPROVADA,A,False,recusar_automatico
SMP-009725,AJUSTE CONCLUIDO,B,True,valido_automatico
SMP-006842,ESPECIFICAÇÃO EM REVISÃO,C,False,revisar
SMP-004662,PENDENTE,A,True,revisar
SMP-011816,AJUSTE CONCLUIDO,C,True,valido_automatico
SMP-000724,FORA DE ESPECIFICACAO,A,True,recusar_automatico
SMP-001791,CANCELADO,B,True,recusar_automatico
SMP-008771,APROVADO PARCIAL,A,False,valido_automatico
SMP-009090,EM AJUSTE,A,False,valido_automatico
SMP-010864,AJUSTE CONCLUIDO,C,False,valido_automatico
SMP-000393,REINSPECAO REPROVADA,A,True,recusar_automatico
SMP-010749,EM AJUSTE,C,False,valido_automatico
SMP-011161,APROVADO PARCIAL,C,True,valido_automatico
SMP-003111,CANCELADO,C,False,recusar_automatico
SMP-005015,PENDENTE,A,True,revisar
SMP-001268,CANCELADO,A,False,recusar_automatico
SMP-007547,AGUARDANDO REINSPEÇÃO,C,False,revisar
SMP-008974,ESPECIFICAÇÃO EM REVISÃO,A,False,valido_automatico
SMP-006882,PENDENTE,C,False,revisar
SMP-010873,EM AJUSTE,C,False,valido_automatico
SMP-008208,APROVADO PARCIAL,A,True,valido_automatico
SMP-006315,AGUARDANDO REINSPEÇÃO,B,False,revisar
SMP-010383,APROVADO PARCIAL,B,False,valido_automatico
SMP-000897,AJUSTE REPROVADO,A,True,recusar_automatico
SMP-002521,CANCELADO,B,True,recusar_automatico
SMP-004738,ESPECIFICAÇÃO EM REVISÃO,A,False,revisar
SMP-000681,REINSPECAO REPROVADA,A,False,recusar_automatico
SMP-011127,AJUSTE CONCLUIDO,C,False,valido_automatico
SMP-001199,REINSPECAO REPROVADA,A,False,recusar_automatico
SMP-010018,EM AJUSTE,B,False,valido_automatico
SMP-007508,AJUSTE CONCLUIDO,C,True,revisar
SMP-000013,ESPECIFICAÇÃO EM REVISÃO,A,True,recusar_automatico
SMP-000152,REINSPECAO REPROVADA,A,False,recusar_automatico
SMP-010037,EM ANÁLISE,B,False,valido_automatico
SMP-005177,PENDENTE,A,False,revisar
SMP-003891,CANCELADO,C,False,recusar_automatico
SMP-007088,AGUARDANDO REINSPEÇÃO,C,False,revisar
SMP-010447,APROVADO PARCIAL,B,True,valido_automatico
SMP-009637,AJUSTE REPROVADO,B,False,valido_automatico
SMP-002198,REINSPECAO REPROVADA,B,False,recusar_automatico
SMP-011323,AJUSTE REPROVADO,C,True,valido_automatico
SMP-010031,APROVADO PARCIAL,B,True,valido_automatico
SMP-007055,EM ANALISE,C,False,revisar
SMP-000286,REINSPECAO REPROVADA,A,False,recusar_automatico
SMP-010623,AJUSTE CONCLUIDO,B,True,valido_automatico
SMP-006711,EM ANALISE,C,False,revisar
SMP-004550,EM AJUSTE,A,True,revisar
SMP-002154,REINSPECAO REPROVADA,B,True,recusar_automatico
SMP-008437,AJUSTE CONCLUIDO,A,False,valido_automatico
SMP-009061,APROVADO PARCIAL,A,False,valido_automatico
SMP-003779,FORA DE ESPECIFICACAO,C,False,recusar_automatico
SMP-009627,APROVADO PARCIAL,B,False,valido_automatico
SMP-009058,PENDENTE,A,True,valido_automatico
SMP-010152,EM AJUSTE,B,True,valido_automatico
SMP-008130,APROVADO PARCIAL,A,True,valido_automatico
SMP-005865,ESPECIFICAÇÃO EM REVISÃO,B,True,revisar
SMP-009766,EM AJUSTE,B,True,valido_automatico
SMP-008147,AJUSTE CONCLUIDO,A,False,valido_automatico
SMP-009570,APROVADO PARCIAL,B,True,valido_automatico
SMP-001804,FORA DE ESPECIFICACAO,B,False,recusar_automatico
SMP-007708,AGUARDANDO REINSPEÇÃO,C,False,revisar
SMP-001121,FORA DE ESPECIFICACAO,A,False,recusar_automatico
SMP-004161,CANCELADO,A,False,revisar
SMP-010475,AJUSTE CONCLUIDO,B,False,valido_automatico
SMP-010659,AJUSTE CONCLUIDO,B,True,valido_automatico
SMP-010103,EM ANÁLISE,B,True,valido_automatico
SMP-000350,EM AJUSTE,A,True,recusar_automatico
SMP-010275,APROVADO PARCIAL,B,True,valido_automatico
SMP-010372,AJUSTE CONCLUIDO,B,True,valido_automatico
SMP-001494,FORA DE ESPECIFICACAO,B,True,recusar_automatico
SMP-001235,AJUSTE REPROVADO,A,True,recusar_automatico
SMP-008469,PENDENTE,A,True,valido_automatico
SMP-007968,PENDENTE,C,False,revisar
SMP-000584,FORA DE ESPECIFICACAO,A,True,recusar_automatico
SMP-010573,EM ANÁLISE,B,False,valido_automatico
SMP-003811,AJUSTE REPROVADO,C,True,recusar_automatico
SMP-009313,AJUSTE CONCLUIDO,A,True,valido_automatico
SMP-009012,AJUSTE CONCLUIDO,A,False,valido_automatico
SMP-001436,REINSPECAO REPROVADA,B,True,recusar_automatico
SMP-009562,AJUSTE CONCLUIDO,B,True,valido_automatico
SMP-011613,EM AJUSTE,C,False,valido_automatico
SMP-002561,REINSPECAO REPROVADA,B,False,recusar_automatico
SMP-010608,AJUSTE CONCLUIDO,B,False,valido_automatico
SMP-001167,ESPECIFICAÇÃO EM REVISÃO,A,False,recusar_automatico
SMP-011013,AJUSTE CONCLUIDO,C,False,valido_automatico
SMP-006444,AGUARDANDO REINSPEÇÃO,B,True,revisar
SMP-009260,AJUSTE CONCLUIDO,A,False,valido_automatico
SMP-011889,AJUSTE CONCLUIDO,C,True,valido_automatico
SMP-002496,CANCELADO,B,True,recusar_automatico
SMP-002489,AJUSTE REPROVADO,B,False,recusar_automatico
SMP-004480,ESPECIFICAÇÃO EM REVISÃO,A,True,revisar
SMP-000858,CANCELADO,A,True,recusar_automatico
SMP-004371,PENDENTE,A,False,revisar
SMP-000888,REINSPECAO REPROVADA,A,False,recusar_automatico
SMP-008170,AJUSTE CONCLUIDO,A,False,valido_automatico
SMP-005313,AGUARDANDO REINSPEÇÃO,A,False,revisar
SMP-005841,CANCELADO,B,True,revisar
SMP-005991,AJUSTE REPROVADO,B,True,revisar
SMP-001471,CANCELADO,B,False,recusar_automatico
SMP-007987,ESPECIFICAÇÃO EM REVISÃO,C,False,revisar
SMP-000465,FORA DE ESPECIFICACAO,A,False,recusar_automatico
SMP-001571,FORA DE ESPECIFICACAO,B,True,recusar_automatico
SMP-005352,EM ANALISE,B,False,revisar
SMP-002164,PENDENTE,B,False,recusar_automatico
SMP-008713,AJUSTE CONCLUIDO,A,True,valido_automatico
SMP-002057,REINSPECAO REPROVADA,B,False,recusar_automatico
SMP-000790,REINSPECAO REPROVADA,A,False,recusar_automatico
SMP-011705,EM ANÁLISE,C,False,valido_automatico
SMP-001190,FORA DE ESPECIFICACAO,A,True,recusar_automatico
SMP-009043,AJUSTE CONCLUIDO,A,True,valido_automatico
SMP-010931,APROVADO PARCIAL,C,False,valido_automatico
SMP-005683,ESPECIFICAÇÃO EM REVISÃO,B,False,revisar
SMP-003771,CANCELADO,C,False,recusar_automatico
SMP-008823,AGUARDANDO REINSPEÇÃO,A,False,valido_automatico
SMP-000901,CANCELADO,A,False,recusar_automatico
SMP-002577,CANCELADO,B,False,recusar_automatico
SMP-007515,AGUARDANDO REINSPEÇÃO,C,True,revisar
SMP-003128,AJUSTE REPROVADO,C,True,recusar_automatico
SMP-006133,AGUARDANDO REINSPEÇÃO,B,True,revisar
SMP-000355,REINSPECAO REPROVADA,A,False,recusar_automatico
SMP-004154,CANCELADO,A,True,revisar
SMP-007794,EM ANALISE,C,True,revisar
SMP-004803,ESPECIFICAÇÃO EM REVISÃO,A,False,revisar
SMP-002500,AJUSTE REPROVADO,B,False,recusar_automatico
SMP-002929,CANCELADO,C,False,recusar_automatico
SMP-001663,ESPECIFICAÇÃO EM REVISÃO,B,False,recusar_automatico
SMP-005083,ESPECIFICAÇÃO EM REVISÃO,A,False,revisar
SMP-006933,AJUSTE CONCLUIDO,C,True,revisar
SMP-003769,CANCELADO,C,False,recusar_automatico
SMP-002963,FORA DE ESPECIFICACAO,C,False,recusar_automatico
SMP-000827,CANCELADO,A,False,recusar_automatico
SMP-003412,ESPECIFICAÇÃO EM REVISÃO,C,False,recusar_automatico
SMP-008751,EM AJUSTE,A,False,valido_automatico
SMP-005577,PENDENTE,B,False,revisar
SMP-009459,APROVADO PARCIAL,B,False,valido_automatico
SMP-003809,AJUSTE REPROVADO,C,True,recusar_automatico
SMP-009839,APROVADO PARCIAL,B,False,valido_automatico
SMP-000323,CANCELADO,A,False,recusar_automatico
SMP-004035,AGUARDANDO REINSPEÇÃO,A,True,revisar
SMP-003627,CANCELADO,C,True,recusar_automatico
SMP-001616,AJUSTE REPROVADO,B,False,recusar_automatico
SMP-008372,EM ANÁLISE,A,False,valido_automatico
SMP-004066,EM ANALISE,A,False,revisar
SMP-003247,CANCELADO,C,True,recusar_automatico
SMP-007483,AGUARDANDO REINSPEÇÃO,C,True,revisar
SMP-005479,AGUARDANDO REINSPEÇÃO,B,False,revisar
SMP-003645,EM ANALISE,C,True,recusar_automatico
SMP-007681,ESPECIFICAÇÃO EM REVISÃO,C,True,revisar
SMP-008412,EM AJUSTE,A,True,valido_automatico
SMP-011043,APROVADO PARCIAL,C,True,valido_automatico
SMP-005682,AGUARDANDO REINSPEÇÃO,B,False,revisar
SMP-011997,APROVADO PARCIAL,C,True,valido_automatico
SMP-003474,CANCELADO,C,False,recusar_automatico
SMP-005235,EM ANALISE,A,False,revisar
SMP-004542,PENDENTE,A,False,revisar
SMP-000315,AJUSTE REPROVADO,A,False,recusar_automatico
SMP-009953,AJUSTE CONCLUIDO,B,False,valido_automatico
SMP-003788,AJUSTE REPROVADO,C,False,recusar_automatico
SMP-005010,ESPECIFICAÇÃO EM REVISÃO,A,True,revisar
SMP-003219,FORA DE ESPECIFICACAO,C,False,recusar_automatico
SMP-003681,FORA DE ESPECIFICACAO,C,True,recusar_automatico
SMP-004386,EM ANALISE,A,True,revisar
SMP-005959,ESPECIFICAÇÃO EM REVISÃO,B,True,revisar
SMP-009508,AJUSTE CONCLUIDO,B,True,valido_automatico
SMP-007093,ESPECIFICAÇÃO EM REVISÃO,C,True,revisar
SMP-001003,AGUARDANDO REINSPEÇÃO,A,True,recusar_automatico
SMP-002353,FORA DE ESPECIFICACAO,B,True,recusar_automatico
SMP-009723,APROVADO PARCIAL,B,True,valido_automatico
SMP-006563,EM ANALISE,B,True,revisar
SMP-009805,EM AJUSTE,B,True,valido_automatico
SMP-004073,AGUARDANDO REINSPEÇÃO,A,False,revisar
SMP-002885,REINSPECAO REPROVADA,C,True,recusar_automatico
SMP-004656,PENDENTE,A,True,revisar
SMP-000861,AJUSTE REPROVADO,A,True,recusar_automatico
SMP-009894,EM AJUSTE,B,False,valido_automatico
SMP-005212,EM ANALISE,A,True,revisar
SMP-005323,PENDENTE,A,False,revisar
SMP-004087,EM ANALISE,A,False,revisar
SMP-009683,APROVADO PARCIAL,B,True,valido_automatico
SMP-008246,APROVADO PARCIAL,A,False,valido_automatico
SMP-007400,REINSPECAO REPROVADA,C,True,revisar
SMP-002387,AJUSTE REPROVADO,B,False,recusar_automatico
SMP-004934,ESPECIFICAÇÃO EM REVISÃO,A,False,revisar
SMP-010397,ESPECIFICAÇÃO EM REVISÃO,B,True,valido_automatico
SMP-001107,CANCELADO,A,False,recusar_automatico
SMP-010328,APROVADO PARCIAL,B,False,valido_automatico
SMP-007427,CANCELADO,C,False,revisar
SMP-004926,EM ANALISE,A,True,revisar
SMP-007084,PENDENTE,C,False,revisar
SMP-009016,APROVADO PARCIAL,A,False,valido_automatico
SMP-000622,FORA DE ESPECIFICACAO,A,False,recusar_automatico
SMP-000261,FORA DE ESPECIFICACAO,A,True,recusar_automatico
SMP-002348,CANCELADO,B,True,recusar_automatico
SMP-003323,CANCELADO,C,True,recusar_automatico
SMP-000700,CANCELADO,A,True,recusar_automatico
SMP-011186,APROVADO PARCIAL,C,False,valido_automatico
SMP-005316,PENDENTE,A,True,revisar
SMP-006598,AGUARDANDO REINSPEÇÃO,B,True,revisar
SMP-011547,APROVADO PARCIAL,C,False,valido_automatico
SMP-009731,APROVADO PARCIAL,B,False,valido_automatico
SMP-004935,PENDENTE,A,False,revisar
SMP-002680,ESPECIFICAÇÃO EM REVISÃO,C,True,recusar_automatico
SMP-007067,PENDENTE,C,False,revisar
SMP-002723,AJUSTE REPROVADO,C,True,recusar_automatico
SMP-009087,PENDENTE,A,False,valido_automatico
SMP-000326,CANCELADO,A,False,recusar_automatico
SMP-004083,EM AJUSTE,A,True,revisar
SMP-009663,PENDENTE,B,True,valido_automatico
SMP-001351,REINSPECAO REPROVADA,B,True,recusar_automatico
SMP-011965,AJUSTE REPROVADO,C,False,valido_automatico
SMP-009901,PENDENTE,B,False,valido_automatico
SMP-006807,EM ANALISE,C,True,revisar
SMP-006837,ESPECIFICAÇÃO EM REVISÃO,C,True,revisar
SMP-005293,EM ANALISE,A,False,revisar
SMP-011202,AJUSTE REPROVADO,C,True,valido_automatico
SMP-010263,EM ANÁLISE,B,False,valido_automatico
SMP-002681,FORA DE ESPECIFICACAO,C,True,recusar_automatico
SMP-005017,EM ANALISE,A,True,revisar
SMP-007347,PENDENTE,C,True,revisar
SMP-004472,AGUARDANDO REINSPEÇÃO,A,False,revisar
SMP-008643,AJUSTE CONCLUIDO,A,True,valido_automatico
SMP-009320,AGUARDANDO REINSPEÇÃO,A,True,valido_automatico
SMP-011509,AJUSTE CONCLUIDO,C,False,valido_automatico
SMP-003650,CANCELADO,C,True,recusar_automatico
SMP-008839,PENDENTE,A,True,valido_automatico
SMP-004357,ESPECIFICAÇÃO EM REVISÃO,A,True,revisar
SMP-008548,APROVADO PARCIAL,A,False,valido_automatico
SMP-001078,CANCELADO,A,False,recusar_automatico
SMP-000189,REINSPECAO REPROVADA,A,False,recusar_automatico
SMP-000209,AGUARDANDO REINSPEÇÃO,A,True,recusar_automatico
SMP-011259,AJUSTE CONCLUIDO,C,True,valido_automatico
SMP-005379,AJUSTE REPROVADO,B,True,revisar
SMP-008051,AJUSTE CONCLUIDO,A,True,valido_automatico
SMP-010930,EM ANÁLISE,C,False,valido_automatico
SMP-008852,AJUSTE CONCLUIDO,A,False,valido_automatico
SMP-011894,APROVADO PARCIAL,C,False,valido_automatico
SMP-010000,EM AJUSTE,B,True,valido_automatico
SMP-002987,PENDENTE,C,False,recusar_automatico
SMP-003021,FORA DE ESPECIFICACAO,C,False,recusar_automatico
SMP-009696,AGUARDANDO REINSPEÇÃO,B,False,valido_automatico
SMP-001863,REINSPECAO REPROVADA,B,True,recusar_automatico
SMP-001782,FORA DE ESPECIFICACAO,B,True,recusar_automatico
SMP-003961,AJUSTE REPROVADO,C,True,recusar_automatico
SMP-007648,PENDENTE,C,True,revisar
SMP-002430,CANCELADO,B,True,recusar_automatico
SMP-005441,PENDENTE,B,True,revisar
SMP-009536,AJUSTE REPROVADO,B,False,valido_automatico
SMP-000961,CANCELADO,A,False,recusar_automatico
SMP-004398,EM ANALISE,A,True,revisar
SMP-001385,AGUARDANDO REINSPEÇÃO,B,True,recusar_automatico
SMP-009426,APROVADO PARCIAL,B,False,valido_automatico
SMP-003784,FORA DE ESPECIFICACAO,C,False,recusar_automatico
SMP-006760,PENDENTE,C,False,revisar
SMP-003618,FORA DE ESPECIFICACAO,C,False,recusar_automatico
SMP-000542,CANCELADO,A,False,recusar_automatico
SMP-002520,REINSPECAO REPROVADA,B,False,recusar_automatico
SMP-004288,PENDENTE,A,True,revisar
SMP-005997,AGUARDANDO REINSPEÇÃO,B,False,revisar
SMP-002063,REINSPECAO REPROVADA,B,True,recusar_automatico
SMP-002268,FORA DE ESPECIFICACAO,B,False,recusar_automatico
SMP-006258,EM ANALISE,B,True,revisar
SMP-006644,EM ANALISE,B,False,revisar
SMP-010446,APROVADO PARCIAL,B,True,valido_automatico
SMP-010976,AJUSTE CONCLUIDO,C,False,valido_automatico
SMP-002089,REINSPECAO REPROVADA,B,True,recusar_automatico
SMP-006803,EM ANALISE,C,True,revisar
SMP-007830,AGUARDANDO REINSPEÇÃO,C,True,revisar
SMP-003737,FORA DE ESPECIFICACAO,C,True,recusar_automatico
SMP-007913,CANCELADO,C,False,revisar
SMP-005806,ESPECIFICAÇÃO EM REVISÃO,B,True,revisar
SMP-006865,ESPECIFICAÇÃO EM REVISÃO,C,True,revisar
SMP-001079,REINSPECAO REPROVADA,A,True,recusar_automatico
SMP-000156,AJUSTE REPROVADO,A,True,recusar_automatico
SMP-004704,EM ANALISE,A,False,revisar
SMP-010072,APROVADO PARCIAL,B,True,valido_automatico
SMP-000501,ESPECIFICAÇÃO EM REVISÃO,A,False,recusar_automatico
SMP-000829,CANCELADO,A,True,recusar_automatico
SMP-006861,EM ANALISE,C,False,revisar
SMP-007716,AGUARDANDO REINSPEÇÃO,C,True,revisar
SMP-004801,AGUARDANDO REINSPEÇÃO,A,True,revisar
SMP-002054,AJUSTE REPROVADO,B,False,recusar_automatico
SMP-010358,PENDENTE,B,True,valido_automatico
SMP-009838,APROVADO PARCIAL,B,False,valido_automatico
SMP-009648,PENDENTE,B,False,valido_automatico
SMP-004428,AGUARDANDO REINSPEÇÃO,A,True,revisar
SMP-003710,CANCELADO,C,False,recusar_automatico
SMP-000769,CANCELADO,A,True,recusar_automatico
SMP-011766,APROVADO PARCIAL,C,False,valido_automatico
SMP-000705,REINSPECAO REPROVADA,A,False,recusar_automatico
SMP-008496,AJUSTE CONCLUIDO,A,False,valido_automatico
SMP-009465,AJUSTE CONCLUIDO,B,False,valido_automatico
SMP-005037,CANCELADO,A,False,revisar
SMP-006654,PENDENTE,B,True,revisar
SMP-005531,ESPECIFICAÇÃO EM REVISÃO,B,True,revisar
SMP-001808,FORA DE ESPECIFICACAO,B,False,recusar_automatico
SMP-007808,CANCELADO,C,True,revisar
SMP-005930,ESPECIFICAÇÃO EM REVISÃO,B,False,revisar
SMP-010805,APROVADO PARCIAL,C,False,valido_automatico
SMP-010096,AJUSTE CONCLUIDO,B,True,valido_automatico
SMP-008117,APROVADO PARCIAL,A,True,valido_automatico
SMP-008502,EM AJUSTE,A,False,valido_automatico
SMP-007577,PENDENTE,C,False,revisar
SMP-004986,AJUSTE CONCLUIDO,A,False,revisar
SMP-009550,APROVADO PARCIAL,B,True,valido_automatico
SMP-003237,FORA DE ESPECIFICACAO,C,False,recusar_automatico
SMP-005009,EM ANALISE,A,True,revisar
SMP-003134,FORA DE ESPECIFICACAO,C,True,recusar_automatico
SMP-004868,AGUARDANDO REINSPEÇÃO,A,False,revisar
SMP-004226,PENDENTE,A,True,revisar
SMP-009400,PENDENTE,B,False,valido_automatico
SMP-009367,APROVADO PARCIAL,B,False,valido_automatico
SMP-007555,PENDENTE,C,False,revisar
SMP-007115,EM ANALISE,C,True,revisar
SMP-003861,REINSPECAO REPROVADA,C,True,recusar_automatico
SMP-009242,APROVADO PARCIAL,A,True,valido_automatico
SMP-007698,AGUARDANDO REINSPEÇÃO,C,False,revisar
SMP-004922,ESPECIFICAÇÃO EM REVISÃO,A,False,revisar
SMP-009855,APROVADO PARCIAL,B,True,valido_automatico
SMP-001149,REINSPECAO REPROVADA,A,True,recusar_automatico
SMP-009764,APROVADO PARCIAL,B,False,valido_automatico
SMP-010845,APROVADO PARCIAL,C,True,valido_automatico
SMP-001307,AJUSTE REPROVADO,A,False,recusar_automatico
SMP-005667,ESPECIFICAÇÃO EM REVISÃO,B,False,revisar
SMP-002135,REINSPECAO REPROVADA,B,False,recusar_automatico
SMP-006316,ESPECIFICAÇÃO EM REVISÃO,B,False,revisar
SMP-002597,CANCELADO,B,False,recusar_automatico
SMP-006751,REINSPECAO REPROVADA,C,True,revisar
SMP-008942,AGUARDANDO REINSPEÇÃO,A,False,valido_automatico
SMP-007664,APROVADO PARCIAL,C,False,revisar
SMP-004900,EM AJUSTE,A,True,revisar
SMP-003007,AJUSTE REPROVADO,C,False,recusar_automatico
SMP-009629,AGUARDANDO REINSPEÇÃO,B,True,valido_automatico
SMP-001814,REINSPECAO REPROVADA,B,True,recusar_automatico
SMP-009104,AJUSTE CONCLUIDO,A,True,valido_automatico
SMP-007529,EM AJUSTE,C,False,revisar
SMP-010686,EM ANÁLISE,C,False,valido_automatico
SMP-009806,APROVADO PARCIAL,B,False,valido_automatico
SMP-009044,APROVADO PARCIAL,A,False,valido_automatico
SMP-002702,AJUSTE REPROVADO,C,False,recusar_automatico
SMP-004628,EM ANALISE,A,True,revisar
SMP-001365,REINSPECAO REPROVADA,B,True,recusar_automatico
SMP-007269,PENDENTE,C,True,revisar
SMP-003458,CANCELADO,C,False,recusar_automatico
SMP-007035,EM ANALISE,C,True,revisar
SMP-001267,FORA DE ESPECIFICACAO,A,False,recusar_automatico
SMP-002047,FORA DE ESPECIFICACAO,B,False,recusar_automatico
SMP-010937,AJUSTE REPROVADO,C,True,valido_automatico
SMP-006095,PENDENTE,B,False,revisar
SMP-010300,APROVADO PARCIAL,B,True,valido_automatico
SMP-010672,AJUSTE CONCLUIDO,C,False,valido_automatico
SMP-010487,APROVADO PARCIAL,B,False,valido_automatico
SMP-002647,CANCELADO,B,False,recusar_automatico
SMP-008283,AJUSTE CONCLUIDO,A,False,valido_automatico
SMP-005579,EM ANALISE,B,False,revisar
SMP-007809,AGUARDANDO REINSPEÇÃO,C,False,revisar
SMP-003240,EM AJUSTE,C,False,recusar_automatico
SMP-004402,PENDENTE,A,True,revisar
SMP-000062,FORA DE ESPECIFICACAO,A,False,recusar_automatico
SMP-010904,APROVADO PARCIAL,C,False,valido_automatico
SMP-002448,FORA DE ESPECIFICACAO,B,False,recusar_automatico
SMP-003717,CANCELADO,C,True,recusar_automatico
SMP-003904,CANCELADO,C,True,recusar_automatico
SMP-002070,AJUSTE REPROVADO,B,True,recusar_automatico
SMP-005781,PENDENTE,B,True,revisar
SMP-010382,AJUSTE CONCLUIDO,B,True,valido_automatico
SMP-001953,REINSPECAO REPROVADA,B,False,recusar_automatico
SMP-009494,EM AJUSTE,B,False,valido_automatico
SMP-009430,APROVADO PARCIAL,B,True,valido_automatico
SMP-001207,CANCELADO,A,False,recusar_automatico
SMP-005741,EM ANALISE,B,False,revisar
SMP-002116,CANCELADO,B,True,recusar_automatico
SMP-000454,CANCELADO,A,False,recusar_automatico
SMP-009207,APROVADO PARCIAL,A,False,valido_automatico
SMP-007920,EM ANALISE,C,True,revisar
SMP-010536,PENDENTE,B,True,valido_automatico
SMP-007083,EM ANALISE,C,False,revisar
SMP-001751,REINSPECAO REPROVADA,B,True,recusar_automatico
SMP-009746,AJUSTE CONCLUIDO,B,False,valido_automatico
SMP-005980,REINSPECAO REPROVADA,B,False,revisar
SMP-001568,AJUSTE REPROVADO,B,False,recusar_automatico
SMP-000115,REINSPECAO REPROVADA,A,False,recusar_automatico
SMP-007542,ESPECIFICAÇÃO EM REVISÃO,C,False,revisar
SMP-011376,APROVADO PARCIAL,C,False,valido_automatico
SMP-008195,EM AJUSTE,A,False,valido_automatico
SMP-005608,ESPECIFICAÇÃO EM REVISÃO,B,True,revisar
SMP-008709,APROVADO PARCIAL,A,True,valido_automatico
SMP-004390,PENDENTE,A,False,revisar
SMP-001237,FORA DE ESPECIFICACAO,A,False,recusar_automatico
SMP-007954,ESPECIFICAÇÃO EM REVISÃO,C,False,revisar
SMP-006576,APROVADO PARCIAL,B,False,revisar
SMP-009523,EM AJUSTE,B,False,valido_automatico
SMP-003754,CANCELADO,C,False,recusar_automatico
SMP-009917,APROVADO PARCIAL,B,False,valido_automatico
SMP-007298,AGUARDANDO REINSPEÇÃO,C,True,revisar
SMP-011893,PENDENTE,C,True,valido_automatico
SMP-011736,APROVADO PARCIAL,C,False,valido_automatico
SMP-011345,AJUSTE CONCLUIDO,C,True,valido_automatico
SMP-000803,CANCELADO,A,False,recusar_automatico
SMP-006984,AGUARDANDO REINSPEÇÃO,C,False,revisar
SMP-009687,APROVADO PARCIAL,B,False,valido_automatico
SMP-008764,EM ANÁLISE,A,False,valido_automatico
SMP-006520,PENDENTE,B,False,revisar
SMP-003542,ESPECIFICAÇÃO EM REVISÃO,C,True,recusar_automatico
SMP-003898,AJUSTE REPROVADO,C,True,recusar_automatico
SMP-011560,APROVADO PARCIAL,C,False,valido_automatico
SMP-010115,APROVADO PARCIAL,B,True,valido_automatico
SMP-008318,APROVADO PARCIAL,A,False,valido_automatico
SMP-006103,PENDENTE,B,True,revisar
SMP-000220,REINSPECAO REPROVADA,A,False,recusar_automatico
SMP-009169,AJUSTE CONCLUIDO,A,False,valido_automatico
SMP-003091,CANCELADO,C,False,recusar_automatico
SMP-008895,AJUSTE CONCLUIDO,A,False,valido_automatico
SMP-004790,ESPECIFICAÇÃO EM REVISÃO,A,False,revisar
SMP-005598,PENDENTE,B,False,revisar
SMP-008759,PENDENTE,A,True,valido_automatico
SMP-007886,AGUARDANDO REINSPEÇÃO,C,False,revisar
SMP-000908,REINSPECAO REPROVADA,A,True,recusar_automatico
SMP-006525,AGUARDANDO REINSPEÇÃO,B,False,revisar
SMP-003766,AJUSTE REPROVADO,C,True,recusar_automatico
SMP-000833,CANCELADO,A,False,recusar_automatico
SMP-010432,AJUSTE CONCLUIDO,B,False,valido_automatico
SMP-004519,AGUARDANDO REINSPEÇÃO,A,False,revisar
SMP-004143,AJUSTE REPROVADO,A,False,revisar
SMP-007329,EM ANALISE,C,True,revisar
SMP-006648,AGUARDANDO REINSPEÇÃO,B,False,revisar
SMP-002804,REINSPECAO REPROVADA,C,True,recusar_automatico
SMP-005825,PENDENTE,B,True,revisar
SMP-010171,PENDENTE,B,False,valido_automatico
SMP-000294,REINSPECAO REPROVADA,A,False,recusar_automatico
SMP-011052,AJUSTE CONCLUIDO,C,True,valido_automatico
SMP-007643,AGUARDANDO REINSPEÇÃO,C,True,revisar
SMP-002157,FORA DE ESPECIFICACAO,B,False,recusar_automatico
SMP-009599,EM AJUSTE,B,False,valido_automatico
SMP-011225,AJUSTE CONCLUIDO,C,True,valido_automatico
SMP-004409,AGUARDANDO REINSPEÇÃO,A,False,revisar
SMP-000911,AJUSTE REPROVADO,A,False,recusar_automatico
SMP-001117,REINSPECAO REPROVADA,A,False,recusar_automatico
SMP-002253,REINSPECAO REPROVADA,B,True,recusar_automatico
SMP-008164,APROVADO PARCIAL,A,False,valido_automatico
SMP-008681,AGUARDANDO REINSPEÇÃO,A,False,valido_automatico
SMP-004513,PENDENTE,A,False,revisar
SMP-006527,APROVADO PARCIAL,B,True,revisar
SMP-001095,AJUSTE REPROVADO,A,False,recusar_automatico
SMP-004450,AGUARDANDO REINSPEÇÃO,A,True,revisar
SMP-011333,EM ANÁLISE,C,False,valido_automatico
SMP-011687,AJUSTE CONCLUIDO,C,False,valido_automatico
SMP-005913,AGUARDANDO REINSPEÇÃO,B,False,revisar
SMP-008014,EM ANÁLISE,A,False,valido_automatico
SMP-001348,AJUSTE REPROVADO,B,True,recusar_automatico
SMP-010540,EM ANÁLISE,B,True,valido_automatico
SMP-002609,AJUSTE REPROVADO,B,False,recusar_automatico
SMP-002411,CANCELADO,B,True,recusar_automatico
SMP-000348,REINSPECAO REPROVADA,A,False,recusar_automatico
SMP-002459,REINSPECAO REPROVADA,B,True,recusar_automatico
SMP-001300,AJUSTE REPROVADO,A,True,recusar_automatico
SMP-005546,AJUSTE REPROVADO,B,False,revisar
SMP-005116,AJUSTE CONCLUIDO,A,False,revisar
SMP-007990,EM ANALISE,C,False,revisar
SMP-008636,AJUSTE CONCLUIDO,A,False,valido_automatico
SMP-002930,CANCELADO,C,True,recusar_automatico
SMP-000678,FORA DE ESPECIFICACAO,A,True,recusar_automatico
SMP-001288,REINSPECAO REPROVADA,A,True,recusar_automatico
SMP-010841,APROVADO PARCIAL,C,True,valido_automatico
SMP-000318,CANCELADO,A,False,recusar_automatico
SMP-000074,CANCELADO,A,True,recusar_automatico
SMP-007717,AGUARDANDO REINSPEÇÃO,C,False,revisar
SMP-000109,AJUSTE REPROVADO,A,False,recusar_automatico
SMP-009593,APROVADO PARCIAL,B,False,valido_automatico
SMP-008879,APROVADO PARCIAL,A,False,valido_automatico
SMP-002995,FORA DE ESPECIFICACAO,C,True,recusar_automatico
SMP-003190,AJUSTE REPROVADO,C,False,recusar_automatico
SMP-003842,FORA DE ESPECIFICACAO,C,True,recusar_automatico
SMP-000137,EM AJUSTE,A,False,recusar_automatico
SMP-010081,AJUSTE CONCLUIDO,B,True,valido_automatico
SMP-001882,REINSPECAO REPROVADA,B,False,recusar_automatico
SMP-010221,APROVADO PARCIAL,B,False,valido_automatico
SMP-009064,AJUSTE CONCLUIDO,A,False,valido_automatico
SMP-006428,ESPECIFICAÇÃO EM REVISÃO,B,True,revisar
SMP-011596,AJUSTE CONCLUIDO,C,False,valido_automatico
SMP-001854,AJUSTE REPROVADO,B,True,recusar_automatico
SMP-002846,CANCELADO,C,True,recusar_automatico
SMP-006697,AGUARDANDO REINSPEÇÃO,C,False,revisar
SMP-005936,EM AJUSTE,B,True,revisar
SMP-005075,EM ANALISE,A,True,revisar
SMP-002581,PENDENTE,B,False,recusar_automatico
SMP-009729,APROVADO PARCIAL,B,False,valido_automatico
SMP-001250,PENDENTE,A,False,recusar_automatico
SMP-003326,FORA DE ESPECIFICACAO,C,True,recusar_automatico
SMP-008144,AJUSTE CONCLUIDO,A,True,valido_automatico
SMP-009208,APROVADO PARCIAL,A,True,valido_automatico
SMP-002613,AJUSTE REPROVADO,B,True,recusar_automatico
SMP-011752,APROVADO PARCIAL,C,True,valido_automatico
SMP-008594,APROVADO PARCIAL,A,True,valido_automatico
SMP-007733,CANCELADO,C,True,revisar
SMP-008847,APROVADO PARCIAL,A,True,valido_automatico
SMP-002159,REINSPECAO REPROVADA,B,False,recusar_automatico
SMP-009312,EM AJUSTE,A,False,valido_automatico
SMP-006795,PENDENTE,C,False,revisar
SMP-009444,APROVADO PARCIAL,B,False,valido_automatico
SMP-005342,EM ANALISE,B,False,revisar
SMP-001525,CANCELADO,B,False,recusar_automatico
SMP-011715,AJUSTE CONCLUIDO,C,False,valido_automatico
SMP-007874,EM ANALISE,C,False,revisar
SMP-001232,FORA DE ESPECIFICACAO,A,True,recusar_automatico
SMP-010973,AJUSTE REPROVADO,C,True,valido_automatico
SMP-002005,AJUSTE REPROVADO,B,True,recusar_automatico
SMP-002766,CANCELADO,C,True,recusar_automatico
SMP-009179,APROVADO PARCIAL,A,True,valido_automatico
SMP-003747,AJUSTE REPROVADO,C,True,recusar_automatico
SMP-000689,CANCELADO,A,False,recusar_automatico
SMP-010539,APROVADO PARCIAL,B,False,valido_automatico
SMP-000450,EM ANALISE,A,True,recusar_automatico
SMP-006503,EM ANALISE,B,False,revisar
SMP-008919,AJUSTE REPROVADO,A,True,valido_automatico
SMP-007318,PENDENTE,C,False,revisar
SMP-008685,APROVADO PARCIAL,A,False,valido_automatico
SMP-009022,AJUSTE CONCLUIDO,A,False,valido_automatico
SMP-011496,AJUSTE CONCLUIDO,C,True,valido_automatico
SMP-010066,AJUSTE REPROVADO,B,True,valido_automatico
SMP-000490,AJUSTE REPROVADO,A,True,recusar_automatico
SMP-009800,APROVADO PARCIAL,B,True,valido_automatico
SMP-009672,AJUSTE CONCLUIDO,B,True,valido_automatico
SMP-002163,REINSPECAO REPROVADA,B,False,recusar_automatico
SMP-004960,AGUARDANDO REINSPEÇÃO,A,False,revisar
SMP-009979,AJUSTE CONCLUIDO,B,True,valido_automatico
SMP-009607,AJUSTE CONCLUIDO,B,False,valido_automatico
SMP-004057,EM ANALISE,A,True,revisar
SMP-005309,ESPECIFICAÇÃO EM REVISÃO,A,False,revisar
SMP-011577,APROVADO PARCIAL,C,True,valido_automatico
SMP-010013,APROVADO PARCIAL,B,True,valido_automatico
SMP-002346,CANCELADO,B,False,recusar_automatico
SMP-005096,PENDENTE,A,True,revisar
SMP-011982,APROVADO PARCIAL,C,True,valido_automatico
SMP-009372,APROVADO PARCIAL,B,True,valido_automatico
SMP-011305,APROVADO PARCIAL,C,True,valido_automatico
SMP-004194,AGUARDANDO REINSPEÇÃO,A,False,revisar
SMP-000161,AGUARDANDO REINSPEÇÃO,A,False,recusar_automatico
SMP-008525,AJUSTE CONCLUIDO,A,True,valido_automatico
SMP-001908,CANCELADO,B,True,recusar_automatico
SMP-001748,CANCELADO,B,True,recusar_automatico
SMP-004021,AGUARDANDO REINSPEÇÃO,A,False,revisar
SMP-005582,REINSPECAO REPROVADA,B,False,revisar
SMP-011151,APROVADO PARCIAL,C,True,valido_automatico
SMP-008712,PENDENTE,A,True,valido_automatico
SMP-004707,ESPECIFICAÇÃO EM REVISÃO,A,True,revisar
SMP-009851,APROVADO PARCIAL,B,True,valido_automatico
SMP-009105,APROVADO PARCIAL,A,True,valido_automatico
SMP-011871,APROVADO PARCIAL,C,False,valido_automatico
SMP-004159,EM ANALISE,A,True,revisar
SMP-004341,ESPECIFICAÇÃO EM REVISÃO,A,True,revisar
SMP-006268,EM ANALISE,B,False,revisar
SMP-000541,AJUSTE REPROVADO,A,False,recusar_automatico
SMP-000796,FORA DE ESPECIFICACAO,A,True,recusar_automatico
SMP-007904,EM ANALISE,C,True,revisar
SMP-003973,EM AJUSTE,C,False,recusar_automatico
SMP-005631,AGUARDANDO REINSPEÇÃO,B,True,revisar
SMP-008288,EM AJUSTE,A,True,valido_automatico
SMP-002238,CANCELADO,B,False,recusar_automatico
SMP-001481,REINSPECAO REPROVADA,B,True,recusar_automatico
SMP-005006,APROVADO PARCIAL,A,True,revisar
SMP-009397,APROVADO PARCIAL,B,False,valido_automatico
SMP-010788,EM AJUSTE,C,True,valido_automatico
SMP-006420,AGUARDANDO REINSPEÇÃO,B,False,revisar
SMP-008810,APROVADO PARCIAL,A,False,valido_automatico
SMP-007171,ESPECIFICAÇÃO EM REVISÃO,C,True,revisar
SMP-005588,EM AJUSTE,B,True,revisar
SMP-003125,FORA DE ESPECIFICACAO,C,True,recusar_automatico
SMP-002139,FORA DE ESPECIFICACAO,B,False,recusar_automatico
SMP-005633,AGUARDANDO REINSPEÇÃO,B,True,revisar
SMP-006535,PENDENTE,B,False,revisar
SMP-000038,PENDENTE,A,True,recusar_automatico
SMP-003713,CANCELADO,C,False,recusar_automatico
SMP-004237,EM ANALISE,A,True,revisar
SMP-006191,ESPECIFICAÇÃO EM REVISÃO,B,True,revisar
SMP-011587,APROVADO PARCIAL,C,False,valido_automatico
SMP-006573,AGUARDANDO REINSPEÇÃO,B,False,revisar
SMP-010666,ESPECIFICAÇÃO EM REVISÃO,B,False,valido_automatico
SMP-006211,ESPECIFICAÇÃO EM REVISÃO,B,True,revisar
SMP-010717,APROVADO PARCIAL,C,True,valido_automatico
SMP-004133,AGUARDANDO REINSPEÇÃO,A,True,revisar
SMP-003765,CANCELADO,C,True,recusar_automatico
SMP-003534,AJUSTE REPROVADO,C,False,recusar_automatico
SMP-002345,CANCELADO,B,True,recusar_automatico
SMP-000851,FORA DE ESPECIFICACAO,A,False,recusar_automatico
SMP-011042,ESPECIFICAÇÃO EM REVISÃO,C,True,valido_automatico
SMP-011398,APROVADO PARCIAL,C,False,valido_automatico
SMP-009315,AJUSTE CONCLUIDO,A,False,valido_automatico
SMP-002687,CANCELADO,C,True,recusar_automatico
SMP-003305,CANCELADO,C,False,recusar_automatico
SMP-004710,PENDENTE,A,False,revisar
SMP-002752,FORA DE ESPECIFICACAO,C,False,recusar_automatico
SMP-008842,AJUSTE CONCLUIDO,A,False,valido_automatico
SMP-006667,PENDENTE,B,True,revisar
SMP-011892,APROVADO PARCIAL,C,True,valido_automatico
SMP-003071,AJUSTE REPROVADO,C,False,recusar_automatico
SMP-002825,FORA DE ESPECIFICACAO,C,True,recusar_automatico
SMP-006873,PENDENTE,C,False,revisar
SMP-009076,APROVADO PARCIAL,A,False,valido_automatico
SMP-010814,AJUSTE CONCLUIDO,C,False,valido_automatico
SMP-002019,CANCELADO,B,False,recusar_automatico
SMP-005859,EM ANALISE,B,False,revisar
SMP-003906,FORA DE ESPECIFICACAO,C,False,recusar_automatico
SMP-007173,PENDENTE,C,False,revisar
SMP-000904,CANCELADO,A,True,recusar_automatico
SMP-001400,CANCELADO,B,True,recusar_automatico
SMP-011239,APROVADO PARCIAL,C,True,valido_automatico
SMP-009735,AGUARDANDO REINSPEÇÃO,B,True,valido_automatico
SMP-010333,EM AJUSTE,B,False,valido_automatico
SMP-009197,AJUSTE CONCLUIDO,A,True,valido_automatico
SMP-008143,APROVADO PARCIAL,A,False,valido_automatico
SMP-003651,FORA DE ESPECIFICACAO,C,False,recusar_automatico
SMP-006165,EM AJUSTE,B,False,revisar
SMP-002365,CANCELADO,B,False,recusar_automatico
SMP-010023,EM ANÁLISE,B,True,valido_automatico
SMP-003361,CANCELADO,C,True,recusar_automatico
SMP-000670,FORA DE ESPECIFICACAO,A,False,recusar_automatico
SMP-007675,EM AJUSTE,C,False,revisar
SMP-011479,AJUSTE CONCLUIDO,C,False,valido_automatico
SMP-007194,PENDENTE,C,True,revisar
SMP-007475,PENDENTE,C,False,revisar
SMP-011879,APROVADO PARCIAL,C,False,valido_automatico
SMP-007256,PENDENTE,C,True,revisar
SMP-000554,REINSPECAO REPROVADA,A,True,recusar_automatico
SMP-007805,EM ANALISE,C,True,revisar
SMP-008977,APROVADO PARCIAL,A,False,valido_automatico
SMP-006714,AGUARDANDO REINSPEÇÃO,C,False,revisar
SMP-002167,AJUSTE REPROVADO,B,False,recusar_automatico
SMP-008510,APROVADO PARCIAL,A,True,valido_automatico
SMP-003580,FORA DE ESPECIFICACAO,C,True,recusar_automatico
SMP-001109,CANCELADO,A,True,recusar_automatico
SMP-006681,EM ANALISE,C,True,revisar
SMP-002982,CANCELADO,C,False,recusar_automatico
SMP-006209,PENDENTE,B,False,revisar
SMP-011128,APROVADO PARCIAL,C,True,valido_automatico
SMP-000187,AJUSTE REPROVADO,A,True,recusar_automatico
SMP-009946,APROVADO PARCIAL,B,False,valido_automatico
SMP-005716,ESPECIFICAÇÃO EM REVISÃO,B,False,revisar
SMP-008658,AJUSTE CONCLUIDO,A,True,valido_automatico
SMP-006230,EM ANALISE,B,False,revisar
SMP-004225,EM ANALISE,A,False,revisar
SMP-008315,EM AJUSTE,A,True,valido_automatico
SMP-000171,CANCELADO,A,True,recusar_automatico
SMP-003330,CANCELADO,C,True,recusar_automatico
SMP-000406,AJUSTE REPROVADO,A,False,recusar_automatico
SMP-004397,ESPECIFICAÇÃO EM REVISÃO,A,True,revisar
SMP-005536,AJUSTE CONCLUIDO,B,True,revisar
SMP-008306,AJUSTE CONCLUIDO,A,False,valido_automatico
SMP-004851,EM ANALISE,A,True,revisar
SMP-003443,AJUSTE REPROVADO,C,False,recusar_automatico
SMP-006348,PENDENTE,B,True,revisar
SMP-009580,APROVADO PARCIAL,B,True,valido_automatico
SMP-002486,REINSPECAO REPROVADA,B,True,recusar_automatico
SMP-007470,EM ANALISE,C,True,revisar
SMP-010238,EM ANÁLISE,B,False,valido_automatico
SMP-002456,AJUSTE REPROVADO,B,False,recusar_automatico
SMP-007559,EM ANALISE,C,False,revisar
SMP-005594,ESPECIFICAÇÃO EM REVISÃO,B,False,revisar
SMP-006854,AGUARDANDO REINSPEÇÃO,C,False,revisar
SMP-005753,AGUARDANDO REINSPEÇÃO,B,False,revisar
SMP-004751,PENDENTE,A,False,revisar
SMP-005932,AGUARDANDO REINSPEÇÃO,B,True,revisar
SMP-007366,EM ANALISE,C,False,revisar
SMP-005025,CANCELADO,A,False,revisar
SMP-010274,AJUSTE CONCLUIDO,B,True,valido_automatico
SMP-007745,PENDENTE,C,False,revisar
SMP-007932,ESPECIFICAÇÃO EM REVISÃO,C,False,revisar
SMP-000840,CANCELADO,A,True,recusar_automatico
SMP-001762,REINSPECAO REPROVADA,B,True,recusar_automatico
SMP-001724,AJUSTE REPROVADO,B,False,recusar_automatico
SMP-001923,CANCELADO,B,True,recusar_automatico
SMP-006776,ESPECIFICAÇÃO EM REVISÃO,C,False,revisar
SMP-007821,EM ANALISE,C,False,revisar
SMP-011542,AGUARDANDO REINSPEÇÃO,C,False,valido_automatico
SMP-005897,AGUARDANDO REINSPEÇÃO,B,False,revisar
SMP-007455,AGUARDANDO REINSPEÇÃO,C,True,revisar
SMP-010889,APROVADO PARCIAL,C,True,valido_automatico
SMP-011801,PENDENTE,C,True,valido_automatico
SMP-002658,AJUSTE REPROVADO,B,True,recusar_automatico
SMP-004744,AGUARDANDO REINSPEÇÃO,A,False,revisar
SMP-009401,EM AJUSTE,B,True,valido_automatico
SMP-000321,REINSPECAO REPROVADA,A,True,recusar_automatico
SMP-006341,PENDENTE,B,True,revisar
SMP-005644,AGUARDANDO REINSPEÇÃO,B,True,revisar
SMP-001520,CANCELADO,B,False,recusar_automatico
SMP-008871,AJUSTE CONCLUIDO,A,False,valido_automatico
SMP-001919,CANCELADO,B,False,recusar_automatico
SMP-003559,REINSPECAO REPROVADA,C,False,recusar_automatico
SMP-007190,PENDENTE,C,True,revisar
SMP-004973,AJUSTE CONCLUIDO,A,False,revisar
SMP-000708,REINSPECAO REPROVADA,A,True,recusar_automatico
SMP-008739,EM AJUSTE,A,True,valido_automatico
SMP-004603,AJUSTE REPROVADO,A,False,revisar
SMP-010865,AJUSTE CONCLUIDO,C,False,valido_automatico
SMP-004952,PENDENTE,A,True,revisar
SMP-000006,CANCELADO,A,True,recusar_automatico
SMP-011543,AGUARDANDO REINSPEÇÃO,C,False,valido_automatico
SMP-005576,ESPECIFICAÇÃO EM REVISÃO,B,False,revisar
SMP-004326,PENDENTE,A,False,revisar
SMP-008190,APROVADO PARCIAL,A,True,valido_automatico
SMP-005462,AJUSTE REPROVADO,B,True,revisar
SMP-011744,AJUSTE CONCLUIDO,C,False,valido_automatico
SMP-006885,PENDENTE,C,True,revisar
SMP-004329,APROVADO PARCIAL,A,True,revisar
SMP-002901,ESPECIFICAÇÃO EM REVISÃO,C,False,recusar_automatico
SMP-003700,REINSPECAO REPROVADA,C,True,recusar_automatico
SMP-003730,AGUARDANDO REINSPEÇÃO,C,False,recusar_automatico
SMP-000731,EM AJUSTE,A,False,recusar_automatico
SMP-011887,APROVADO PARCIAL,C,False,valido_automatico
SMP-007741,ESPECIFICAÇÃO EM REVISÃO,C,False,revisar
SMP-001312,CANCELADO,A,False,recusar_automatico
SMP-003821,EM ANALISE,C,True,recusar_automatico
SMP-007456,AGUARDANDO REINSPEÇÃO,C,False,revisar
SMP-005319,ESPECIFICAÇÃO EM REVISÃO,A,False,revisar
SMP-005082,PENDENTE,A,True,revisar
SMP-003678,AJUSTE REPROVADO,C,False,recusar_automatico
SMP-004585,EM ANALISE,A,False,revisar
SMP-006354,ESPECIFICAÇÃO EM REVISÃO,B,True,revisar
SMP-000154,REINSPECAO REPROVADA,A,True,recusar_automatico
SMP-000994,CANCELADO,A,True,recusar_automatico
SMP-007137,ESPECIFICAÇÃO EM REVISÃO,C,False,revisar
SMP-011184,EM AJUSTE,C,False,valido_automatico
SMP-007496,AGUARDANDO REINSPEÇÃO,C,True,revisar
SMP-006615,ESPECIFICAÇÃO EM REVISÃO,B,False,revisar
SMP-011551,AJUSTE CONCLUIDO,C,True,valido_automatico
SMP-009132,APROVADO PARCIAL,A,True,valido_automatico
SMP-001890,ESPECIFICAÇÃO EM REVISÃO,B,False,recusar_automatico
SMP-004242,ESPECIFICAÇÃO EM REVISÃO,A,True,revisar
SMP-009421,APROVADO PARCIAL,B,False,valido_automatico
SMP-010403,AJUSTE CONCLUIDO,B,False,valido_automatico
SMP-011385,AJUSTE CONCLUIDO,C,True,valido_automatico
SMP-003917,FORA DE ESPECIFICACAO,C,False,recusar_automatico
SMP-003422,AJUSTE REPROVADO,C,True,recusar_automatico
SMP-005256,EM AJUSTE,A,True,revisar
SMP-009098,AJUSTE CONCLUIDO,A,False,valido_automatico
SMP-003799,AJUSTE REPROVADO,C,True,recusar_automatico
SMP-008862,EM AJUSTE,A,True,valido_automatico
SMP-010522,APROVADO PARCIAL,B,False,valido_automatico
SMP-010875,APROVADO PARCIAL,C,False,valido_automatico
SMP-001528,FORA DE ESPECIFICACAO,B,False,recusar_automatico
SMP-005407,ESPECIFICAÇÃO EM REVISÃO,B,True,revisar
SMP-000079,CANCELADO,A,False,recusar_automatico
SMP-009524,PENDENTE,B,True,valido_automatico
SMP-004156,PENDENTE,A,False,revisar
SMP-002123,REINSPECAO REPROVADA,B,True,recusar_automatico
SMP-001208,CANCELADO,A,False,recusar_automatico
SMP-004972,PENDENTE,A,False,revisar
SMP-000934,CANCELADO,A,True,recusar_automatico
SMP-007404,EM ANALISE,C,True,revisar
SMP-010501,APROVADO PARCIAL,B,False,valido_automatico
SMP-006731,AGUARDANDO REINSPEÇÃO,C,False,revisar
SMP-009641,APROVADO PARCIAL,B,True,valido_automatico
SMP-000536,CANCELADO,A,False,recusar_automatico
SMP-003150,AJUSTE REPROVADO,C,False,recusar_automatico
SMP-000440,REINSPECAO REPROVADA,A,True,recusar_automatico
SMP-007962,PENDENTE,C,True,revisar
SMP-001335,FORA DE ESPECIFICACAO,B,False,recusar_automatico
SMP-008077,AJUSTE CONCLUIDO,A,False,valido_automatico
SMP-008074,APROVADO PARCIAL,A,True,valido_automatico
SMP-011876,AJUSTE CONCLUIDO,C,False,valido_automatico
SMP-010502,AGUARDANDO REINSPEÇÃO,B,True,valido_automatico
SMP-005553,EM ANALISE,B,True,revisar
SMP-010194,APROVADO PARCIAL,B,False,valido_automatico
SMP-000196,REINSPECAO REPROVADA,A,True,recusar_automatico
SMP-009278,AJUSTE CONCLUIDO,A,False,valido_automatico
SMP-007901,AGUARDANDO REINSPEÇÃO,C,True,revisar
SMP-008409,EM ANÁLISE,A,False,valido_automatico
SMP-006024,AGUARDANDO REINSPEÇÃO,B,False,revisar
SMP-010813,AJUSTE CONCLUIDO,C,False,valido_automatico
SMP-011491,PENDENTE,C,True,valido_automatico
SMP-003104,REINSPECAO REPROVADA,C,True,recusar_automatico
SMP-011268,APROVADO PARCIAL,C,True,valido_automatico
SMP-008898,AJUSTE CONCLUIDO,A,False,valido_automatico
SMP-010731,APROVADO PARCIAL,C,False,valido_automatico
SMP-001449,CANCELADO,B,False,recusar_automatico
SMP-000772,REINSPECAO REPROVADA,A,False,recusar_automatico
SMP-004985,PENDENTE,A,True,revisar
SMP-001336,CANCELADO,B,True,recusar_automatico
SMP-002670,FORA DE ESPECIFICACAO,C,True,recusar_automatico
SMP-000426,REINSPECAO REPROVADA,A,True,recusar_automatico
SMP-011686,APROVADO PARCIAL,C,True,valido_automatico
SMP-010423,AJUSTE CONCLUIDO,B,False,valido_automatico
SMP-003567,FORA DE ESPECIFICACAO,C,True,recusar_automatico
SMP-011452,AJUSTE CONCLUIDO,C,False,valido_automatico
SMP-004157,PENDENTE,A,False,revisar
SMP-005539,ESPECIFICAÇÃO EM REVISÃO,B,True,revisar
SMP-005104,AGUARDANDO REINSPEÇÃO,A,True,revisar
SMP-010665,APROVADO PARCIAL,B,False,valido_automatico
SMP-001384,AJUSTE REPROVADO,B,True,recusar_automatico
SMP-005346,PENDENTE,B,True,revisar
SMP-003921,FORA DE ESPECIFICACAO,C,True,recusar_automatico
SMP-011331,EM AJUSTE,C,True,valido_automatico
SMP-005933,ESPECIFICAÇÃO EM REVISÃO,B,False,revisar
SMP-006689,EM AJUSTE,C,True,revisar
SMP-000070,CANCELADO,A,True,recusar_automatico
SMP-001355,CANCELADO,B,True,recusar_automatico
SMP-011158,APROVADO PARCIAL,C,True,valido_automatico
SMP-010655,AGUARDANDO REINSPEÇÃO,B,True,valido_automatico
SMP-011262,AJUSTE CONCLUIDO,C,True,valido_automatico
SMP-003782,AJUSTE REPROVADO,C,True,recusar_automatico
SMP-008934,APROVADO PARCIAL,A,True,valido_automatico
SMP-006031,PENDENTE,B,False,revisar
SMP-003261,AJUSTE REPROVADO,C,True,recusar_automatico
SMP-003800,REINSPECAO REPROVADA,C,False,recusar_automatico
SMP-002320,AJUSTE REPROVADO,B,True,recusar_automatico
SMP-000172,AJUSTE REPROVADO,A,False,recusar_automatico
SMP-008428,PENDENTE,A,False,valido_automatico
SMP-004528,AGUARDANDO REINSPEÇÃO,A,True,revisar
SMP-006011,EM AJUSTE,B,True,revisar
SMP-007463,ESPECIFICAÇÃO EM REVISÃO,C,False,revisar
SMP-008357,APROVADO PARCIAL,A,False,valido_automatico
SMP-010443,AJUSTE CONCLUIDO,B,False,valido_automatico
SMP-000411,CANCELADO,A,False,recusar_automatico
SMP-009362,AJUSTE CONCLUIDO,B,False,valido_automatico
SMP-011035,AJUSTE CONCLUIDO,C,False,valido_automatico
SMP-001853,AJUSTE REPROVADO,B,False,recusar_automatico
SMP-002855,CANCELADO,C,True,recusar_automatico
SMP-002304,CANCELADO,B,False,recusar_automatico
SMP-000057,CANCELADO,A,False,recusar_automatico
SMP-006579,APROVADO PARCIAL,B,True,revisar
SMP-002816,REINSPECAO REPROVADA,C,True,recusar_automatico
SMP-005586,PENDENTE,B,True,revisar
SMP-002270,REINSPECAO REPROVADA,B,False,recusar_automatico
SMP-006521,AGUARDANDO REINSPEÇÃO,B,False,revisar
SMP-004080,ESPECIFICAÇÃO EM REVISÃO,A,True,revisar
SMP-001098,CANCELADO,A,False,recusar_automatico
SMP-004041,CANCELADO,A,False,revisar
SMP-005442,EM ANALISE,B,False,revisar
SMP-001932,REINSPECAO REPROVADA,B,False,recusar_automatico
SMP-002870,CANCELADO,C,False,recusar_automatico
SMP-004543,PENDENTE,A,False,revisar
SMP-009798,APROVADO PARCIAL,B,False,valido_automatico
SMP-000177,REINSPECAO REPROVADA,A,False,recusar_automatico
SMP-007612,EM ANALISE,C,True,revisar
SMP-006411,AGUARDANDO REINSPEÇÃO,B,False,revisar
SMP-002330,FORA DE ESPECIFICACAO,B,True,recusar_automatico
SMP-008927,EM ANÁLISE,A,True,valido_automatico
SMP-006507,ESPECIFICAÇÃO EM REVISÃO,B,False,revisar
SMP-011001,APROVADO PARCIAL,C,True,valido_automatico
SMP-010352,APROVADO PARCIAL,B,True,valido_automatico
SMP-009403,AJUSTE CONCLUIDO,B,True,valido_automatico
SMP-009153,APROVADO PARCIAL,A,True,valido_automatico
SMP-006124,AGUARDANDO REINSPEÇÃO,B,False,revisar
SMP-001133,REINSPECAO REPROVADA,A,False,recusar_automatico
SMP-009050,APROVADO PARCIAL,A,False,valido_automatico
SMP-002022,FORA DE ESPECIFICACAO,B,True,recusar_automatico
SMP-000870,ESPECIFICAÇÃO EM REVISÃO,A,False,recusar_automatico
SMP-007384,ESPECIFICAÇÃO EM REVISÃO,C,False,revisar
SMP-001876,AJUSTE REPROVADO,B,True,recusar_automatico
SMP-009825,EM ANÁLISE,B,False,valido_automatico
SMP-002142,FORA DE ESPECIFICACAO,B,True,recusar_automatico
SMP-004889,EM ANALISE,A,True,revisar
SMP-003760,CANCELADO,C,True,recusar_automatico
SMP-000254,AJUSTE REPROVADO,A,True,recusar_automatico
SMP-007972,APROVADO PARCIAL,C,False,revisar
SMP-009250,AJUSTE CONCLUIDO,A,True,valido_automatico
SMP-000544,AJUSTE REPROVADO,A,True,recusar_automatico
SMP-009325,AJUSTE CONCLUIDO,A,True,valido_automatico
SMP-011942,AJUSTE CONCLUIDO,C,False,valido_automatico
SMP-006340,APROVADO PARCIAL,B,False,revisar
SMP-011397,APROVADO PARCIAL,C,False,valido_automatico
SMP-003780,AJUSTE REPROVADO,C,False,recusar_automatico
SMP-005291,ESPECIFICAÇÃO EM REVISÃO,A,False,revisar
SMP-000607,CANCELADO,A,False,recusar_automatico
SMP-009781,EM ANÁLISE,B,False,valido_automatico
SMP-001366,CANCELADO,B,True,recusar_automatico
SMP-001789,REINSPECAO REPROVADA,B,True,recusar_automatico
SMP-004891,AGUARDANDO REINSPEÇÃO,A,True,revisar
SMP-010663,APROVADO PARCIAL,B,True,valido_automatico
SMP-007036,AGUARDANDO REINSPEÇÃO,C,True,revisar
SMP-004206,ESPECIFICAÇÃO EM REVISÃO,A,False,revisar
SMP-006564,ESPECIFICAÇÃO EM REVISÃO,B,True,revisar
SMP-005383,AGUARDANDO REINSPEÇÃO,B,False,revisar
SMP-004873,PENDENTE,A,False,revisar
SMP-006343,AGUARDANDO REINSPEÇÃO,B,False,revisar
SMP-002652,AJUSTE REPROVADO,B,False,recusar_automatico
SMP-003706,FORA DE ESPECIFICACAO,C,True,recusar_automatico
SMP-010240,APROVADO PARCIAL,B,True,valido_automatico
SMP-003644,AJUSTE REPROVADO,C,True,recusar_automatico
SMP-009410,AJUSTE CONCLUIDO,B,True,valido_automatico
SMP-006389,EM ANALISE,B,True,revisar
SMP-011540,APROVADO PARCIAL,C,False,valido_automatico
SMP-010317,EM AJUSTE,B,True,valido_automatico
SMP-004912,PENDENTE,A,False,revisar
SMP-000809,FORA DE ESPECIFICACAO,A,False,recusar_automatico
SMP-009191,APROVADO PARCIAL,A,False,valido_automatico
SMP-006468,APROVADO PARCIAL,B,True,revisar
SMP-008457,PENDENTE,A,False,valido_automatico
SMP-008578,APROVADO PARCIAL,A,False,valido_automatico
SMP-008940,AJUSTE CONCLUIDO,A,False,valido_automatico
SMP-004620,EM ANALISE,A,True,revisar
SMP-000685,FORA DE ESPECIFICACAO,A,True,recusar_automatico
SMP-002414,CANCELADO,B,False,recusar_automatico
SMP-008176,AJUSTE CONCLUIDO,A,False,valido_automatico
SMP-010200,AJUSTE CONCLUIDO,B,True,valido_automatico
SMP-003040,FORA DE ESPECIFICACAO,C,True,recusar_automatico
SMP-006817,ESPECIFICAÇÃO EM REVISÃO,C,False,revisar
SMP-001077,AJUSTE REPROVADO,A,False,recusar_automatico
SMP-007910,EM ANALISE,C,True,revisar
SMP-006899,AGUARDANDO REINSPEÇÃO,C,False,revisar
SMP-009490,APROVADO PARCIAL,B,False,valido_automatico
SMP-000043,FORA DE ESPECIFICACAO,A,False,recusar_automatico
SMP-010951,APROVADO PARCIAL,C,True,valido_automatico
SMP-009541,APROVADO PARCIAL,B,True,valido_automatico
SMP-006181,PENDENTE,B,True,revisar
SMP-007620,ESPECIFICAÇÃO EM REVISÃO,C,False,revisar
SMP-003887,CANCELADO,C,False,recusar_automatico
SMP-008905,AJUSTE CONCLUIDO,A,False,valido_automatico
SMP-001777,CANCELADO,B,True,recusar_automatico
SMP-007136,AGUARDANDO REINSPEÇÃO,C,True,revisar
SMP-007917,ESPECIFICAÇÃO EM REVISÃO,C,True,revisar
SMP-006911,EM ANALISE,C,True,revisar
SMP-000174,AJUSTE REPROVADO,A,True,recusar_automatico
SMP-009389,EM ANÁLISE,B,True,valido_automatico
SMP-000758,CANCELADO,A,True,recusar_automatico
SMP-007912,PENDENTE,C,True,revisar
SMP-007680,EM AJUSTE,C,True,revisar
SMP-010038,AJUSTE CONCLUIDO,B,False,valido_automatico
SMP-006470,ESPECIFICAÇÃO EM REVISÃO,B,True,revisar
SMP-007892,ESPECIFICAÇÃO EM REVISÃO,C,True,revisar
SMP-008326,AJUSTE CONCLUIDO,A,True,valido_automatico
SMP-010094,AJUSTE CONCLUIDO,B,True,valido_automatico
SMP-010458,EM ANÁLISE,B,True,valido_automatico
SMP-000188,EM AJUSTE,A,True,recusar_automatico
SMP-006377,AGUARDANDO REINSPEÇÃO,B,False,revisar
SMP-003393,CANCELADO,C,True,recusar_automatico
SMP-011679,APROVADO PARCIAL,C,False,valido_automatico
SMP-002769,FORA DE ESPECIFICACAO,C,True,recusar_automatico
SMP-007257,ESPECIFICAÇÃO EM REVISÃO,C,True,revisar
SMP-003025,REINSPECAO REPROVADA,C,True,recusar_automatico
SMP-001824,CANCELADO,B,True,recusar_automatico
SMP-001597,AJUSTE REPROVADO,B,False,recusar_automatico
SMP-000978,AJUSTE REPROVADO,A,False,recusar_automatico
SMP-004374,EM ANALISE,A,False,revisar
SMP-005303,AGUARDANDO REINSPEÇÃO,A,False,revisar
SMP-003981,REINSPECAO REPROVADA,C,False,recusar_automatico
SMP-003250,FORA DE ESPECIFICACAO,C,False,recusar_automatico
SMP-003995,AJUSTE REPROVADO,C,True,recusar_automatico
SMP-008557,AJUSTE CONCLUIDO,A,False,valido_automatico
SMP-004277,EM ANALISE,A,True,revisar
SMP-001221,AJUSTE REPROVADO,A,False,recusar_automatico
SMP-000458,FORA DE ESPECIFICACAO,A,False,recusar_automatico
SMP-002717,PENDENTE,C,True,recusar_automatico
SMP-011570,AJUSTE CONCLUIDO,C,True,valido_automatico
SMP-006259,AGUARDANDO REINSPEÇÃO,B,True,revisar
SMP-004263,EM ANALISE,A,False,revisar
SMP-001316,CANCELADO,A,True,recusar_automatico
SMP-008138,EM AJUSTE,A,False,valido_automatico
SMP-010166,AJUSTE CONCLUIDO,B,True,valido_automatico
SMP-010822,AJUSTE CONCLUIDO,C,True,valido_automatico
SMP-011598,AJUSTE CONCLUIDO,C,False,valido_automatico
SMP-004931,ESPECIFICAÇÃO EM REVISÃO,A,True,revisar
SMP-008405,EM ANÁLISE,A,True,valido_automatico
SMP-007027,AJUSTE CONCLUIDO,C,True,revisar
SMP-007284,ESPECIFICAÇÃO EM REVISÃO,C,False,revisar
SMP-003546,FORA DE ESPECIFICACAO,C,False,recusar_automatico
SMP-001643,AJUSTE REPROVADO,B,True,recusar_automatico
SMP-008846,APROVADO PARCIAL,A,False,valido_automatico
SMP-009055,EM AJUSTE,A,False,valido_automatico
SMP-003377,CANCELADO,C,True,recusar_automatico
SMP-000950,CANCELADO,A,True,recusar_automatico
SMP-002366,REINSPECAO REPROVADA,B,False,recusar_automatico
SMP-005540,EM ANALISE,B,True,revisar
SMP-000300,REINSPECAO REPROVADA,A,False,recusar_automatico
SMP-008376,APROVADO PARCIAL,A,False,valido_automatico
SMP-003074,FORA DE ESPECIFICACAO,C,True,recusar_automatico
SMP-007376,REINSPECAO REPROVADA,C,True,revisar
SMP-006260,PENDENTE,B,False,revisar
SMP-003504,FORA DE ESPECIFICACAO,C,False,recusar_automatico
SMP-009644,APROVADO PARCIAL,B,True,valido_automatico
SMP-011326,APROVADO PARCIAL,C,True,valido_automatico
SMP-008722,EM ANÁLISE,A,True,valido_automatico
SMP-001599,AJUSTE REPROVADO,B,True,recusar_automatico
SMP-008533,AJUSTE CONCLUIDO,A,True,valido_automatico
SMP-001793,AJUSTE REPROVADO,B,False,recusar_automatico
SMP-001252,REINSPECAO REPROVADA,A,True,recusar_automatico
SMP-004693,PENDENTE,A,False,revisar
SMP-011419,EM AJUSTE,C,True,valido_automatico
SMP-005195,EM ANALISE,A,False,revisar
SMP-006141,ESPECIFICAÇÃO EM REVISÃO,B,True,revisar
SMP-002964,CANCELADO,C,True,recusar_automatico
SMP-003519,CANCELADO,C,True,recusar_automatico
SMP-011523,EM AJUSTE,C,False,valido_automatico
SMP-011507,EM ANÁLISE,C,True,valido_automatico
SMP-004471,PENDENTE,A,True,revisar
SMP-004328,ESPECIFICAÇÃO EM REVISÃO,A,True,revisar
SMP-007398,PENDENTE,C,True,revisar
SMP-005218,ESPECIFICAÇÃO EM REVISÃO,A,False,revisar
SMP-006461,ESPECIFICAÇÃO EM REVISÃO,B,False,revisar
SMP-005016,PENDENTE,A,False,revisar
SMP-005459,CANCELADO,B,True,revisar
SMP-002405,REINSPECAO REPROVADA,B,True,recusar_automatico
SMP-009300,APROVADO PARCIAL,A,False,valido_automatico
SMP-008955,APROVADO PARCIAL,A,True,valido_automatico
SMP-008016,APROVADO PARCIAL,A,False,valido_automatico
SMP-001773,REINSPECAO REPROVADA,B,False,recusar_automatico
SMP-001354,FORA DE ESPECIFICACAO,B,False,recusar_automatico
SMP-006187,PENDENTE,B,False,revisar
SMP-002607,CANCELADO,B,False,recusar_automatico
SMP-005281,AGUARDANDO REINSPEÇÃO,A,False,revisar
SMP-002727,CANCELADO,C,False,recusar_automatico
SMP-004323,PENDENTE,A,True,revisar
SMP-011675,APROVADO PARCIAL,C,True,valido_automatico
SMP-002724,AJUSTE REPROVADO,C,True,recusar_automatico
SMP-003214,AJUSTE REPROVADO,C,False,recusar_automatico
SMP-002105,REINSPECAO REPROVADA,B,True,recusar_automatico
SMP-011832,APROVADO PARCIAL,C,True,valido_automatico
SMP-001450,REINSPECAO REPROVADA,B,False,recusar_automatico
SMP-001699,AJUSTE REPROVADO,B,True,recusar_automatico
SMP-009557,APROVADO PARCIAL,B,False,valido_automatico
SMP-007032,ESPECIFICAÇÃO EM REVISÃO,C,True,revisar
SMP-006396,PENDENTE,B,False,revisar
SMP-008571,AJUSTE CONCLUIDO,A,False,valido_automatico
SMP-008300,APROVADO PARCIAL,A,True,valido_automatico
SMP-002319,AJUSTE REPROVADO,B,True,recusar_automatico
SMP-001120,REINSPECAO REPROVADA,A,True,recusar_automatico
SMP-004333,ESPECIFICAÇÃO EM REVISÃO,A,False,revisar
SMP-007715,ESPECIFICAÇÃO EM REVISÃO,C,False,revisar
SMP-003888,AJUSTE REPROVADO,C,True,recusar_automatico
SMP-006801,AGUARDANDO REINSPEÇÃO,C,True,revisar
SMP-002974,REINSPECAO REPROVADA,C,False,recusar_automatico
SMP-005615,EM AJUSTE,B,True,revisar
SMP-011483,APROVADO PARCIAL,C,True,valido_automatico
SMP-008416,EM AJUSTE,A,False,valido_automatico
SMP-000413,AJUSTE REPROVADO,A,False,recusar_automatico
SMP-006388,EM ANALISE,B,False,revisar
SMP-002513,REINSPECAO REPROVADA,B,True,recusar_automatico
SMP-009187,EM AJUSTE,A,False,valido_automatico
SMP-005977,EM AJUSTE,B,False,revisar
SMP-007160,EM AJUSTE,C,True,revisar
SMP-005968,EM ANALISE,B,False,revisar
SMP-003741,CANCELADO,C,False,recusar_automatico
SMP-007476,ESPECIFICAÇÃO EM REVISÃO,C,False,revisar
SMP-000845,FORA DE ESPECIFICACAO,A,False,recusar_automatico
SMP-000181,CANCELADO,A,False,recusar_automatico
SMP-003212,CANCELADO,C,False,recusar_automatico
SMP-011203,AJUSTE CONCLUIDO,C,False,valido_automatico
SMP-008523,APROVADO PARCIAL,A,True,valido_automatico
SMP-004392,PENDENTE,A,True,revisar
SMP-001025,FORA DE ESPECIFICACAO,A,True,recusar_automatico
SMP-007236,AJUSTE CONCLUIDO,C,True,revisar
SMP-006784,ESPECIFICAÇÃO EM REVISÃO,C,False,revisar
SMP-009303,APROVADO PARCIAL,A,False,valido_automatico
SMP-007861,EM ANALISE,C,False,revisar
SMP-005139,AGUARDANDO REINSPEÇÃO,A,False,revisar
SMP-011810,AJUSTE CONCLUIDO,C,True,valido_automatico
SMP-006639,EM ANALISE,B,True,revisar
SMP-007082,ESPECIFICAÇÃO EM REVISÃO,C,False,revisar
SMP-003715,FORA DE ESPECIFICACAO,C,False,recusar_automatico
SMP-005076,CANCELADO,A,False,revisar
SMP-011347,APROVADO PARCIAL,C,True,valido_automatico
SMP-002703,FORA DE ESPECIFICACAO,C,True,recusar_automatico
SMP-005078,EM ANALISE,A,False,revisar
SMP-007670,AGUARDANDO REINSPEÇÃO,C,True,revisar
SMP-000773,CANCELADO,A,False,recusar_automatico
SMP-003106,AJUSTE REPROVADO,C,False,recusar_automatico
SMP-009848,APROVADO PARCIAL,B,True,valido_automatico
SMP-001220,AJUSTE REPROVADO,A,False,recusar_automatico
SMP-011105,AJUSTE CONCLUIDO,C,False,valido_automatico
SMP-003177,REINSPECAO REPROVADA,C,True,recusar_automatico
SMP-010895,AJUSTE CONCLUIDO,C,True,valido_automatico
SMP-005660,AGUARDANDO REINSPEÇÃO,B,True,revisar
SMP-011014,EM ANÁLISE,C,True,valido_automatico
SMP-011781,APROVADO PARCIAL,C,True,valido_automatico
SMP-001399,CANCELADO,B,False,recusar_automatico
SMP-004426,EM ANALISE,A,True,revisar
SMP-003513,CANCELADO,C,False,recusar_automatico
SMP-011185,APROVADO PARCIAL,C,False,valido_automatico
SMP-009771,APROVADO PARCIAL,B,True,valido_automatico
SMP-002177,AJUSTE REPROVADO,B,False,recusar_automatico
SMP-002099,ESPECIFICAÇÃO EM REVISÃO,B,False,recusar_automatico
SMP-007446,PENDENTE,C,False,revisar
SMP-000947,REINSPECAO REPROVADA,A,False,recusar_automatico
SMP-008013,APROVADO PARCIAL,A,False,valido_automatico
SMP-000746,REINSPECAO REPROVADA,A,False,recusar_automatico
SMP-006677,ESPECIFICAÇÃO EM REVISÃO,C,True,revisar
SMP-008638,EM AJUSTE,A,True,valido_automatico
SMP-005834,PENDENTE,B,True,revisar
SMP-006030,EM ANALISE,B,False,revisar
SMP-003935,AJUSTE REPROVADO,C,False,recusar_automatico
SMP-007976,AGUARDANDO REINSPEÇÃO,C,True,revisar
SMP-011609,EM ANÁLISE,C,False,valido_automatico
SMP-003244,CANCELADO,C,False,recusar_automatico
SMP-005783,EM ANALISE,B,False,revisar
SMP-004096,EM AJUSTE,A,True,revisar
SMP-006584,EM AJUSTE,B,True,revisar
SMP-011257,AJUSTE CONCLUIDO,C,False,valido_automatico
SMP-006951,ESPECIFICAÇÃO EM REVISÃO,C,False,revisar
SMP-009591,APROVADO PARCIAL,B,True,valido_automatico
SMP-009006,AJUSTE CONCLUIDO,A,False,valido_automatico
SMP-003873,AJUSTE REPROVADO,C,True,recusar_automatico
SMP-009475,AJUSTE CONCLUIDO,B,False,valido_automatico
SMP-005983,EM ANALISE,B,False,revisar
SMP-001800,CANCELADO,B,True,recusar_automatico
SMP-002558,AJUSTE REPROVADO,B,True,recusar_automatico
SMP-006519,EM AJUSTE,B,True,revisar
SMP-001604,FORA DE ESPECIFICACAO,B,True,recusar_automatico
SMP-005142,REINSPECAO REPROVADA,A,True,revisar
SMP-005122,EM ANALISE,A,False,revisar
SMP-008668,AJUSTE CONCLUIDO,A,False,valido_automatico
SMP-002918,CANCELADO,C,False,recusar_automatico
SMP-007086,PENDENTE,C,True,revisar
SMP-008897,PENDENTE,A,False,valido_automatico
SMP-008010,AJUSTE REPROVADO,A,True,valido_automatico
SMP-000548,REINSPECAO REPROVADA,A,False,recusar_automatico
SMP-009415,EM ANÁLISE,B,True,valido_automatico
SMP-004419,EM ANALISE,A,False,revisar
SMP-009385,EM ANÁLISE,B,False,valido_automatico
SMP-007537,APROVADO PARCIAL,C,True,revisar
SMP-006279,ESPECIFICAÇÃO EM REVISÃO,B,False,revisar
SMP-010439,APROVADO PARCIAL,B,True,valido_automatico
SMP-007182,EM ANALISE,C,False,revisar
SMP-001719,AJUSTE REPROVADO,B,True,recusar_automatico
SMP-000645,CANCELADO,A,False,recusar_automatico
SMP-000512,CANCELADO,A,True,recusar_automatico
SMP-005701,ESPECIFICAÇÃO EM REVISÃO,B,True,revisar
SMP-007539,PENDENTE,C,True,revisar
SMP-001276,CANCELADO,A,False,recusar_automatico
SMP-000317,AJUSTE REPROVADO,A,True,recusar_automatico
SMP-001652,AJUSTE REPROVADO,B,False,recusar_automatico
SMP-011463,APROVADO PARCIAL,C,False,valido_automatico
SMP-003129,REINSPECAO REPROVADA,C,False,recusar_automatico
SMP-000417,CANCELADO,A,False,recusar_automatico
SMP-007561,PENDENTE,C,False,revisar
SMP-002010,REINSPECAO REPROVADA,B,False,recusar_automatico
SMP-000608,CANCELADO,A,True,recusar_automatico
SMP-011737,AJUSTE CONCLUIDO,C,True,valido_automatico
SMP-006109,AJUSTE REPROVADO,B,True,revisar
SMP-004644,EM ANALISE,A,True,revisar
SMP-008181,APROVADO PARCIAL,A,True,valido_automatico
SMP-003552,AJUSTE REPROVADO,C,True,recusar_automatico
SMP-008491,EM ANÁLISE,A,False,valido_automatico
SMP-011888,AJUSTE CONCLUIDO,C,False,valido_automatico
SMP-005572,EM ANALISE,B,False,revisar
SMP-010412,EM AJUSTE,B,False,valido_automatico
SMP-005233,EM ANALISE,A,False,revisar
SMP-010452,APROVADO PARCIAL,B,True,valido_automatico
SMP-010169,APROVADO PARCIAL,B,False,valido_automatico
SMP-002040,AJUSTE REPROVADO,B,True,recusar_automatico
SMP-004766,PENDENTE,A,False,revisar
SMP-004024,CANCELADO,A,False,revisar
SMP-011829,AJUSTE CONCLUIDO,C,False,valido_automatico
SMP-009665,AJUSTE CONCLUIDO,B,True,valido_automatico
SMP-008073,APROVADO PARCIAL,A,True,valido_automatico
SMP-004170,ESPECIFICAÇÃO EM REVISÃO,A,True,revisar
SMP-001574,AJUSTE REPROVADO,B,False,recusar_automatico
SMP-007285,PENDENTE,C,True,revisar
SMP-009715,APROVADO PARCIAL,B,True,valido_automatico
SMP-006561,ESPECIFICAÇÃO EM REVISÃO,B,False,revisar
SMP-004123,PENDENTE,A,True,revisar
SMP-011723,APROVADO PARCIAL,C,True,valido_automatico
SMP-007619,PENDENTE,C,False,revisar
SMP-000299,AJUSTE REPROVADO,A,False,recusar_automatico
SMP-004925,ESPECIFICAÇÃO EM REVISÃO,A,False,revisar
SMP-000031,REINSPECAO REPROVADA,A,True,recusar_automatico
SMP-007276,AJUSTE CONCLUIDO,C,False,revisar
SMP-004948,ESPECIFICAÇÃO EM REVISÃO,A,False,revisar
SMP-003497,AJUSTE REPROVADO,C,True,recusar_automatico
SMP-003905,AJUSTE REPROVADO,C,True,recusar_automatico
SMP-010499,AJUSTE CONCLUIDO,B,True,valido_automatico
SMP-009824,APROVADO PARCIAL,B,False,valido_automatico
SMP-003169,CANCELADO,C,True,recusar_automatico
SMP-001927,FORA DE ESPECIFICACAO,B,True,recusar_automatico
SMP-010489,APROVADO PARCIAL,B,True,valido_automatico
SMP-008699,APROVADO PARCIAL,A,False,valido_automatico
SMP-002546,CANCELADO,B,True,recusar_automatico
SMP-000726,REINSPECAO REPROVADA,A,False,recusar_automatico
SMP-006594,PENDENTE,B,False,revisar
SMP-011177,APROVADO PARCIAL,C,True,valido_automatico
SMP-001602,REINSPECAO REPROVADA,B,True,recusar_automatico
SMP-008218,APROVADO PARCIAL,A,True,valido_automatico
SMP-005934,EM ANALISE,B,True,revisar
SMP-009775,EM AJUSTE,B,False,valido_automatico
SMP-004939,EM ANALISE,A,False,revisar
SMP-009952,EM AJUSTE,B,True,valido_automatico
SMP-011962,EM AJUSTE,C,False,valido_automatico
SMP-009537,EM ANÁLISE,B,True,valido_automatico
SMP-000290,AJUSTE REPROVADO,A,False,recusar_automatico
SMP-009056,AJUSTE CONCLUIDO,A,False,valido_automatico
SMP-005727,EM ANALISE,B,True,revisar
SMP-010557,APROVADO PARCIAL,B,False,valido_automatico
SMP-006009,AGUARDANDO REINSPEÇÃO,B,False,revisar
SMP-008789,AJUSTE REPROVADO,A,True,valido_automatico
SMP-009990,EM AJUSTE,B,True,valido_automatico
SMP-011701,AJUSTE CONCLUIDO,C,False,valido_automatico
SMP-002485,REINSPECAO REPROVADA,B,False,recusar_automatico
SMP-005146,AGUARDANDO REINSPEÇÃO,A,True,revisar
SMP-003507,ESPECIFICAÇÃO EM REVISÃO,C,True,recusar_automatico
SMP-007662,AGUARDANDO REINSPEÇÃO,C,True,revisar
SMP-006130,AJUSTE CONCLUIDO,B,True,revisar
SMP-005388,PENDENTE,B,True,revisar
SMP-008749,APROVADO PARCIAL,A,True,valido_automatico
SMP-006448,EM ANALISE,B,True,revisar
SMP-001561,CANCELADO,B,True,recusar_automatico
SMP-005063,AGUARDANDO REINSPEÇÃO,A,True,revisar
SMP-007993,AGUARDANDO REINSPEÇÃO,C,True,revisar
SMP-011139,AJUSTE CONCLUIDO,C,True,valido_automatico
SMP-005614,ESPECIFICAÇÃO EM REVISÃO,B,False,revisar
SMP-003658,REINSPECAO REPROVADA,C,False,recusar_automatico
SMP-001702,REINSPECAO REPROVADA,B,True,recusar_automatico
SMP-004171,PENDENTE,A,False,revisar
SMP-006575,PENDENTE,B,False,revisar
SMP-005518,EM ANALISE,B,False,revisar
SMP-011539,AJUSTE CONCLUIDO,C,True,valido_automatico
SMP-007673,ESPECIFICAÇÃO EM REVISÃO,C,False,revisar
SMP-005985,REINSPECAO REPROVADA,B,True,revisar
SMP-011332,AGUARDANDO REINSPEÇÃO,C,True,valido_automatico
SMP-002834,CANCELADO,C,False,recusar_automatico
SMP-002188,CANCELADO,B,False,recusar_automatico
SMP-007926,EM ANALISE,C,True,revisar
SMP-010095,AJUSTE CONCLUIDO,B,True,valido_automatico
SMP-004300,PENDENTE,A,False,revisar
SMP-001176,CANCELADO,A,True,recusar_automatico
SMP-003939,AJUSTE REPROVADO,C,False,recusar_automatico
SMP-004307,EM ANALISE,A,False,revisar
SMP-004715,AGUARDANDO REINSPEÇÃO,A,False,revisar
SMP-003748,AJUSTE REPROVADO,C,True,recusar_automatico
SMP-007453,PENDENTE,C,True,revisar
SMP-007576,EM AJUSTE,C,True,revisar
SMP-004134,AJUSTE REPROVADO,A,True,revisar
SMP-005457,ESPECIFICAÇÃO EM REVISÃO,B,True,revisar
SMP-002017,REINSPECAO REPROVADA,B,False,recusar_automatico
SMP-001799,FORA DE ESPECIFICACAO,B,False,recusar_automatico
SMP-011768,EM AJUSTE,C,False,valido_automatico
SMP-000835,REINSPECAO REPROVADA,A,False,recusar_automatico
SMP-002048,AJUSTE REPROVADO,B,False,recusar_automatico
SMP-007646,ESPECIFICAÇÃO EM REVISÃO,C,False,revisar
SMP-007600,APROVADO PARCIAL,C,True,revisar
SMP-011764,APROVADO PARCIAL,C,True,valido_automatico
SMP-005898,AGUARDANDO REINSPEÇÃO,B,True,revisar
SMP-003449,CANCELADO,C,True,recusar_automatico
SMP-005666,EM ANALISE,B,True,revisar
SMP-001845,CANCELADO,B,False,recusar_automatico
SMP-004890,AGUARDANDO REINSPEÇÃO,A,False,revisar
SMP-003949,AJUSTE REPROVADO,C,False,recusar_automatico
SMP-006635,CANCELADO,B,True,revisar
SMP-010910,APROVADO PARCIAL,C,True,valido_automatico
SMP-000881,REINSPECAO REPROVADA,A,True,recusar_automatico
SMP-004353,CANCELADO,A,False,revisar
SMP-009540,APROVADO PARCIAL,B,False,valido_automatico
SMP-010493,AJUSTE CONCLUIDO,B,True,valido_automatico
SMP-002308,AJUSTE REPROVADO,B,True,recusar_automatico
SMP-010525,APROVADO PARCIAL,B,False,valido_automatico
SMP-009236,AGUARDANDO REINSPEÇÃO,A,False,valido_automatico
SMP-006727,AGUARDANDO REINSPEÇÃO,C,False,revisar
SMP-005510,ESPECIFICAÇÃO EM REVISÃO,B,False,revisar
SMP-001669,AJUSTE REPROVADO,B,True,recusar_automatico
SMP-008072,AJUSTE CONCLUIDO,A,False,valido_automatico
SMP-007713,PENDENTE,C,False,revisar
SMP-008799,APROVADO PARCIAL,A,False,valido_automatico
SMP-007077,PENDENTE,C,False,revisar
SMP-003648,CANCELADO,C,True,recusar_automatico
SMP-005013,APROVADO PARCIAL,A,True,revisar
SMP-003445,AJUSTE REPROVADO,C,True,recusar_automatico
SMP-004315,AJUSTE CONCLUIDO,A,True,revisar
SMP-004965,ESPECIFICAÇÃO EM REVISÃO,A,False,revisar
SMP-005344,PENDENTE,B,False,revisar
SMP-010134,AJUSTE CONCLUIDO,B,False,valido_automatico
SMP-000308,AJUSTE REPROVADO,A,False,recusar_automatico
SMP-007888,PENDENTE,C,False,revisar
SMP-000602,REINSPECAO REPROVADA,A,False,recusar_automatico
SMP-009542,AJUSTE CONCLUIDO,B,False,valido_automatico
SMP-005231,ESPECIFICAÇÃO EM REVISÃO,A,False,revisar
SMP-006214,PENDENTE,B,False,revisar
SMP-005743,ESPECIFICAÇÃO EM REVISÃO,B,False,revisar
SMP-007117,AGUARDANDO REINSPEÇÃO,C,True,revisar
SMP-007290,PENDENTE,C,False,revisar
SMP-007209,ESPECIFICAÇÃO EM REVISÃO,C,False,revisar
SMP-004459,ESPECIFICAÇÃO EM REVISÃO,A,False,revisar
SMP-007797,AGUARDANDO REINSPEÇÃO,C,True,revisar
SMP-009345,AJUSTE CONCLUIDO,B,True,valido_automatico
SMP-011092,AJUSTE CONCLUIDO,C,True,valido_automatico
SMP-010995,APROVADO PARCIAL,C,False,valido_automatico
SMP-011663,AJUSTE CONCLUIDO,C,False,valido_automatico
SMP-008520,AJUSTE CONCLUIDO,A,True,valido_automatico
SMP-010421,AJUSTE CONCLUIDO,B,True,valido_automatico
SMP-009986,EM ANÁLISE,B,False,valido_automatico
SMP-004516,AGUARDANDO REINSPEÇÃO,A,True,revisar
SMP-007037,ESPECIFICAÇÃO EM REVISÃO,C,False,revisar
SMP-001644,AJUSTE REPROVADO,B,True,recusar_automatico
SMP-010180,AJUSTE CONCLUIDO,B,True,valido_automatico
SMP-005556,PENDENTE,B,False,revisar
SMP-002707,CANCELADO,C,True,recusar_automatico
SMP-010320,AJUSTE CONCLUIDO,B,True,valido_automatico
SMP-001573,AJUSTE REPROVADO,B,True,recusar_automatico
SMP-009927,APROVADO PARCIAL,B,False,valido_automatico
SMP-004544,CANCELADO,A,True,revisar
SMP-009382,AJUSTE CONCLUIDO,B,False,valido_automatico
SMP-009922,EM AJUSTE,B,False,valido_automatico
SMP-001123,FORA DE ESPECIFICACAO,A,False,recusar_automatico
SMP-006068,PENDENTE,B,True,revisar
SMP-006139,EM ANALISE,B,False,revisar
SMP-007918,ESPECIFICAÇÃO EM REVISÃO,C,True,revisar
SMP-007473,EM AJUSTE,C,False,revisar
SMP-001060,REINSPECAO REPROVADA,A,False,recusar_automatico
SMP-008272,APROVADO PARCIAL,A,True,valido_automatico
SMP-001640,AJUSTE REPROVADO,B,False,recusar_automatico
SMP-009331,AJUSTE CONCLUIDO,A,False,valido_automatico
SMP-009218,AJUSTE CONCLUIDO,A,False,valido_automatico
SMP-001347,FORA DE ESPECIFICACAO,B,True,recusar_automatico
SMP-010629,APROVADO PARCIAL,B,False,valido_automatico
SMP-007873,PENDENTE,C,True,revisar
SMP-000367,EM ANALISE,A,True,recusar_automatico
SMP-009195,APROVADO PARCIAL,A,True,valido_automatico
SMP-007305,AGUARDANDO REINSPEÇÃO,C,True,revisar
SMP-000042,CANCELADO,A,True,recusar_automatico
SMP-011558,APROVADO PARCIAL,C,True,valido_automatico
SMP-004728,AGUARDANDO REINSPEÇÃO,A,False,revisar
SMP-004375,EM AJUSTE,A,True,revisar
SMP-008389,APROVADO PARCIAL,A,True,valido_automatico
SMP-007827,PENDENTE,C,False,revisar
SMP-006516,ESPECIFICAÇÃO EM REVISÃO,B,True,revisar
SMP-010728,EM ANÁLISE,C,False,valido_automatico
SMP-003565,AJUSTE REPROVADO,C,False,recusar_automatico
SMP-004257,ESPECIFICAÇÃO EM REVISÃO,A,False,revisar
SMP-006829,EM ANALISE,C,True,revisar
SMP-002989,REINSPECAO REPROVADA,C,False,recusar_automatico
SMP-006329,AJUSTE CONCLUIDO,B,False,revisar
SMP-002601,CANCELADO,B,True,recusar_automatico
SMP-001464,REINSPECAO REPROVADA,B,False,recusar_automatico
SMP-002274,REINSPECAO REPROVADA,B,True,recusar_automatico
SMP-010346,AJUSTE CONCLUIDO,B,True,valido_automatico
SMP-005244,CANCELADO,A,True,revisar
SMP-005574,PENDENTE,B,False,revisar
SMP-007439,APROVADO PARCIAL,C,False,revisar
SMP-008145,APROVADO PARCIAL,A,True,valido_automatico
SMP-000322,REINSPECAO REPROVADA,A,True,recusar_automatico
SMP-010147,AJUSTE CONCLUIDO,B,False,valido_automatico
SMP-009128,APROVADO PARCIAL,A,True,valido_automatico
SMP-003564,PENDENTE,C,False,recusar_automatico
SMP-005259,EM ANALISE,A,False,revisar
SMP-010055,APROVADO PARCIAL,B,False,valido_automatico
SMP-001401,CANCELADO,B,True,recusar_automatico
SMP-002797,EM AJUSTE,C,True,recusar_automatico
SMP-000698,AJUSTE REPROVADO,A,False,recusar_automatico
SMP-005971,ESPECIFICAÇÃO EM REVISÃO,B,True,revisar
SMP-008214,APROVADO PARCIAL,A,False,valido_automatico
SMP-002516,AJUSTE REPROVADO,B,False,recusar_automatico
SMP-007282,EM ANALISE,C,True,revisar
SMP-006698,PENDENTE,C,True,revisar
SMP-005719,APROVADO PARCIAL,B,False,revisar
SMP-008696,EM AJUSTE,A,False,valido_automatico
SMP-011252,APROVADO PARCIAL,C,True,valido_automatico
SMP-009819,EM ANÁLISE,B,True,valido_automatico
SMP-011844,AJUSTE CONCLUIDO,C,True,valido_automatico
SMP-001032,AJUSTE REPROVADO,A,True,recusar_automatico
SMP-009395,AJUSTE CONCLUIDO,B,True,valido_automatico
SMP-004898,EM ANALISE,A,True,revisar
SMP-006474,AJUSTE REPROVADO,B,False,revisar
SMP-011162,APROVADO PARCIAL,C,False,valido_automatico
SMP-005452,EM ANALISE,B,False,revisar
SMP-000788,CANCELADO,A,True,recusar_automatico
SMP-002229,CANCELADO,B,True,recusar_automatico
SMP-008123,AJUSTE CONCLUIDO,A,False,valido_automatico
SMP-002258,CANCELADO,B,True,recusar_automatico
SMP-006602,EM ANALISE,B,False,revisar
SMP-010258,EM AJUSTE,B,False,valido_automatico
SMP-010511,EM AJUSTE,B,True,valido_automatico
SMP-007167,ESPECIFICAÇÃO EM REVISÃO,C,False,revisar
SMP-000671,CANCELADO,A,False,recusar_automatico
SMP-006439,CANCELADO,B,False,revisar
SMP-010090,AJUSTE CONCLUIDO,B,True,valido_automatico
SMP-009598,EM AJUSTE,B,False,valido_automatico
SMP-010708,APROVADO PARCIAL,C,True,valido_automatico
SMP-005654,PENDENTE,B,False,revisar
SMP-011795,EM AJUSTE,C,True,valido_automatico
SMP-006830,ESPECIFICAÇÃO EM REVISÃO,C,True,revisar
SMP-004466,ESPECIFICAÇÃO EM REVISÃO,A,False,revisar
SMP-004280,AGUARDANDO REINSPEÇÃO,A,False,revisar
SMP-005347,PENDENTE,B,True,revisar
SMP-005668,AJUSTE REPROVADO,B,True,revisar
SMP-001710,AJUSTE REPROVADO,B,True,recusar_automatico
SMP-007963,PENDENTE,C,False,revisar
SMP-006558,EM ANALISE,B,True,revisar
SMP-011065,AJUSTE CONCLUIDO,C,False,valido_automatico
SMP-008635,AJUSTE CONCLUIDO,A,True,valido_automatico
SMP-006140,PENDENTE,B,False,revisar
SMP-003966,REINSPECAO REPROVADA,C,False,recusar_automatico
SMP-007187,PENDENTE,C,True,revisar
SMP-003591,AJUSTE REPROVADO,C,True,recusar_automatico
SMP-005467,PENDENTE,B,True,revisar
SMP-001180,AJUSTE REPROVADO,A,False,recusar_automatico
SMP-000083,CANCELADO,A,True,recusar_automatico
SMP-009070,APROVADO PARCIAL,A,False,valido_automatico
SMP-004916,PENDENTE,A,False,revisar
SMP-003221,EM AJUSTE,C,False,recusar_automatico
SMP-003343,AGUARDANDO REINSPEÇÃO,C,False,recusar_automatico
SMP-011089,EM ANÁLISE,C,False,valido_automatico
SMP-010044,AJUSTE CONCLUIDO,B,True,valido_automatico
SMP-000551,CANCELADO,A,True,recusar_automatico
SMP-008293,AJUSTE CONCLUIDO,A,True,valido_automatico
SMP-001357,CANCELADO,B,True,recusar_automatico
SMP-000808,CANCELADO,A,True,recusar_automatico
SMP-011813,APROVADO PARCIAL,C,True,valido_automatico
SMP-010252,EM ANÁLISE,B,True,valido_automatico
SMP-008519,AJUSTE CONCLUIDO,A,False,valido_automatico
SMP-010595,EM AJUSTE,B,False,valido_automatico
SMP-010757,APROVADO PARCIAL,C,False,valido_automatico
SMP-009066,APROVADO PARCIAL,A,False,valido_automatico
SMP-006721,EM ANALISE,C,True,revisar
SMP-006252,AJUSTE CONCLUIDO,B,False,revisar
SMP-011111,AJUSTE CONCLUIDO,C,True,valido_automatico
SMP-002743,AJUSTE REPROVADO,C,False,recusar_automatico
SMP-011238,EM ANÁLISE,C,False,valido_automatico
SMP-005003,AGUARDANDO REINSPEÇÃO,A,False,revisar
SMP-003523,CANCELADO,C,False,recusar_automatico
SMP-008872,AJUSTE CONCLUIDO,A,False,valido_automatico
SMP-009991,AJUSTE CONCLUIDO,B,True,valido_automatico
SMP-008591,APROVADO PARCIAL,A,True,valido_automatico
SMP-002069,CANCELADO,B,False,recusar_automatico
SMP-002369,CANCELADO,B,True,recusar_automatico
SMP-011402,APROVADO PARCIAL,C,True,valido_automatico
SMP-002828,AJUSTE REPROVADO,C,True,recusar_automatico
SMP-002544,FORA DE ESPECIFICACAO,B,True,recusar_automatico
SMP-007789,ESPECIFICAÇÃO EM REVISÃO,C,False,revisar
SMP-009431,EM ANÁLISE,B,True,valido_automatico
SMP-010491,AJUSTE CONCLUIDO,B,True,valido_automatico
SMP-001407,CANCELADO,B,True,recusar_automatico
SMP-010923,EM AJUSTE,C,False,valido_automatico
SMP-003141,AJUSTE REPROVADO,C,True,recusar_automatico
SMP-006489,EM ANALISE,B,False,revisar
SMP-001807,FORA DE ESPECIFICACAO,B,False,recusar_automatico
SMP-001000,CANCELADO,A,False,recusar_automatico
SMP-003010,CANCELADO,C,True,recusar_automatico
SMP-008263,EM AJUSTE,A,False,valido_automatico
SMP-005751,EM ANALISE,B,False,revisar
SMP-003385,CANCELADO,C,False,recusar_automatico
SMP-009269,APROVADO PARCIAL,A,False,valido_automatico
SMP-000817,AJUSTE REPROVADO,A,False,recusar_automatico
SMP-000131,EM AJUSTE,A,True,recusar_automatico
SMP-011630,AJUSTE CONCLUIDO,C,True,valido_automatico
SMP-006993,EM ANALISE,C,False,revisar
SMP-009812,APROVADO PARCIAL,B,False,valido_automatico
SMP-008674,AJUSTE CONCLUIDO,A,False,valido_automatico
SMP-007219,PENDENTE,C,True,revisar
SMP-006608,PENDENTE,B,True,revisar
SMP-001829,AJUSTE REPROVADO,B,True,recusar_automatico
SMP-005091,PENDENTE,A,False,revisar
SMP-011897,AJUSTE CONCLUIDO,C,True,valido_automatico
SMP-005869,AGUARDANDO REINSPEÇÃO,B,True,revisar
SMP-011918,AJUSTE CONCLUIDO,C,True,valido_automatico
SMP-010455,APROVADO PARCIAL,B,True,valido_automatico
SMP-005827,PENDENTE,B,False,revisar
SMP-010477,AJUSTE CONCLUIDO,B,False,valido_automatico
SMP-004395,AJUSTE CONCLUIDO,A,True,revisar
SMP-003671,AJUSTE REPROVADO,C,True,recusar_automatico
SMP-005483,EM ANALISE,B,True,revisar
SMP-010211,AJUSTE CONCLUIDO,B,False,valido_automatico
SMP-006954,PENDENTE,C,True,revisar
SMP-008078,EM ANÁLISE,A,True,valido_automatico
SMP-001931,PENDENTE,B,True,recusar_automatico
SMP-001972,CANCELADO,B,False,recusar_automatico
SMP-005296,APROVADO PARCIAL,A,False,revisar
SMP-007271,AJUSTE CONCLUIDO,C,False,revisar
SMP-007022,ESPECIFICAÇÃO EM REVISÃO,C,False,revisar
SMP-002564,CANCELADO,B,True,recusar_automatico
SMP-006321,EM ANALISE,B,False,revisar
SMP-008628,AJUSTE CONCLUIDO,A,True,valido_automatico
SMP-004770,EM ANALISE,A,True,revisar
SMP-011164,AJUSTE CONCLUIDO,C,False,valido_automatico
SMP-001426,FORA DE ESPECIFICACAO,B,False,recusar_automatico
SMP-004530,PENDENTE,A,True,revisar
SMP-007494,EM ANALISE,C,True,revisar
SMP-011629,EM AJUSTE,C,False,valido_automatico
SMP-004499,APROVADO PARCIAL,A,True,revisar
SMP-008005,AJUSTE CONCLUIDO,A,False,valido_automatico
SMP-008241,AJUSTE CONCLUIDO,A,False,valido_automatico
SMP-002600,REINSPECAO REPROVADA,B,False,recusar_automatico
SMP-009826,EM ANÁLISE,B,False,valido_automatico
SMP-010966,APROVADO PARCIAL,C,True,valido_automatico
SMP-005647,ESPECIFICAÇÃO EM REVISÃO,B,True,revisar
SMP-005282,ESPECIFICAÇÃO EM REVISÃO,A,True,revisar
SMP-007825,PENDENTE,C,True,revisar
SMP-001330,CANCELADO,A,False,recusar_automatico
SMP-003288,REINSPECAO REPROVADA,C,False,recusar_automatico
SMP-005856,AGUARDANDO REINSPEÇÃO,B,False,revisar
SMP-003786,AJUSTE REPROVADO,C,True,recusar_automatico
SMP-001301,REINSPECAO REPROVADA,A,True,recusar_automatico
SMP-002402,CANCELADO,B,True,recusar_automatico
SMP-005485,AGUARDANDO REINSPEÇÃO,B,True,revisar
SMP-007782,EM ANALISE,C,True,revisar
SMP-009419,PENDENTE,B,False,valido_automatico
SMP-005333,EM ANALISE,A,False,revisar
SMP-009414,EM AJUSTE,B,True,valido_automatico
SMP-004600,ESPECIFICAÇÃO EM REVISÃO,A,False,revisar
SMP-004405,ESPECIFICAÇÃO EM REVISÃO,A,False,revisar
SMP-007859,AGUARDANDO REINSPEÇÃO,C,False,revisar
SMP-011525,AJUSTE CONCLUIDO,C,False,valido_automatico
SMP-009039,AJUSTE CONCLUIDO,A,True,valido_automatico
SMP-005308,PENDENTE,A,True,revisar
SMP-004564,EM ANALISE,A,False,revisar
SMP-006541,APROVADO PARCIAL,B,True,revisar
SMP-010008,AJUSTE CONCLUIDO,B,True,valido_automatico
SMP-000303,REINSPECAO REPROVADA,A,True,recusar_automatico
SMP-010586,EM AJUSTE,B,False,valido_automatico
SMP-008114,AJUSTE CONCLUIDO,A,True,valido_automatico
SMP-006710,EM ANALISE,C,False,revisar
SMP-007946,ESPECIFICAÇÃO EM REVISÃO,C,True,revisar
SMP-010863,AJUSTE CONCLUIDO,C,True,valido_automatico
SMP-004883,EM AJUSTE,A,True,revisar
SMP-008769,AJUSTE CONCLUIDO,A,False,valido_automatico
SMP-006998,PENDENTE,C,True,revisar
SMP-005618,EM ANALISE,B,True,revisar
SMP-008426,AJUSTE CONCLUIDO,A,False,valido_automatico
SMP-008356,EM AJUSTE,A,False,valido_automatico
SMP-007157,AJUSTE REPROVADO,C,True,revisar
SMP-000684,AJUSTE REPROVADO,A,True,recusar_automatico
SMP-003436,REINSPECAO REPROVADA,C,True,recusar_automatico
SMP-006120,AJUSTE CONCLUIDO,B,True,revisar
SMP-004022,PENDENTE,A,True,revisar
SMP-002528,CANCELADO,B,False,recusar_automatico
SMP-003578,FORA DE ESPECIFICACAO,C,True,recusar_automatico
SMP-008634,APROVADO PARCIAL,A,False,valido_automatico
SMP-001816,AJUSTE REPROVADO,B,True,recusar_automatico
SMP-000027,CANCELADO,A,False,recusar_automatico
SMP-008791,PENDENTE,A,True,valido_automatico
SMP-002700,FORA DE ESPECIFICACAO,C,False,recusar_automatico
SMP-011314,APROVADO PARCIAL,C,True,valido_automatico
SMP-002603,CANCELADO,B,False,recusar_automatico
SMP-011478,AJUSTE CONCLUIDO,C,True,valido_automatico
SMP-008763,APROVADO PARCIAL,A,True,valido_automatico
SMP-006023,ESPECIFICAÇÃO EM REVISÃO,B,True,revisar
SMP-011930,AJUSTE CONCLUIDO,C,False,valido_automatico
SMP-009716,APROVADO PARCIAL,B,False,valido_automatico
SMP-002446,REINSPECAO REPROVADA,B,False,recusar_automatico
SMP-006226,CANCELADO,B,False,revisar
SMP-005436,ESPECIFICAÇÃO EM REVISÃO,B,True,revisar
SMP-006781,ESPECIFICAÇÃO EM REVISÃO,C,False,revisar
SMP-008663,APROVADO PARCIAL,A,True,valido_automatico
SMP-006620,AGUARDANDO REINSPEÇÃO,B,False,revisar
SMP-008472,APROVADO PARCIAL,A,False,valido_automatico
SMP-011456,AJUSTE CONCLUIDO,C,True,valido_automatico
SMP-004192,AGUARDANDO REINSPEÇÃO,A,False,revisar
SMP-009120,APROVADO PARCIAL,A,False,valido_automatico
SMP-000129,CANCELADO,A,True,recusar_automatico
SMP-008085,AJUSTE CONCLUIDO,A,False,valido_automatico
SMP-006453,ESPECIFICAÇÃO EM REVISÃO,B,True,revisar
SMP-002066,REINSPECAO REPROVADA,B,True,recusar_automatico
SMP-003622,CANCELADO,C,True,recusar_automatico
SMP-005430,EM ANALISE,B,False,revisar
SMP-009248,APROVADO PARCIAL,A,True,valido_automatico
SMP-011273,AJUSTE CONCLUIDO,C,True,valido_automatico
SMP-010585,APROVADO PARCIAL,B,False,valido_automatico
SMP-007770,EM ANALISE,C,True,revisar
SMP-006699,EM ANALISE,C,False,revisar
SMP-010574,APROVADO PARCIAL,B,True,valido_automatico
SMP-005873,ESPECIFICAÇÃO EM REVISÃO,B,True,revisar
SMP-009643,APROVADO PARCIAL,B,False,valido_automatico
SMP-003922,REINSPECAO REPROVADA,C,True,recusar_automatico
SMP-009189,APROVADO PARCIAL,A,True,valido_automatico
SMP-002100,AJUSTE REPROVADO,B,False,recusar_automatico
SMP-007218,ESPECIFICAÇÃO EM REVISÃO,C,False,revisar
SMP-010604,APROVADO PARCIAL,B,False,valido_automatico
SMP-003824,REINSPECAO REPROVADA,C,True,recusar_automatico
SMP-010602,APROVADO PARCIAL,B,False,valido_automatico
SMP-000783,FORA DE ESPECIFICACAO,A,True,recusar_automatico
SMP-009231,EM AJUSTE,A,False,valido_automatico
SMP-007531,EM ANALISE,C,True,revisar
SMP-010203,APROVADO PARCIAL,B,True,valido_automatico
SMP-002000,FORA DE ESPECIFICACAO,B,False,recusar_automatico
SMP-010164,PENDENTE,B,True,valido_automatico
SMP-001203,AJUSTE REPROVADO,A,False,recusar_automatico
SMP-005047,PENDENTE,A,False,revisar
SMP-004749,PENDENTE,A,True,revisar
SMP-009332,APROVADO PARCIAL,A,False,valido_automatico
SMP-002761,FORA DE ESPECIFICACAO,C,True,recusar_automatico
SMP-009177,APROVADO PARCIAL,A,True,valido_automatico
SMP-004029,APROVADO PARCIAL,A,False,revisar
SMP-011236,AJUSTE CONCLUIDO,C,True,valido_automatico
SMP-009616,APROVADO PARCIAL,B,True,valido_automatico
SMP-008537,APROVADO PARCIAL,A,False,valido_automatico
SMP-004201,AGUARDANDO REINSPEÇÃO,A,False,revisar
SMP-001987,EM AJUSTE,B,False,recusar_automatico
SMP-010198,APROVADO PARCIAL,B,False,valido_automatico
SMP-003397,AJUSTE REPROVADO,C,False,recusar_automatico
SMP-010486,AJUSTE CONCLUIDO,B,False,valido_automatico
SMP-008339,EM AJUSTE,A,True,valido_automatico
SMP-003512,REINSPECAO REPROVADA,C,True,recusar_automatico
SMP-000253,AJUSTE REPROVADO,A,False,recusar_automatico
SMP-010083,APROVADO PARCIAL,B,False,valido_automatico
SMP-009461,AJUSTE CONCLUIDO,B,True,valido_automatico
SMP-001305,FORA DE ESPECIFICACAO,A,True,recusar_automatico
SMP-007328,ESPECIFICAÇÃO EM REVISÃO,C,True,revisar
SMP-004540,EM ANALISE,A,True,revisar
SMP-011913,AJUSTE CONCLUIDO,C,True,valido_automatico
SMP-007897,REINSPECAO REPROVADA,C,False,revisar
SMP-004579,AJUSTE REPROVADO,A,True,revisar
SMP-000150,CANCELADO,A,False,recusar_automatico
SMP-006262,EM ANALISE,B,True,revisar
SMP-009110,AJUSTE CONCLUIDO,A,True,valido_automatico
SMP-003171,AJUSTE REPROVADO,C,False,recusar_automatico
SMP-011214,EM AJUSTE,C,False,valido_automatico
SMP-001445,AJUSTE REPROVADO,B,False,recusar_automatico
SMP-010237,EM AJUSTE,B,False,valido_automatico
SMP-010594,EM AJUSTE,B,True,valido_automatico
SMP-002262,CANCELADO,B,False,recusar_automatico
SMP-002097,CANCELADO,B,False,recusar_automatico
SMP-006828,PENDENTE,C,True,revisar
SMP-000860,CANCELADO,A,False,recusar_automatico
SMP-006380,PENDENTE,B,True,revisar
SMP-003376,FORA DE ESPECIFICACAO,C,False,recusar_automatico
SMP-001214,AJUSTE REPROVADO,A,False,recusar_automatico
SMP-003894,FORA DE ESPECIFICACAO,C,True,recusar_automatico
SMP-010050,AJUSTE CONCLUIDO,B,True,valido_automatico
SMP-006973,ESPECIFICAÇÃO EM REVISÃO,C,False,revisar
SMP-005695,ESPECIFICAÇÃO EM REVISÃO,B,True,revisar
SMP-006241,REINSPECAO REPROVADA,B,True,revisar
SMP-007255,ESPECIFICAÇÃO EM REVISÃO,C,True,revisar
SMP-008364,AJUSTE CONCLUIDO,A,False,valido_automatico
SMP-010916,AJUSTE CONCLUIDO,C,True,valido_automatico
SMP-008698,APROVADO PARCIAL,A,False,valido_automatico
SMP-008064,AJUSTE CONCLUIDO,A,False,valido_automatico
SMP-010257,EM ANÁLISE,B,False,valido_automatico
SMP-008435,EM ANÁLISE,A,False,valido_automatico
SMP-003614,EM AJUSTE,C,False,recusar_automatico
SMP-002205,AJUSTE REPROVADO,B,True,recusar_automatico
SMP-007069,AGUARDANDO REINSPEÇÃO,C,False,revisar
SMP-011882,AJUSTE CONCLUIDO,C,True,valido_automatico
SMP-005395,AJUSTE CONCLUIDO,B,True,revisar
SMP-006373,AGUARDANDO REINSPEÇÃO,B,False,revisar
SMP-011967,APROVADO PARCIAL,C,True,valido_automatico
SMP-011045,AJUSTE CONCLUIDO,C,True,valido_automatico
SMP-003347,CANCELADO,C,False,recusar_automatico
SMP-004254,PENDENTE,A,False,revisar
SMP-006425,APROVADO PARCIAL,B,False,revisar
SMP-007138,ESPECIFICAÇÃO EM REVISÃO,C,True,revisar
SMP-005415,AGUARDANDO REINSPEÇÃO,B,True,revisar
SMP-008275,PENDENTE,A,True,valido_automatico
SMP-009576,APROVADO PARCIAL,B,True,valido_automatico
SMP-008236,APROVADO PARCIAL,A,True,valido_automatico
SMP-011773,APROVADO PARCIAL,C,False,valido_automatico
SMP-004214,EM ANALISE,A,False,revisar
SMP-000382,REINSPECAO REPROVADA,A,True,recusar_automatico
SMP-009496,APROVADO PARCIAL,B,False,valido_automatico
SMP-000683,AJUSTE REPROVADO,A,True,recusar_automatico
SMP-005589,ESPECIFICAÇÃO EM REVISÃO,B,False,revisar
SMP-009945,AJUSTE CONCLUIDO,B,False,valido_automatico
SMP-006540,PENDENTE,B,True,revisar
SMP-007392,AGUARDANDO REINSPEÇÃO,C,True,revisar
SMP-004318,AGUARDANDO REINSPEÇÃO,A,False,revisar
SMP-011378,AJUSTE CONCLUIDO,C,False,valido_automatico
SMP-004923,AGUARDANDO REINSPEÇÃO,A,True,revisar
SMP-005876,PENDENTE,B,True,revisar
SMP-006857,PENDENTE,C,False,revisar
SMP-000210,AJUSTE REPROVADO,A,True,recusar_automatico
SMP-004296,AGUARDANDO REINSPEÇÃO,A,True,revisar
SMP-002981,REINSPECAO REPROVADA,C,False,recusar_automatico
SMP-002843,CANCELADO,C,False,recusar_automatico
SMP-000470,FORA DE ESPECIFICACAO,A,False,recusar_automatico
SMP-009051,APROVADO PARCIAL,A,False,valido_automatico
SMP-004720,ESPECIFICAÇÃO EM REVISÃO,A,False,revisar
SMP-000720,CANCELADO,A,False,recusar_automatico
SMP-006228,ESPECIFICAÇÃO EM REVISÃO,B,False,revisar
SMP-000262,FORA DE ESPECIFICACAO,A,True,recusar_automatico
SMP-006545,EM ANALISE,B,False,revisar
SMP-008455,APROVADO PARCIAL,A,True,valido_automatico
SMP-010764,EM ANÁLISE,C,True,valido_automatico
SMP-000378,AGUARDANDO REINSPEÇÃO,A,True,recusar_automatico
SMP-008385,APROVADO PARCIAL,A,True,valido_automatico
SMP-011931,APROVADO PARCIAL,C,False,valido_automatico
SMP-000733,CANCELADO,A,False,recusar_automatico
SMP-003052,CANCELADO,C,True,recusar_automatico
SMP-011387,APROVADO PARCIAL,C,True,valido_automatico
SMP-004838,ESPECIFICAÇÃO EM REVISÃO,A,False,revisar
SMP-001448,CANCELADO,B,True,recusar_automatico
SMP-005729,PENDENTE,B,False,revisar
SMP-009996,PENDENTE,B,True,valido_automatico
SMP-011849,EM ANÁLISE,C,True,valido_automatico
SMP-002001,AJUSTE REPROVADO,B,False,recusar_automatico
SMP-007588,AJUSTE CONCLUIDO,C,True,revisar
SMP-009118,EM AJUSTE,A,False,valido_automatico
SMP-003136,AJUSTE REPROVADO,C,True,recusar_automatico
SMP-011232,AJUSTE CONCLUIDO,C,True,valido_automatico
SMP-002111,CANCELADO,B,True,recusar_automatico
SMP-008083,AJUSTE CONCLUIDO,A,True,valido_automatico
SMP-010088,AJUSTE CONCLUIDO,B,False,valido_automatico
SMP-005565,ESPECIFICAÇÃO EM REVISÃO,B,False,revisar
SMP-009157,PENDENTE,A,True,valido_automatico
SMP-004380,ESPECIFICAÇÃO EM REVISÃO,A,True,revisar
SMP-011044,AJUSTE CONCLUIDO,C,True,valido_automatico
SMP-000764,AJUSTE REPROVADO,A,False,recusar_automatico
SMP-010284,APROVADO PARCIAL,B,True,valido_automatico
SMP-002389,REINSPECAO REPROVADA,B,True,recusar_automatico
SMP-002588,FORA DE ESPECIFICACAO,B,False,recusar_automatico
SMP-003298,AJUSTE REPROVADO,C,False,recusar_automatico
SMP-000806,REINSPECAO REPROVADA,A,True,recusar_automatico
SMP-007469,REINSPECAO REPROVADA,C,False,revisar
SMP-009032,APROVADO PARCIAL,A,True,valido_automatico
SMP-002174,FORA DE ESPECIFICACAO,B,False,recusar_automatico
SMP-002122,CANCELADO,B,False,recusar_automatico
SMP-008066,EM ANÁLISE,A,True,valido_automatico
SMP-005763,EM ANALISE,B,False,revisar
SMP-002280,FORA DE ESPECIFICACAO,B,False,recusar_automatico
SMP-003775,AJUSTE REPROVADO,C,True,recusar_automatico
SMP-011024,PENDENTE,C,False,valido_automatico
SMP-005657,ESPECIFICAÇÃO EM REVISÃO,B,True,revisar
SMP-000183,AJUSTE REPROVADO,A,False,recusar_automatico
SMP-000064,REINSPECAO REPROVADA,A,True,recusar_automatico
SMP-001415,FORA DE ESPECIFICACAO,B,False,recusar_automatico
SMP-009387,EM AJUSTE,B,False,valido_automatico
SMP-008136,APROVADO PARCIAL,A,True,valido_automatico
SMP-004440,EM ANALISE,A,True,revisar
SMP-003172,AJUSTE REPROVADO,C,False,recusar_automatico
SMP-011576,AJUSTE CONCLUIDO,C,False,valido_automatico
SMP-000500,CANCELADO,A,False,recusar_automatico
SMP-002393,REINSPECAO REPROVADA,B,True,recusar_automatico
SMP-006250,EM ANALISE,B,True,revisar
SMP-009314,EM AJUSTE,A,False,valido_automatico
SMP-010130,AJUSTE CONCLUIDO,B,False,valido_automatico
SMP-006243,PENDENTE,B,False,revisar
SMP-002794,FORA DE ESPECIFICACAO,C,False,recusar_automatico
SMP-006589,AGUARDANDO REINSPEÇÃO,B,True,revisar
SMP-005831,ESPECIFICAÇÃO EM REVISÃO,B,False,revisar
SMP-008180,AJUSTE CONCLUIDO,A,True,valido_automatico
SMP-001372,AJUSTE REPROVADO,B,True,recusar_automatico
SMP-002490,CANCELADO,B,False,recusar_automatico
SMP-002064,FORA DE ESPECIFICACAO,B,True,recusar_automatico
SMP-011771,APROVADO PARCIAL,C,True,valido_automatico
SMP-006839,PENDENTE,C,True,revisar
SMP-010329,EM AJUSTE,B,True,valido_automatico
SMP-008775,EM ANÁLISE,A,True,valido_automatico
SMP-006628,ESPECIFICAÇÃO EM REVISÃO,B,True,revisar
SMP-002024,CANCELADO,B,True,recusar_automatico
SMP-002196,FORA DE ESPECIFICACAO,B,False,recusar_automatico
SMP-011023,APROVADO PARCIAL,C,True,valido_automatico
SMP-002623,CANCELADO,B,True,recusar_automatico
SMP-002170,AJUSTE REPROVADO,B,True,recusar_automatico
SMP-008626,EM ANÁLISE,A,False,valido_automatico
SMP-010360,APROVADO PARCIAL,B,False,valido_automatico
SMP-000283,FORA DE ESPECIFICACAO,A,False,recusar_automatico
SMP-011025,AJUSTE CONCLUIDO,C,False,valido_automatico
SMP-010091,AJUSTE CONCLUIDO,B,False,valido_automatico
SMP-006235,AJUSTE REPROVADO,B,True,revisar
SMP-006266,ESPECIFICAÇÃO EM REVISÃO,B,False,revisar
SMP-001715,AJUSTE REPROVADO,B,False,recusar_automatico
SMP-006871,AGUARDANDO REINSPEÇÃO,C,False,revisar
SMP-000376,AJUSTE REPROVADO,A,True,recusar_automatico
SMP-001688,CANCELADO,B,False,recusar_automatico
SMP-010128,APROVADO PARCIAL,B,True,valido_automatico
SMP-010479,AJUSTE CONCLUIDO,B,True,valido_automatico
SMP-005027,ESPECIFICAÇÃO EM REVISÃO,A,True,revisar
SMP-006832,AGUARDANDO REINSPEÇÃO,C,False,revisar
SMP-000903,CANCELADO,A,False,recusar_automatico
SMP-002502,CANCELADO,B,True,recusar_automatico
SMP-005591,AJUSTE CONCLUIDO,B,False,revisar
SMP-004373,ESPECIFICAÇÃO EM REVISÃO,A,True,revisar
SMP-009797,EM AJUSTE,B,True,valido_automatico
SMP-010058,ESPECIFICAÇÃO EM REVISÃO,B,False,valido_automatico
SMP-006662,PENDENTE,B,False,revisar
SMP-011537,EM ANÁLISE,C,False,valido_automatico
SMP-001611,CANCELADO,B,False,recusar_automatico
SMP-009684,APROVADO PARCIAL,B,True,valido_automatico
SMP-009792,AJUSTE CONCLUIDO,B,False,valido_automatico
SMP-003011,AJUSTE REPROVADO,C,False,recusar_automatico
SMP-009149,APROVADO PARCIAL,A,True,valido_automatico
SMP-001961,FORA DE ESPECIFICACAO,B,False,recusar_automatico
SMP-010434,AJUSTE CONCLUIDO,B,False,valido_automatico
SMP-005334,ESPECIFICAÇÃO EM REVISÃO,A,False,revisar
SMP-005005,PENDENTE,A,True,revisar
SMP-003890,REINSPECAO REPROVADA,C,False,recusar_automatico
SMP-010871,APROVADO PARCIAL,C,True,valido_automatico
SMP-006665,AJUSTE CONCLUIDO,B,True,revisar
SMP-007482,EM ANALISE,C,True,revisar
SMP-005240,EM ANALISE,A,False,revisar
SMP-005126,AGUARDANDO REINSPEÇÃO,A,False,revisar
SMP-004966,AGUARDANDO REINSPEÇÃO,A,True,revisar
SMP-008996,EM AJUSTE,A,False,valido_automatico
SMP-011282,EM AJUSTE,C,True,valido_automatico
SMP-005908,ESPECIFICAÇÃO EM REVISÃO,B,True,revisar
SMP-006673,ESPECIFICAÇÃO EM REVISÃO,C,True,revisar
SMP-010104,AJUSTE CONCLUIDO,B,True,valido_automatico
SMP-000778,REINSPECAO REPROVADA,A,True,recusar_automatico
SMP-001636,FORA DE ESPECIFICACAO,B,False,recusar_automatico
SMP-001441,CANCELADO,B,False,recusar_automatico
SMP-008730,APROVADO PARCIAL,A,False,valido_automatico
SMP-007225,AGUARDANDO REINSPEÇÃO,C,False,revisar
SMP-007370,EM ANALISE,C,True,revisar
SMP-000169,AJUSTE REPROVADO,A,True,recusar_automatico
SMP-011622,APROVADO PARCIAL,C,True,valido_automatico
SMP-005035,PENDENTE,A,True,revisar
SMP-000965,CANCELADO,A,False,recusar_automatico
SMP-003110,REINSPECAO REPROVADA,C,True,recusar_automatico
SMP-000639,CANCELADO,A,True,recusar_automatico
SMP-003662,PENDENTE,C,True,recusar_automatico
SMP-011796,APROVADO PARCIAL,C,False,valido_automatico
SMP-001029,ESPECIFICAÇÃO EM REVISÃO,A,True,recusar_automatico
SMP-000885,REINSPECAO REPROVADA,A,False,recusar_automatico
SMP-003208,AJUSTE REPROVADO,C,False,recusar_automatico
SMP-005939,PENDENTE,B,False,revisar
SMP-005839,REINSPECAO REPROVADA,B,True,revisar
SMP-005446,EM ANALISE,B,True,revisar
SMP-011907,APROVADO PARCIAL,C,True,valido_automatico
SMP-004088,REINSPECAO REPROVADA,A,True,revisar
SMP-003222,FORA DE ESPECIFICACAO,C,False,recusar_automatico
SMP-001444,AJUSTE REPROVADO,B,False,recusar_automatico
SMP-011438,PENDENTE,C,False,valido_automatico
SMP-004846,PENDENTE,A,True,revisar
SMP-001428,CANCELADO,B,False,recusar_automatico
SMP-001486,FORA DE ESPECIFICACAO,B,False,recusar_automatico
SMP-004837,ESPECIFICAÇÃO EM REVISÃO,A,True,revisar
SMP-003166,REINSPECAO REPROVADA,C,False,recusar_automatico
SMP-007737,ESPECIFICAÇÃO EM REVISÃO,C,False,revisar
SMP-002536,CANCELADO,B,False,recusar_automatico
SMP-005152,ESPECIFICAÇÃO EM REVISÃO,A,False,revisar
SMP-008438,AJUSTE CONCLUIDO,A,False,valido_automatico
SMP-001038,FORA DE ESPECIFICACAO,A,False,recusar_automatico
SMP-002841,FORA DE ESPECIFICACAO,C,True,recusar_automatico
SMP-001665,CANCELADO,B,True,recusar_automatico
SMP-010416,AJUSTE REPROVADO,B,False,valido_automatico
SMP-000853,AJUSTE REPROVADO,A,True,recusar_automatico
SMP-010632,APROVADO PARCIAL,B,True,valido_automatico
SMP-007591,APROVADO PARCIAL,C,False,revisar
SMP-010538,APROVADO PARCIAL,B,False,valido_automatico
SMP-006062,ESPECIFICAÇÃO EM REVISÃO,B,False,revisar
SMP-009966,EM AJUSTE,B,False,valido_automatico
SMP-001685,REINSPECAO REPROVADA,B,True,recusar_automatico
SMP-002573,FORA DE ESPECIFICACAO,B,True,recusar_automatico
SMP-005108,EM ANALISE,A,True,revisar
SMP-010712,AJUSTE CONCLUIDO,C,False,valido_automatico
SMP-009941,EM AJUSTE,B,False,valido_automatico
SMP-002083,REINSPECAO REPROVADA,B,False,recusar_automatico
SMP-004246,AGUARDANDO REINSPEÇÃO,A,False,revisar
SMP-003098,EM ANALISE,C,True,recusar_automatico
SMP-006311,AGUARDANDO REINSPEÇÃO,B,True,revisar
SMP-010899,EM AJUSTE,C,False,valido_automatico
SMP-001066,CANCELADO,A,True,recusar_automatico
SMP-008731,PENDENTE,A,False,valido_automatico
SMP-003213,EM AJUSTE,C,False,recusar_automatico
SMP-000910,AJUSTE REPROVADO,A,True,recusar_automatico
SMP-000673,PENDENTE,A,False,recusar_automatico
SMP-008975,APROVADO PARCIAL,A,True,valido_automatico
SMP-001503,CANCELADO,B,False,recusar_automatico
SMP-009371,AJUSTE CONCLUIDO,B,True,valido_automatico
SMP-008725,APROVADO PARCIAL,A,True,valido_automatico
SMP-011541,PENDENTE,C,True,valido_automatico
SMP-003611,FORA DE ESPECIFICACAO,C,False,recusar_automatico
SMP-009628,AJUSTE CONCLUIDO,B,True,valido_automatico
SMP-001591,AJUSTE REPROVADO,B,True,recusar_automatico
SMP-003368,FORA DE ESPECIFICACAO,C,False,recusar_automatico
SMP-008816,AJUSTE CONCLUIDO,A,False,valido_automatico
SMP-003525,AJUSTE REPROVADO,C,True,recusar_automatico
SMP-002914,AJUSTE REPROVADO,C,False,recusar_automatico
SMP-010172,EM ANÁLISE,B,False,valido_automatico
SMP-005656,EM ANALISE,B,False,revisar
SMP-007549,AGUARDANDO REINSPEÇÃO,C,True,revisar
SMP-006174,EM ANALISE,B,False,revisar
SMP-001813,CANCELADO,B,False,recusar_automatico
SMP-008501,APROVADO PARCIAL,A,True,valido_automatico
SMP-005915,AGUARDANDO REINSPEÇÃO,B,False,revisar
SMP-005412,PENDENTE,B,True,revisar
SMP-006146,PENDENTE,B,True,revisar
SMP-011985,APROVADO PARCIAL,C,True,valido_automatico
SMP-002799,REINSPECAO REPROVADA,C,False,recusar_automatico
SMP-001245,REINSPECAO REPROVADA,A,False,recusar_automatico
SMP-004974,EM ANALISE,A,False,revisar
SMP-008561,AJUSTE CONCLUIDO,A,False,valido_automatico
SMP-009460,AJUSTE CONCLUIDO,B,True,valido_automatico
SMP-000949,AJUSTE REPROVADO,A,False,recusar_automatico
SMP-010157,EM AJUSTE,B,False,valido_automatico
SMP-010201,AJUSTE REPROVADO,B,True,valido_automatico
SMP-005632,APROVADO PARCIAL,B,False,revisar
SMP-005372,ESPECIFICAÇÃO EM REVISÃO,B,True,revisar
SMP-009869,APROVADO PARCIAL,B,True,valido_automatico
SMP-009018,PENDENTE,A,True,valido_automatico
SMP-008012,AJUSTE CONCLUIDO,A,True,valido_automatico
SMP-001949,FORA DE ESPECIFICACAO,B,False,recusar_automatico
SMP-010820,EM ANÁLISE,C,True,valido_automatico
SMP-005975,EM ANALISE,B,False,revisar
SMP-008815,AJUSTE CONCLUIDO,A,True,valido_automatico
SMP-008639,AJUSTE CONCLUIDO,A,False,valido_automatico
SMP-010647,PENDENTE,B,False,valido_automatico
SMP-003442,CANCELADO,C,True,recusar_automatico
SMP-005723,AJUSTE CONCLUIDO,B,True,revisar
SMP-001287,CANCELADO,A,True,recusar_automatico
SMP-011353,APROVADO PARCIAL,C,False,valido_automatico
SMP-010587,AJUSTE CONCLUIDO,B,False,valido_automatico
SMP-006856,PENDENTE,C,False,revisar
SMP-004384,AGUARDANDO REINSPEÇÃO,A,False,revisar
SMP-011517,APROVADO PARCIAL,C,False,valido_automatico
SMP-006126,EM ANALISE,B,True,revisar
SMP-008424,AJUSTE REPROVADO,A,False,valido_automatico
SMP-005822,REINSPECAO REPROVADA,B,False,revisar
SMP-010780,EM ANÁLISE,C,True,valido_automatico
SMP-000142,FORA DE ESPECIFICACAO,A,True,recusar_automatico
SMP-011641,AJUSTE CONCLUIDO,C,True,valido_automatico
SMP-008282,APROVADO PARCIAL,A,True,valido_automatico
SMP-001251,FORA DE ESPECIFICACAO,A,False,recusar_automatico
SMP-006005,EM ANALISE,B,True,revisar
SMP-003336,FORA DE ESPECIFICACAO,C,True,recusar_automatico
SMP-001478,AGUARDANDO REINSPEÇÃO,B,True,recusar_automatico
SMP-003339,CANCELADO,C,False,recusar_automatico
SMP-011940,AJUSTE CONCLUIDO,C,False,valido_automatico
SMP-010495,EM ANÁLISE,B,False,valido_automatico
SMP-007850,AJUSTE REPROVADO,C,False,revisar
SMP-008142,APROVADO PARCIAL,A,True,valido_automatico
SMP-005081,EM ANALISE,A,True,revisar
SMP-006777,AJUSTE CONCLUIDO,C,True,revisar
SMP-006657,AGUARDANDO REINSPEÇÃO,B,False,revisar
SMP-011027,APROVADO PARCIAL,C,False,valido_automatico
SMP-010884,APROVADO PARCIAL,C,True,valido_automatico
SMP-010716,APROVADO PARCIAL,C,True,valido_automatico
SMP-003698,AJUSTE REPROVADO,C,False,recusar_automatico
SMP-007879,CANCELADO,C,False,revisar
SMP-008267,APROVADO PARCIAL,A,True,valido_automatico
SMP-003702,AJUSTE REPROVADO,C,True,recusar_automatico
SMP-002728,REINSPECAO REPROVADA,C,True,recusar_automatico
SMP-000274,AJUSTE REPROVADO,A,False,recusar_automatico
SMP-001690,CANCELADO,B,True,recusar_automatico
SMP-004621,ESPECIFICAÇÃO EM REVISÃO,A,False,revisar
SMP-004301,PENDENTE,A,False,revisar
SMP-009924,APROVADO PARCIAL,B,False,valido_automatico
SMP-005363,AGUARDANDO REINSPEÇÃO,B,False,revisar
SMP-003080,FORA DE ESPECIFICACAO,C,False,recusar_automatico
SMP-000044,PENDENTE,A,False,recusar_automatico
SMP-002101,AJUSTE REPROVADO,B,False,recusar_automatico
SMP-004956,PENDENTE,A,True,revisar
SMP-004903,EM ANALISE,A,True,revisar
SMP-007459,EM ANALISE,C,True,revisar
SMP-011217,AJUSTE CONCLUIDO,C,False,valido_automatico
SMP-002747,CANCELADO,C,False,recusar_automatico
SMP-005564,ESPECIFICAÇÃO EM REVISÃO,B,False,revisar
SMP-008198,PENDENTE,A,True,valido_automatico
SMP-011956,EM ANÁLISE,C,False,valido_automatico
SMP-004151,AGUARDANDO REINSPEÇÃO,A,True,revisar
SMP-001480,REINSPECAO REPROVADA,B,False,recusar_automatico
SMP-009680,APROVADO PARCIAL,B,True,valido_automatico
SMP-009041,APROVADO PARCIAL,A,False,valido_automatico
SMP-003494,FORA DE ESPECIFICACAO,C,True,recusar_automatico
SMP-003992,FORA DE ESPECIFICACAO,C,False,recusar_automatico
SMP-007391,APROVADO PARCIAL,C,True,revisar
SMP-005039,EM ANALISE,A,True,revisar
SMP-007939,PENDENTE,C,True,revisar
SMP-005052,AGUARDANDO REINSPEÇÃO,A,False,revisar
SMP-000529,EM AJUSTE,A,True,recusar_automatico
SMP-010759,AJUSTE CONCLUIDO,C,False,valido_automatico
SMP-006366,EM ANALISE,B,False,revisar
SMP-008716,AJUSTE CONCLUIDO,A,True,valido_automatico
SMP-001446,AJUSTE REPROVADO,B,False,recusar_automatico
SMP-003544,CANCELADO,C,True,recusar_automatico
SMP-001102,CANCELADO,A,False,recusar_automatico
SMP-005810,ESPECIFICAÇÃO EM REVISÃO,B,True,revisar
SMP-000898,ESPECIFICAÇÃO EM REVISÃO,A,False,recusar_automatico
SMP-004152,EM ANALISE,A,True,revisar
SMP-001100,AJUSTE REPROVADO,A,True,recusar_automatico
SMP-002549,REINSPECAO REPROVADA,B,True,recusar_automatico
SMP-002863,AJUSTE REPROVADO,C,True,recusar_automatico
SMP-006920,ESPECIFICAÇÃO EM REVISÃO,C,False,revisar
SMP-008766,APROVADO PARCIAL,A,True,valido_automatico
SMP-010210,AJUSTE CONCLUIDO,B,True,valido_automatico
SMP-003965,REINSPECAO REPROVADA,C,False,recusar_automatico
SMP-007884,AGUARDANDO REINSPEÇÃO,C,True,revisar
SMP-010842,EM ANÁLISE,C,False,valido_automatico
SMP-005170,PENDENTE,A,False,revisar
SMP-000285,REINSPECAO REPROVADA,A,False,recusar_automatico
SMP-004683,ESPECIFICAÇÃO EM REVISÃO,A,False,revisar
SMP-006928,AGUARDANDO REINSPEÇÃO,C,False,revisar
SMP-008133,AJUSTE REPROVADO,A,False,valido_automatico
SMP-003047,PENDENTE,C,True,recusar_automatico
SMP-009409,EM AJUSTE,B,True,valido_automatico
SMP-002957,REINSPECAO REPROVADA,C,False,recusar_automatico
SMP-000060,REINSPECAO REPROVADA,A,True,recusar_automatico
SMP-003794,AGUARDANDO REINSPEÇÃO,C,True,recusar_automatico
SMP-003813,CANCELADO,C,True,recusar_automatico
SMP-002689,AJUSTE REPROVADO,C,False,recusar_automatico
SMP-004526,APROVADO PARCIAL,A,False,revisar
SMP-001111,FORA DE ESPECIFICACAO,A,True,recusar_automatico
SMP-010139,APROVADO PARCIAL,B,False,valido_automatico
SMP-010517,AJUSTE CONCLUIDO,B,True,valido_automatico
SMP-008631,AJUSTE CONCLUIDO,A,False,valido_automatico
SMP-000275,CANCELADO,A,True,recusar_automatico
SMP-006143,EM ANALISE,B,False,revisar
SMP-009604,APROVADO PARCIAL,B,False,valido_automatico
SMP-009837,EM AJUSTE,B,True,valido_automatico
SMP-005622,REINSPECAO REPROVADA,B,False,revisar
SMP-006622,CANCELADO,B,False,revisar
SMP-010765,AJUSTE CONCLUIDO,C,True,valido_automatico
SMP-002182,AJUSTE REPROVADO,B,False,recusar_automatico
SMP-006110,APROVADO PARCIAL,B,True,revisar
SMP-000260,CANCELADO,A,False,recusar_automatico
SMP-010062,APROVADO PARCIAL,B,True,valido_automatico
SMP-002413,EM AJUSTE,B,True,recusar_automatico
SMP-008972,APROVADO PARCIAL,A,False,valido_automatico
SMP-006282,AJUSTE CONCLUIDO,B,True,revisar
SMP-006552,ESPECIFICAÇÃO EM REVISÃO,B,True,revisar
SMP-011611,EM ANÁLISE,C,True,valido_automatico
SMP-009561,AJUSTE CONCLUIDO,B,True,valido_automatico
SMP-010714,APROVADO PARCIAL,C,True,valido_automatico
SMP-004599,PENDENTE,A,False,revisar
SMP-010869,APROVADO PARCIAL,C,True,valido_automatico
SMP-007977,PENDENTE,C,False,revisar
SMP-011919,AJUSTE CONCLUIDO,C,True,valido_automatico
SMP-006691,ESPECIFICAÇÃO EM REVISÃO,C,True,revisar
SMP-010533,APROVADO PARCIAL,B,False,valido_automatico
SMP-008368,APROVADO PARCIAL,A,False,valido_automatico
SMP-001524,AJUSTE REPROVADO,B,True,recusar_automatico
SMP-006965,REINSPECAO REPROVADA,C,True,revisar
SMP-007352,AGUARDANDO REINSPEÇÃO,C,False,revisar
SMP-007707,ESPECIFICAÇÃO EM REVISÃO,C,False,revisar
SMP-005021,PENDENTE,A,True,revisar
SMP-005112,EM AJUSTE,A,True,revisar
SMP-001254,FORA DE ESPECIFICACAO,A,False,recusar_automatico
SMP-006986,AGUARDANDO REINSPEÇÃO,C,True,revisar
SMP-006583,AJUSTE REPROVADO,B,True,revisar
SMP-004534,AGUARDANDO REINSPEÇÃO,A,False,revisar
SMP-007338,EM ANALISE,C,True,revisar
SMP-003524,CANCELADO,C,False,recusar_automatico
SMP-010687,AJUSTE CONCLUIDO,C,False,valido_automatico
SMP-005215,ESPECIFICAÇÃO EM REVISÃO,A,False,revisar
SMP-001668,AJUSTE REPROVADO,B,False,recusar_automatico
SMP-008973,AJUSTE CONCLUIDO,A,True,valido_automatico
SMP-001422,REINSPECAO REPROVADA,B,True,recusar_automatico
SMP-001317,REINSPECAO REPROVADA,A,True,recusar_automatico
SMP-005151,CANCELADO,A,False,revisar
SMP-006539,ESPECIFICAÇÃO EM REVISÃO,B,False,revisar
SMP-009693,AJUSTE CONCLUIDO,B,True,valido_automatico
SMP-009302,APROVADO PARCIAL,A,False,valido_automatico
SMP-008223,AJUSTE CONCLUIDO,A,True,valido_automatico
SMP-009796,APROVADO PARCIAL,B,True,valido_automatico
SMP-009831,AJUSTE CONCLUIDO,B,False,valido_automatico
SMP-001289,CANCELADO,A,False,recusar_automatico
SMP-001275,EM ANALISE,A,True,recusar_automatico
SMP-006905,PENDENTE,C,True,revisar
SMP-011647,AJUSTE CONCLUIDO,C,False,valido_automatico
SMP-009584,AJUSTE CONCLUIDO,B,True,valido_automatico
SMP-011103,APROVADO PARCIAL,C,False,valido_automatico
SMP-011620,APROVADO PARCIAL,C,True,valido_automatico
SMP-000982,CANCELADO,A,False,recusar_automatico
SMP-001150,ESPECIFICAÇÃO EM REVISÃO,A,True,recusar_automatico
SMP-001290,FORA DE ESPECIFICACAO,A,False,recusar_automatico
SMP-009350,EM ANÁLISE,B,False,valido_automatico
SMP-000474,FORA DE ESPECIFICACAO,A,False,recusar_automatico
SMP-007642,AJUSTE REPROVADO,C,False,revisar
SMP-004264,EM ANALISE,A,True,revisar
SMP-000604,CANCELADO,A,False,recusar_automatico
SMP-000221,ESPECIFICAÇÃO EM REVISÃO,A,False,recusar_automatico
SMP-010344,EM AJUSTE,B,True,valido_automatico
SMP-000523,CANCELADO,A,True,recusar_automatico
SMP-007043,AJUSTE CONCLUIDO,C,True,revisar
SMP-006744,AGUARDANDO REINSPEÇÃO,C,False,revisar
SMP-002133,CANCELADO,B,True,recusar_automatico
SMP-003282,FORA DE ESPECIFICACAO,C,False,recusar_automatico
SMP-011146,APROVADO PARCIAL,C,True,valido_automatico
SMP-005603,EM ANALISE,B,True,revisar
SMP-004031,ESPECIFICAÇÃO EM REVISÃO,A,True,revisar
SMP-005988,PENDENTE,B,False,revisar
SMP-006925,EM ANALISE,C,False,revisar
SMP-005465,EM ANALISE,B,False,revisar
SMP-008608,AJUSTE CONCLUIDO,A,True,valido_automatico
SMP-004001,EM AJUSTE,A,True,revisar
SMP-005627,PENDENTE,B,True,revisar
SMP-004316,ESPECIFICAÇÃO EM REVISÃO,A,True,revisar
SMP-004760,PENDENTE,A,True,revisar
SMP-003968,CANCELADO,C,True,recusar_automatico
SMP-002458,ESPECIFICAÇÃO EM REVISÃO,B,True,recusar_automatico
SMP-008295,EM AJUSTE,A,True,valido_automatico
SMP-005851,AGUARDANDO REINSPEÇÃO,B,False,revisar
SMP-006528,ESPECIFICAÇÃO EM REVISÃO,B,True,revisar
SMP-006105,EM ANALISE,B,False,revisar
SMP-006702,AGUARDANDO REINSPEÇÃO,C,False,revisar
SMP-000549,ESPECIFICAÇÃO EM REVISÃO,A,False,recusar_automatico
SMP-004551,EM ANALISE,A,False,revisar
SMP-009355,PENDENTE,B,True,valido_automatico
SMP-011512,AJUSTE CONCLUIDO,C,True,valido_automatico
SMP-010541,EM AJUSTE,B,True,valido_automatico
SMP-000530,FORA DE ESPECIFICACAO,A,True,recusar_automatico
SMP-000954,FORA DE ESPECIFICACAO,A,False,recusar_automatico
SMP-009640,AJUSTE CONCLUIDO,B,True,valido_automatico
SMP-010191,EM ANÁLISE,B,False,valido_automatico
SMP-000974,AGUARDANDO REINSPEÇÃO,A,True,recusar_automatico
SMP-003408,REINSPECAO REPROVADA,C,True,recusar_automatico
SMP-003403,REINSPECAO REPROVADA,C,True,recusar_automatico
SMP-007720,PENDENTE,C,False,revisar
SMP-005196,AGUARDANDO REINSPEÇÃO,A,True,revisar
SMP-001246,AJUSTE REPROVADO,A,True,recusar_automatico
SMP-001447,CANCELADO,B,True,recusar_automatico
SMP-004884,AGUARDANDO REINSPEÇÃO,A,False,revisar
SMP-003273,EM ANALISE,C,False,recusar_automatico
SMP-005747,EM ANALISE,B,False,revisar
SMP-007294,PENDENTE,C,False,revisar
SMP-009778,AJUSTE CONCLUIDO,B,False,valido_automatico
SMP-005049,AJUSTE CONCLUIDO,A,False,revisar
SMP-001320,AJUSTE REPROVADO,A,False,recusar_automatico
SMP-005812,AGUARDANDO REINSPEÇÃO,B,True,revisar
SMP-007656,EM AJUSTE,C,True,revisar
SMP-006902,EM ANALISE,C,False,revisar
SMP-007865,PENDENTE,C,True,revisar
SMP-000370,AJUSTE REPROVADO,A,False,recusar_automatico
SMP-002463,CANCELADO,B,False,recusar_automatico
SMP-004345,APROVADO PARCIAL,A,False,revisar
SMP-000410,FORA DE ESPECIFICACAO,A,True,recusar_automatico
SMP-004611,PENDENTE,A,False,revisar
SMP-007788,AGUARDANDO REINSPEÇÃO,C,True,revisar
SMP-009136,EM AJUSTE,A,True,valido_automatico
SMP-006880,EM ANALISE,C,False,revisar
SMP-007631,APROVADO PARCIAL,C,True,revisar
SMP-006379,EM ANALISE,B,True,revisar
SMP-011271,APROVADO PARCIAL,C,False,valido_automatico
SMP-003933,CANCELADO,C,True,recusar_automatico
SMP-000451,CANCELADO,A,False,recusar_automatico
SMP-010747,APROVADO PARCIAL,C,False,valido_automatico
SMP-010762,EM ANÁLISE,C,True,valido_automatico
SMP-011545,APROVADO PARCIAL,C,False,valido_automatico
SMP-003118,FORA DE ESPECIFICACAO,C,True,recusar_automatico
SMP-005803,ESPECIFICAÇÃO EM REVISÃO,B,False,revisar
SMP-009625,PENDENTE,B,True,valido_automatico
SMP-002267,AJUSTE REPROVADO,B,True,recusar_automatico
SMP-005477,AGUARDANDO REINSPEÇÃO,B,False,revisar
SMP-008232,APROVADO PARCIAL,A,True,valido_automatico
SMP-011824,EM AJUSTE,C,True,valido_automatico
SMP-003923,REINSPECAO REPROVADA,C,False,recusar_automatico
SMP-010651,APROVADO PARCIAL,B,False,valido_automatico
SMP-004700,EM ANALISE,A,False,revisar
SMP-004467,EM ANALISE,A,True,revisar
SMP-010048,AJUSTE CONCLUIDO,B,True,valido_automatico
SMP-006134,AJUSTE CONCLUIDO,B,False,revisar
SMP-008124,AJUSTE CONCLUIDO,A,True,valido_automatico
SMP-004342,AGUARDANDO REINSPEÇÃO,A,True,revisar
SMP-011989,APROVADO PARCIAL,C,False,valido_automatico
SMP-008002,ESPECIFICAÇÃO EM REVISÃO,A,False,valido_automatico
SMP-009920,EM AJUSTE,B,False,valido_automatico
SMP-009082,APROVADO PARCIAL,A,True,valido_automatico
SMP-010064,AJUSTE CONCLUIDO,B,False,valido_automatico
SMP-008347,AJUSTE CONCLUIDO,A,True,valido_automatico
SMP-000675,AJUSTE REPROVADO,A,False,recusar_automatico
SMP-005131,ESPECIFICAÇÃO EM REVISÃO,A,True,revisar
SMP-008818,EM AJUSTE,A,False,valido_automatico
SMP-007283,EM ANALISE,C,True,revisar
SMP-006430,ESPECIFICAÇÃO EM REVISÃO,B,False,revisar
SMP-004015,REINSPECAO REPROVADA,A,False,revisar
SMP-006360,AGUARDANDO REINSPEÇÃO,B,False,revisar
SMP-002227,CANCELADO,B,True,recusar_automatico
SMP-006775,EM ANALISE,C,False,revisar
SMP-002836,CANCELADO,C,False,recusar_automatico
SMP-007013,ESPECIFICAÇÃO EM REVISÃO,C,True,revisar
SMP-007563,EM AJUSTE,C,True,revisar
SMP-011334,AJUSTE CONCLUIDO,C,False,valido_automatico
SMP-005855,PENDENTE,B,True,revisar
SMP-004587,PENDENTE,A,False,revisar
SMP-004940,REINSPECAO REPROVADA,A,True,revisar
SMP-007316,AGUARDANDO REINSPEÇÃO,C,True,revisar
SMP-011400,APROVADO PARCIAL,C,True,valido_automatico
SMP-003602,REINSPECAO REPROVADA,C,True,recusar_automatico
SMP-007349,AGUARDANDO REINSPEÇÃO,C,False,revisar
SMP-000784,FORA DE ESPECIFICACAO,A,True,recusar_automatico
SMP-007812,EM ANALISE,C,True,revisar
SMP-001455,REINSPECAO REPROVADA,B,True,recusar_automatico
SMP-006909,PENDENTE,C,True,revisar
SMP-007205,EM ANALISE,C,False,revisar
SMP-006075,ESPECIFICAÇÃO EM REVISÃO,B,False,revisar
SMP-003643,CANCELADO,C,False,recusar_automatico
SMP-003215,AJUSTE REPROVADO,C,True,recusar_automatico
SMP-002467,REINSPECAO REPROVADA,B,False,recusar_automatico
SMP-001179,REINSPECAO REPROVADA,A,True,recusar_automatico
SMP-008802,EM ANÁLISE,A,False,valido_automatico
SMP-001720,ESPECIFICAÇÃO EM REVISÃO,B,False,recusar_automatico
SMP-003812,AJUSTE REPROVADO,C,False,recusar_automatico
SMP-004008,AGUARDANDO REINSPEÇÃO,A,False,revisar
SMP-006186,EM ANALISE,B,False,revisar
SMP-009794,APROVADO PARCIAL,B,True,valido_automatico
SMP-008335,APROVADO PARCIAL,A,True,valido_automatico
SMP-006603,ESPECIFICAÇÃO EM REVISÃO,B,True,revisar
SMP-004230,PENDENTE,A,False,revisar
SMP-009751,AJUSTE CONCLUIDO,B,True,valido_automatico
SMP-010304,EM AJUSTE,B,False,valido_automatico
SMP-011315,APROVADO PARCIAL,C,False,valido_automatico
SMP-004609,AGUARDANDO REINSPEÇÃO,A,False,revisar
SMP-004982,AGUARDANDO REINSPEÇÃO,A,False,revisar
SMP-004158,EM ANALISE,A,False,revisar
SMP-003533,AJUSTE REPROVADO,C,False,recusar_automatico
SMP-006922,AGUARDANDO REINSPEÇÃO,C,False,revisar
SMP-003184,AJUSTE REPROVADO,C,True,recusar_automatico
SMP-000846,AJUSTE REPROVADO,A,False,recusar_automatico
SMP-002404,REINSPECAO REPROVADA,B,True,recusar_automatico
SMP-006799,ESPECIFICAÇÃO EM REVISÃO,C,False,revisar
SMP-005367,ESPECIFICAÇÃO EM REVISÃO,B,True,revisar
SMP-006346,AJUSTE CONCLUIDO,B,True,revisar
SMP-003543,FORA DE ESPECIFICACAO,C,True,recusar_automatico
SMP-000800,AJUSTE REPROVADO,A,True,recusar_automatico
SMP-007780,PENDENTE,C,True,revisar
SMP-006162,AJUSTE CONCLUIDO,B,True,revisar
SMP-008589,AJUSTE CONCLUIDO,A,True,valido_automatico
SMP-005739,ESPECIFICAÇÃO EM REVISÃO,B,False,revisar
SMP-007532,ESPECIFICAÇÃO EM REVISÃO,C,True,revisar
SMP-008024,PENDENTE,A,False,valido_automatico
SMP-002416,CANCELADO,B,True,recusar_automatico
SMP-006044,EM AJUSTE,B,False,revisar
SMP-008253,APROVADO PARCIAL,A,True,valido_automatico
SMP-010531,EM AJUSTE,B,True,valido_automatico
SMP-004817,PENDENTE,A,True,revisar
SMP-000026,REINSPECAO REPROVADA,A,False,recusar_automatico
SMP-003415,REINSPECAO REPROVADA,C,False,recusar_automatico
SMP-011623,APROVADO PARCIAL,C,True,valido_automatico
SMP-010001,APROVADO PARCIAL,B,True,valido_automatico
SMP-001378,CANCELADO,B,False,recusar_automatico
SMP-005464,AGUARDANDO REINSPEÇÃO,B,True,revisar
SMP-009849,AJUSTE CONCLUIDO,B,False,valido_automatico
SMP-006183,PENDENTE,B,False,revisar
SMP-009472,AGUARDANDO REINSPEÇÃO,B,False,valido_automatico
SMP-009000,PENDENTE,A,True,valido_automatico
SMP-007198,ESPECIFICAÇÃO EM REVISÃO,C,True,revisar
SMP-002316,FORA DE ESPECIFICACAO,B,True,recusar_automatico
SMP-001302,PENDENTE,A,True,recusar_automatico
SMP-000357,REINSPECAO REPROVADA,A,False,recusar_automatico
SMP-011809,APROVADO PARCIAL,C,False,valido_automatico
SMP-000311,AJUSTE REPROVADO,A,False,recusar_automatico
SMP-003617,CANCELADO,C,False,recusar_automatico
SMP-005748,AJUSTE REPROVADO,B,True,revisar
SMP-008392,ESPECIFICAÇÃO EM REVISÃO,A,True,valido_automatico
SMP-005294,AGUARDANDO REINSPEÇÃO,A,False,revisar
SMP-003210,REINSPECAO REPROVADA,C,True,recusar_automatico
SMP-006314,AGUARDANDO REINSPEÇÃO,B,False,revisar
SMP-000849,CANCELADO,A,False,recusar_automatico
SMP-009164,EM ANÁLISE,A,True,valido_automatico
SMP-006672,ESPECIFICAÇÃO EM REVISÃO,C,True,revisar
SMP-004006,ESPECIFICAÇÃO EM REVISÃO,A,False,revisar
SMP-009388,ESPECIFICAÇÃO EM REVISÃO,B,True,valido_automatico
SMP-004711,PENDENTE,A,False,revisar
SMP-010598,APROVADO PARCIAL,B,False,valido_automatico
SMP-008476,AJUSTE CONCLUIDO,A,True,valido_automatico
SMP-004086,EM AJUSTE,A,True,revisar
SMP-006739,ESPECIFICAÇÃO EM REVISÃO,C,False,revisar
SMP-010309,EM AJUSTE,B,False,valido_automatico
SMP-001169,CANCELADO,A,False,recusar_automatico
SMP-008425,APROVADO PARCIAL,A,False,valido_automatico
SMP-004930,ESPECIFICAÇÃO EM REVISÃO,A,False,revisar
SMP-006167,PENDENTE,B,False,revisar
SMP-002826,AJUSTE REPROVADO,C,False,recusar_automatico
SMP-007010,CANCELADO,C,False,revisar
SMP-008037,AJUSTE CONCLUIDO,A,False,valido_automatico
SMP-005304,PENDENTE,A,False,revisar
SMP-010902,APROVADO PARCIAL,C,False,valido_automatico
SMP-003944,AJUSTE REPROVADO,C,False,recusar_automatico
SMP-000913,AJUSTE REPROVADO,A,False,recusar_automatico
SMP-005414,EM ANALISE,B,True,revisar
SMP-002131,AJUSTE REPROVADO,B,False,recusar_automatico
SMP-000546,AJUSTE REPROVADO,A,False,recusar_automatico
SMP-004927,AJUSTE CONCLUIDO,A,False,revisar
SMP-002038,CANCELADO,B,False,recusar_automatico
SMP-007303,AGUARDANDO REINSPEÇÃO,C,True,revisar
SMP-005426,EM AJUSTE,B,False,revisar
SMP-002750,AJUSTE REPROVADO,C,True,recusar_automatico
SMP-009631,APROVADO PARCIAL,B,False,valido_automatico
SMP-008800,PENDENTE,A,True,valido_automatico
SMP-007728,ESPECIFICAÇÃO EM REVISÃO,C,False,revisar
SMP-001182,AJUSTE REPROVADO,A,False,recusar_automatico
SMP-010978,APROVADO PARCIAL,C,True,valido_automatico
SMP-009192,AJUSTE CONCLUIDO,A,True,valido_automatico
SMP-002916,PENDENTE,C,True,recusar_automatico
SMP-004331,EM ANALISE,A,False,revisar
SMP-011952,AJUSTE CONCLUIDO,C,False,valido_automatico
SMP-000747,AJUSTE REPROVADO,A,False,recusar_automatico
SMP-005094,PENDENTE,A,False,revisar
SMP-005623,AJUSTE REPROVADO,B,True,revisar
SMP-007938,ESPECIFICAÇÃO EM REVISÃO,C,False,revisar
SMP-003758,FORA DE ESPECIFICACAO,C,False,recusar_automatico
SMP-011433,APROVADO PARCIAL,C,False,valido_automatico
SMP-006694,CANCELADO,C,False,revisar
SMP-006701,ESPECIFICAÇÃO EM REVISÃO,C,True,revisar
SMP-005491,EM ANALISE,B,False,revisar
SMP-010580,APROVADO PARCIAL,B,False,valido_automatico
SMP-000273,REINSPECAO REPROVADA,A,False,recusar_automatico
SMP-011968,APROVADO PARCIAL,C,False,valido_automatico
SMP-004559,EM ANALISE,A,False,revisar
SMP-000306,AJUSTE REPROVADO,A,True,recusar_automatico
SMP-005369,CANCELADO,B,True,revisar
SMP-008473,APROVADO PARCIAL,A,False,valido_automatico
SMP-009429,EM AJUSTE,B,True,valido_automatico
SMP-007127,PENDENTE,C,False,revisar
SMP-010481,EM ANÁLISE,B,True,valido_automatico
SMP-010006,AJUSTE CONCLUIDO,B,False,valido_automatico
SMP-006029,AGUARDANDO REINSPEÇÃO,B,True,revisar
SMP-011520,AJUSTE CONCLUIDO,C,False,valido_automatico
SMP-004655,REINSPECAO REPROVADA,A,False,revisar
SMP-003350,FORA DE ESPECIFICACAO,C,False,recusar_automatico
SMP-002961,CANCELADO,C,False,recusar_automatico
SMP-009224,ESPECIFICAÇÃO EM REVISÃO,A,True,valido_automatico
SMP-004273,PENDENTE,A,True,revisar
SMP-004793,AGUARDANDO REINSPEÇÃO,A,False,revisar
SMP-010850,EM ANÁLISE,C,False,valido_automatico
SMP-008052,AJUSTE CONCLUIDO,A,False,valido_automatico
SMP-006298,APROVADO PARCIAL,B,True,revisar
SMP-001572,PENDENTE,B,False,recusar_automatico
SMP-000328,CANCELADO,A,False,recusar_automatico
SMP-006921,ESPECIFICAÇÃO EM REVISÃO,C,False,revisar
SMP-008277,AJUSTE CONCLUIDO,A,True,valido_automatico
SMP-008894,AJUSTE REPROVADO,A,True,valido_automatico
SMP-001255,AJUSTE REPROVADO,A,False,recusar_automatico
SMP-005550,EM ANALISE,B,True,revisar
SMP-010693,AJUSTE CONCLUIDO,C,True,valido_automatico
SMP-000001,CANCELADO,A,True,recusar_automatico
SMP-005338,PENDENTE,B,True,revisar
SMP-007081,EM AJUSTE,C,True,revisar
SMP-006863,ESPECIFICAÇÃO EM REVISÃO,C,False,revisar
SMP-005874,PENDENTE,B,True,revisar
SMP-011388,APROVADO PARCIAL,C,False,valido_automatico
SMP-006426,ESPECIFICAÇÃO EM REVISÃO,B,False,revisar
SMP-005517,PENDENTE,B,False,revisar
SMP-001682,AJUSTE REPROVADO,B,True,recusar_automatico
SMP-007341,ESPECIFICAÇÃO EM REVISÃO,C,False,revisar
SMP-004272,AGUARDANDO REINSPEÇÃO,A,True,revisar
SMP-011991,AJUSTE CONCLUIDO,C,False,valido_automatico
SMP-003521,FORA DE ESPECIFICACAO,C,False,recusar_automatico
SMP-000432,PENDENTE,A,False,recusar_automatico
SMP-011601,APROVADO PARCIAL,C,False,valido_automatico
SMP-001345,FORA DE ESPECIFICACAO,B,True,recusar_automatico
SMP-007215,ESPECIFICAÇÃO EM REVISÃO,C,True,revisar
SMP-010179,AJUSTE CONCLUIDO,B,True,valido_automatico
SMP-004274,EM ANALISE,A,True,revisar
SMP-001393,CANCELADO,B,False,recusar_automatico
SMP-000844,CANCELADO,A,False,recusar_automatico
SMP-009573,APROVADO PARCIAL,B,False,valido_automatico
SMP-007099,PENDENTE,C,True,revisar
SMP-000365,AJUSTE REPROVADO,A,True,recusar_automatico
SMP-011798,EM ANÁLISE,C,False,valido_automatico
SMP-007497,EM AJUSTE,C,True,revisar
SMP-011367,EM AJUSTE,C,False,valido_automatico
SMP-006695,EM ANALISE,C,False,revisar
SMP-000269,REINSPECAO REPROVADA,A,True,recusar_automatico
SMP-007488,ESPECIFICAÇÃO EM REVISÃO,C,True,revisar
SMP-011215,PENDENTE,C,False,valido_automatico
SMP-009493,ESPECIFICAÇÃO EM REVISÃO,B,False,valido_automatico
SMP-011178,APROVADO PARCIAL,C,True,valido_automatico
SMP-008830,AJUSTE CONCLUIDO,A,False,valido_automatico
SMP-009651,APROVADO PARCIAL,B,True,valido_automatico
SMP-007373,ESPECIFICAÇÃO EM REVISÃO,C,True,revisar
SMP-007041,ESPECIFICAÇÃO EM REVISÃO,C,True,revisar
SMP-007105,PENDENTE,C,False,revisar
SMP-008460,AJUSTE CONCLUIDO,A,True,valido_automatico
SMP-011722,APROVADO PARCIAL,C,True,valido_automatico
SMP-006586,APROVADO PARCIAL,B,False,revisar
SMP-010569,AJUSTE CONCLUIDO,B,True,valido_automatico
SMP-010003,APROVADO PARCIAL,B,False,valido_automatico
SMP-004667,ESPECIFICAÇÃO EM REVISÃO,A,False,revisar
SMP-004502,ESPECIFICAÇÃO EM REVISÃO,A,False,revisar
SMP-003478,REINSPECAO REPROVADA,C,False,recusar_automatico
SMP-007461,ESPECIFICAÇÃO EM REVISÃO,C,False,revisar
SMP-008334,APROVADO PARCIAL,A,True,valido_automatico
SMP-009020,AJUSTE CONCLUIDO,A,True,valido_automatico
SMP-002235,PENDENTE,B,False,recusar_automatico
SMP-011090,AJUSTE CONCLUIDO,C,True,valido_automatico
SMP-005575,EM ANALISE,B,False,revisar
SMP-009646,EM AJUSTE,B,False,valido_automatico
SMP-009698,APROVADO PARCIAL,B,False,valido_automatico
SMP-000617,CANCELADO,A,True,recusar_automatico
SMP-000075,ESPECIFICAÇÃO EM REVISÃO,A,False,recusar_automatico
SMP-003300,AGUARDANDO REINSPEÇÃO,C,False,recusar_automatico
SMP-010953,EM AJUSTE,C,False,valido_automatico
SMP-011673,APROVADO PARCIAL,C,True,valido_automatico
SMP-002042,EM ANALISE,B,True,recusar_automatico
SMP-007503,ESPECIFICAÇÃO EM REVISÃO,C,False,revisar
SMP-004238,PENDENTE,A,False,revisar
SMP-000735,FORA DE ESPECIFICACAO,A,True,recusar_automatico
SMP-005377,EM ANALISE,B,False,revisar
SMP-006634,ESPECIFICAÇÃO EM REVISÃO,B,True,revisar
SMP-011200,AJUSTE CONCLUIDO,C,False,valido_automatico
SMP-001575,FORA DE ESPECIFICACAO,B,False,recusar_automatico
SMP-011104,EM AJUSTE,C,True,valido_automatico
SMP-005288,PENDENTE,A,True,revisar
SMP-003433,FORA DE ESPECIFICACAO,C,False,recusar_automatico
SMP-005354,EM ANALISE,B,False,revisar
SMP-004643,EM AJUSTE,A,False,revisar
SMP-006914,AJUSTE CONCLUIDO,C,True,revisar
SMP-009914,AJUSTE CONCLUIDO,B,False,valido_automatico
SMP-006995,APROVADO PARCIAL,C,True,revisar
SMP-009328,APROVADO PARCIAL,A,False,valido_automatico
SMP-011814,EM AJUSTE,C,False,valido_automatico
SMP-000136,REINSPECAO REPROVADA,A,True,recusar_automatico
SMP-010348,AJUSTE CONCLUIDO,B,True,valido_automatico
SMP-007858,AGUARDANDO REINSPEÇÃO,C,True,revisar
SMP-004457,EM ANALISE,A,True,revisar
SMP-011324,PENDENTE,C,False,valido_automatico
SMP-006115,CANCELADO,B,True,revisar
SMP-010183,EM ANÁLISE,B,False,valido_automatico
SMP-008570,APROVADO PARCIAL,A,True,valido_automatico
SMP-010381,EM ANÁLISE,B,True,valido_automatico
SMP-009166,EM ANÁLISE,A,True,valido_automatico
SMP-002673,CANCELADO,C,False,recusar_automatico
SMP-005692,ESPECIFICAÇÃO EM REVISÃO,B,False,revisar
SMP-009464,AJUSTE REPROVADO,B,False,valido_automatico
SMP-000356,AJUSTE REPROVADO,A,False,recusar_automatico
SMP-005571,AGUARDANDO REINSPEÇÃO,B,True,revisar
SMP-003346,AJUSTE REPROVADO,C,True,recusar_automatico
SMP-011590,EM ANÁLISE,C,True,valido_automatico
SMP-007369,AGUARDANDO REINSPEÇÃO,C,True,revisar
SMP-000342,REINSPECAO REPROVADA,A,False,recusar_automatico
SMP-005629,EM AJUSTE,B,False,revisar
SMP-005403,PENDENTE,B,False,revisar
SMP-009085,APROVADO PARCIAL,A,True,valido_automatico
SMP-002189,CANCELADO,B,True,recusar_automatico
SMP-010162,APROVADO PARCIAL,B,True,valido_automatico
SMP-011026,APROVADO PARCIAL,C,True,valido_automatico
SMP-002894,AJUSTE REPROVADO,C,False,recusar_automatico
SMP-009209,AJUSTE CONCLUIDO,A,True,valido_automatico
SMP-004082,PENDENTE,A,False,revisar
SMP-004658,ESPECIFICAÇÃO EM REVISÃO,A,True,revisar
SMP-002880,REINSPECAO REPROVADA,C,True,recusar_automatico
SMP-004719,EM ANALISE,A,True,revisar
SMP-005931,ESPECIFICAÇÃO EM REVISÃO,B,True,revisar
SMP-007122,PENDENTE,C,False,revisar
SMP-008319,AJUSTE CONCLUIDO,A,True,valido_automatico
SMP-000611,CANCELADO,A,False,recusar_automatico
SMP-004169,PENDENTE,A,True,revisar
SMP-010032,APROVADO PARCIAL,B,True,valido_automatico
SMP-007147,AGUARDANDO REINSPEÇÃO,C,False,revisar
SMP-011499,PENDENTE,C,True,valido_automatico
SMP-008632,APROVADO PARCIAL,A,True,valido_automatico
SMP-001680,REINSPECAO REPROVADA,B,True,recusar_automatico
SMP-006078,EM AJUSTE,B,False,revisar
SMP-011561,AJUSTE CONCLUIDO,C,False,valido_automatico
SMP-003420,AJUSTE REPROVADO,C,False,recusar_automatico
SMP-011928,PENDENTE,C,True,valido_automatico
SMP-003902,AJUSTE REPROVADO,C,False,recusar_automatico
SMP-003770,EM ANALISE,C,True,recusar_automatico
SMP-009905,APROVADO PARCIAL,B,True,valido_automatico
SMP-008828,AJUSTE CONCLUIDO,A,False,valido_automatico
SMP-008477,PENDENTE,A,True,valido_automatico
SMP-004914,PENDENTE,A,False,revisar
SMP-003303,CANCELADO,C,True,recusar_automatico
SMP-003135,REINSPECAO REPROVADA,C,True,recusar_automatico
SMP-006720,ESPECIFICAÇÃO EM REVISÃO,C,False,revisar
SMP-004427,ESPECIFICAÇÃO EM REVISÃO,A,False,revisar
SMP-003078,FORA DE ESPECIFICACAO,C,False,recusar_automatico
SMP-008395,AJUSTE CONCLUIDO,A,True,valido_automatico
SMP-002912,AJUSTE REPROVADO,C,False,recusar_automatico
SMP-006958,ESPECIFICAÇÃO EM REVISÃO,C,True,revisar
SMP-011846,EM ANÁLISE,C,False,valido_automatico
SMP-000037,CANCELADO,A,False,recusar_automatico
SMP-004818,EM AJUSTE,A,False,revisar
SMP-002438,CANCELADO,B,True,recusar_automatico
SMP-010338,AJUSTE CONCLUIDO,B,True,valido_automatico
SMP-010711,APROVADO PARCIAL,C,True,valido_automatico
SMP-011873,AJUSTE CONCLUIDO,C,True,valido_automatico
SMP-002078,CANCELADO,B,False,recusar_automatico
SMP-005007,EM ANALISE,A,False,revisar
SMP-003777,CANCELADO,C,True,recusar_automatico
SMP-010177,EM AJUSTE,B,True,valido_automatico
SMP-000267,AJUSTE REPROVADO,A,True,recusar_automatico
SMP-009976,AJUSTE CONCLUIDO,B,True,valido_automatico
SMP-003144,FORA DE ESPECIFICACAO,C,True,recusar_automatico
SMP-008877,APROVADO PARCIAL,A,True,valido_automatico
SMP-010242,EM AJUSTE,B,False,valido_automatico
SMP-001072,AJUSTE REPROVADO,A,False,recusar_automatico
SMP-001522,CANCELADO,B,False,recusar_automatico
SMP-004097,ESPECIFICAÇÃO EM REVISÃO,A,False,revisar
SMP-009318,APROVADO PARCIAL,A,False,valido_automatico
SMP-001529,FORA DE ESPECIFICACAO,B,False,recusar_automatico
SMP-006287,AGUARDANDO REINSPEÇÃO,B,False,revisar
SMP-008803,APROVADO PARCIAL,A,True,valido_automatico
SMP-003797,EM AJUSTE,C,True,recusar_automatico
SMP-011209,AJUSTE CONCLUIDO,C,False,valido_automatico
SMP-005685,ESPECIFICAÇÃO EM REVISÃO,B,False,revisar
SMP-009337,APROVADO PARCIAL,B,True,valido_automatico
SMP-002751,CANCELADO,C,False,recusar_automatico
SMP-011875,APROVADO PARCIAL,C,True,valido_automatico
SMP-009830,AJUSTE CONCLUIDO,B,False,valido_automatico
SMP-006938,CANCELADO,C,False,revisar
SMP-010879,EM ANÁLISE,C,True,valido_automatico
SMP-009554,AJUSTE CONCLUIDO,B,False,valido_automatico
SMP-007091,PENDENTE,C,False,revisar
SMP-006253,EM ANALISE,B,False,revisar
SMP-006263,EM ANALISE,B,True,revisar
SMP-007869,PENDENTE,C,True,revisar
SMP-003963,ESPECIFICAÇÃO EM REVISÃO,C,False,recusar_automatico
SMP-002860,CANCELADO,C,True,recusar_automatico
SMP-010391,PENDENTE,B,False,valido_automatico
SMP-000578,FORA DE ESPECIFICACAO,A,True,recusar_automatico
SMP-002875,AJUSTE REPROVADO,C,False,recusar_automatico
SMP-009727,APROVADO PARCIAL,B,True,valido_automatico
SMP-009469,APROVADO PARCIAL,B,False,valido_automatico
SMP-002970,CANCELADO,C,True,recusar_automatico
SMP-004378,AGUARDANDO REINSPEÇÃO,A,True,revisar
SMP-010101,AJUSTE CONCLUIDO,B,True,valido_automatico
SMP-005236,AJUSTE CONCLUIDO,A,False,revisar
SMP-011423,EM AJUSTE,C,False,valido_automatico
SMP-011485,EM AJUSTE,C,False,valido_automatico
SMP-003271,CANCELADO,C,True,recusar_automatico
SMP-011313,AJUSTE CONCLUIDO,C,True,valido_automatico
SMP-011465,EM ANÁLISE,C,False,valido_automatico
SMP-001157,CANCELADO,A,True,recusar_automatico
SMP-010935,AJUSTE CONCLUIDO,C,False,valido_automatico
SMP-001247,AJUSTE REPROVADO,A,False,recusar_automatico
SMP-006317,APROVADO PARCIAL,B,True,revisar
SMP-002935,EM AJUSTE,C,True,recusar_automatico
SMP-008333,AJUSTE CONCLUIDO,A,True,valido_automatico
SMP-000915,REINSPECAO REPROVADA,A,True,recusar_automatico
SMP-010217,EM AJUSTE,B,True,valido_automatico
SMP-010379,AJUSTE CONCLUIDO,B,False,valido_automatico
SMP-001530,AJUSTE REPROVADO,B,False,recusar_automatico
SMP-005322,PENDENTE,A,False,revisar
SMP-004917,AJUSTE REPROVADO,A,False,revisar
SMP-002200,CANCELADO,B,True,recusar_automatico
SMP-010425,APROVADO PARCIAL,B,True,valido_automatico
SMP-005097,EM ANALISE,A,False,revisar
SMP-005242,CANCELADO,A,True,revisar
SMP-000638,REINSPECAO REPROVADA,A,True,recusar_automatico
SMP-007659,AGUARDANDO REINSPEÇÃO,C,True,revisar
SMP-003155,REINSPECAO REPROVADA,C,True,recusar_automatico
SMP-001065,FORA DE ESPECIFICACAO,A,False,recusar_automatico
SMP-010159,AJUSTE CONCLUIDO,B,False,valido_automatico
SMP-008834,APROVADO PARCIAL,A,True,valido_automatico
SMP-010175,APROVADO PARCIAL,B,True,valido_automatico
SMP-011986,APROVADO PARCIAL,C,False,valido_automatico
SMP-005760,CANCELADO,B,False,revisar
SMP-008110,AJUSTE CONCLUIDO,A,True,valido_automatico
SMP-005062,PENDENTE,A,False,revisar
SMP-001689,AJUSTE REPROVADO,B,False,recusar_automatico
SMP-004670,PENDENTE,A,False,revisar
SMP-009437,EM ANÁLISE,B,True,valido_automatico
SMP-010039,AJUSTE CONCLUIDO,B,True,valido_automatico
SMP-000133,AJUSTE REPROVADO,A,False,recusar_automatico
SMP-004489,AGUARDANDO REINSPEÇÃO,A,False,revisar
SMP-006825,CANCELADO,C,False,revisar
SMP-005511,AGUARDANDO REINSPEÇÃO,B,False,revisar
SMP-001068,CANCELADO,A,True,recusar_automatico
SMP-010771,APROVADO PARCIAL,C,False,valido_automatico
SMP-006977,EM ANALISE,C,True,revisar
SMP-008434,APROVADO PARCIAL,A,False,valido_automatico
SMP-010950,AJUSTE CONCLUIDO,C,True,valido_automatico
SMP-001934,AJUSTE REPROVADO,B,True,recusar_automatico
SMP-001489,REINSPECAO REPROVADA,B,True,recusar_automatico
SMP-005752,PENDENTE,B,False,revisar
SMP-006740,CANCELADO,C,False,revisar
SMP-007197,AGUARDANDO REINSPEÇÃO,C,True,revisar
SMP-005041,PENDENTE,A,True,revisar
SMP-009846,EM AJUSTE,B,False,valido_automatico
SMP-000120,REINSPECAO REPROVADA,A,True,recusar_automatico
SMP-006027,AGUARDANDO REINSPEÇÃO,B,True,revisar
SMP-004009,AGUARDANDO REINSPEÇÃO,A,True,revisar
SMP-004580,EM ANALISE,A,True,revisar
SMP-002578,REINSPECAO REPROVADA,B,False,recusar_automatico
SMP-000505,CANCELADO,A,False,recusar_automatico
SMP-010948,AJUSTE CONCLUIDO,C,True,valido_automatico
SMP-010968,PENDENTE,C,False,valido_automatico
SMP-002545,FORA DE ESPECIFICACAO,B,True,recusar_automatico
SMP-004436,EM AJUSTE,A,True,revisar
SMP-009057,EM ANÁLISE,A,False,valido_automatico
SMP-004859,AGUARDANDO REINSPEÇÃO,A,False,revisar
SMP-011336,AJUSTE CONCLUIDO,C,True,valido_automatico
SMP-004399,EM ANALISE,A,False,revisar
SMP-004755,EM AJUSTE,A,True,revisar
SMP-005080,PENDENTE,A,True,revisar
SMP-010631,AGUARDANDO REINSPEÇÃO,B,True,valido_automatico
SMP-001637,EM AJUSTE,B,True,recusar_automatico
SMP-008918,APROVADO PARCIAL,A,True,valido_automatico
SMP-011993,AJUSTE CONCLUIDO,C,False,valido_automatico
SMP-000237,CANCELADO,A,False,recusar_automatico
SMP-011867,AJUSTE CONCLUIDO,C,False,valido_automatico
SMP-011960,APROVADO PARCIAL,C,False,valido_automatico
SMP-007109,EM AJUSTE,C,True,revisar
SMP-003846,REINSPECAO REPROVADA,C,True,recusar_automatico
SMP-003029,CANCELADO,C,True,recusar_automatico
SMP-004025,EM ANALISE,A,True,revisar
SMP-011039,APROVADO PARCIAL,C,False,valido_automatico
SMP-006747,AJUSTE CONCLUIDO,C,False,revisar
SMP-001005,CANCELADO,A,False,recusar_automatico
SMP-003761,CANCELADO,C,True,recusar_automatico
SMP-008606,AJUSTE CONCLUIDO,A,False,valido_automatico
SMP-010105,APROVADO PARCIAL,B,False,valido_automatico
SMP-001542,FORA DE ESPECIFICACAO,B,False,recusar_automatico
SMP-004430,REINSPECAO REPROVADA,A,True,revisar
SMP-002798,AJUSTE REPROVADO,C,False,recusar_automatico
SMP-010590,EM ANÁLISE,B,True,valido_automatico
SMP-002813,CANCELADO,C,True,recusar_automatico
SMP-010658,AJUSTE CONCLUIDO,B,False,valido_automatico
SMP-002173,AJUSTE REPROVADO,B,False,recusar_automatico
SMP-005008,EM ANALISE,A,False,revisar
SMP-002954,REINSPECAO REPROVADA,C,False,recusar_automatico
SMP-000184,AJUSTE REPROVADO,A,True,recusar_automatico
SMP-004813,EM ANALISE,A,False,revisar
SMP-003709,CANCELADO,C,True,recusar_automatico
SMP-010763,EM ANÁLISE,C,False,valido_automatico
SMP-007846,AGUARDANDO REINSPEÇÃO,C,False,revisar
SMP-001983,CANCELADO,B,True,recusar_automatico
SMP-002230,AJUSTE REPROVADO,B,True,recusar_automatico
SMP-007836,AGUARDANDO REINSPEÇÃO,C,True,revisar
SMP-000472,ESPECIFICAÇÃO EM REVISÃO,A,False,recusar_automatico
SMP-007420,CANCELADO,C,True,revisar
SMP-007026,AJUSTE CONCLUIDO,C,False,revisar
SMP-003148,FORA DE ESPECIFICACAO,C,False,recusar_automatico
SMP-007709,EM AJUSTE,C,True,revisar
SMP-010186,AJUSTE CONCLUIDO,B,True,valido_automatico
SMP-003536,FORA DE ESPECIFICACAO,C,False,recusar_automatico
SMP-003379,REINSPECAO REPROVADA,C,True,recusar_automatico
SMP-001091,EM AJUSTE,A,False,recusar_automatico
SMP-001055,FORA DE ESPECIFICACAO,A,True,recusar_automatico
SMP-008327,EM AJUSTE,A,False,valido_automatico
SMP-011391,AJUSTE CONCLUIDO,C,True,valido_automatico
SMP-011327,APROVADO PARCIAL,C,True,valido_automatico
SMP-001523,CANCELADO,B,False,recusar_automatico
SMP-010664,AJUSTE CONCLUIDO,B,True,valido_automatico
SMP-005385,ESPECIFICAÇÃO EM REVISÃO,B,True,revisar
SMP-003084,CANCELADO,C,False,recusar_automatico
SMP-010422,AJUSTE CONCLUIDO,B,False,valido_automatico
SMP-007921,PENDENTE,C,True,revisar
SMP-007552,REINSPECAO REPROVADA,C,True,revisar
SMP-011948,AJUSTE CONCLUIDO,C,True,valido_automatico
SMP-002881,FORA DE ESPECIFICACAO,C,False,recusar_automatico
SMP-009919,EM AJUSTE,B,False,valido_automatico
SMP-010016,EM ANÁLISE,B,True,valido_automatico
SMP-009215,AJUSTE CONCLUIDO,A,False,valido_automatico
SMP-000527,REINSPECAO REPROVADA,A,False,recusar_automatico
SMP-004548,AGUARDANDO REINSPEÇÃO,A,False,revisar
SMP-010316,AJUSTE CONCLUIDO,B,True,valido_automatico
SMP-002222,REINSPECAO REPROVADA,B,False,recusar_automatico
SMP-007616,EM ANALISE,C,False,revisar
SMP-008821,PENDENTE,A,True,valido_automatico
SMP-009492,AJUSTE CONCLUIDO,B,True,valido_automatico
SMP-005937,ESPECIFICAÇÃO EM REVISÃO,B,True,revisar
SMP-005012,REINSPECAO REPROVADA,A,True,revisar
SMP-010840,APROVADO PARCIAL,C,False,valido_automatico
SMP-007023,PENDENTE,C,False,revisar
SMP-009620,EM AJUSTE,B,False,valido_automatico
SMP-010660,AJUSTE CONCLUIDO,B,False,valido_automatico
SMP-000756,FORA DE ESPECIFICACAO,A,True,recusar_automatico
SMP-010187,AGUARDANDO REINSPEÇÃO,B,False,valido_automatico
SMP-005533,EM ANALISE,B,False,revisar
SMP-010838,AJUSTE CONCLUIDO,C,True,valido_automatico
SMP-011819,AJUSTE CONCLUIDO,C,True,valido_automatico
SMP-006553,AGUARDANDO REINSPEÇÃO,B,True,revisar
SMP-009795,EM AJUSTE,B,True,valido_automatico
SMP-007706,ESPECIFICAÇÃO EM REVISÃO,C,True,revisar
SMP-000143,REINSPECAO REPROVADA,A,True,recusar_automatico
SMP-003971,REINSPECAO REPROVADA,C,True,recusar_automatico
SMP-009882,AJUSTE CONCLUIDO,B,True,valido_automatico
SMP-000864,REINSPECAO REPROVADA,A,False,recusar_automatico
SMP-003566,CANCELADO,C,True,recusar_automatico
SMP-006384,ESPECIFICAÇÃO EM REVISÃO,B,False,revisar
SMP-005144,AJUSTE CONCLUIDO,A,False,revisar
SMP-001538,CANCELADO,B,True,recusar_automatico
SMP-003830,AJUSTE REPROVADO,C,True,recusar_automatico
SMP-005216,APROVADO PARCIAL,A,True,revisar
SMP-004124,EM ANALISE,A,False,revisar
SMP-009091,APROVADO PARCIAL,A,False,valido_automatico
SMP-003407,AJUSTE REPROVADO,C,False,recusar_automatico
SMP-001601,FORA DE ESPECIFICACAO,B,True,recusar_automatico
SMP-004231,ESPECIFICAÇÃO EM REVISÃO,A,True,revisar
SMP-005866,EM ANALISE,B,False,revisar
SMP-004279,EM ANALISE,A,True,revisar
SMP-009802,APROVADO PARCIAL,B,False,valido_automatico
SMP-009363,PENDENTE,B,False,valido_automatico
SMP-003822,CANCELADO,C,False,recusar_automatico
SMP-006475,PENDENTE,B,False,revisar
SMP-008881,APROVADO PARCIAL,A,False,valido_automatico
SMP-001991,FORA DE ESPECIFICACAO,B,False,recusar_automatico
SMP-000612,CANCELADO,A,True,recusar_automatico
SMP-006649,AGUARDANDO REINSPEÇÃO,B,True,revisar
SMP-003079,FORA DE ESPECIFICACAO,C,False,recusar_automatico
SMP-002986,AJUSTE REPROVADO,C,False,recusar_automatico
SMP-001742,AJUSTE REPROVADO,B,True,recusar_automatico
SMP-002941,ESPECIFICAÇÃO EM REVISÃO,C,False,recusar_automatico
SMP-006898,EM ANALISE,C,False,revisar
SMP-008087,AJUSTE CONCLUIDO,A,False,valido_automatico
SMP-004163,ESPECIFICAÇÃO EM REVISÃO,A,True,revisar
SMP-010312,APROVADO PARCIAL,B,False,valido_automatico
SMP-001094,REINSPECAO REPROVADA,A,False,recusar_automatico
SMP-009137,APROVADO PARCIAL,A,True,valido_automatico
SMP-005287,PENDENTE,A,True,revisar
SMP-003019,AJUSTE REPROVADO,C,False,recusar_automatico
SMP-009834,AJUSTE CONCLUIDO,B,False,valido_automatico
SMP-001143,AJUSTE REPROVADO,A,False,recusar_automatico
SMP-004462,CANCELADO,A,False,revisar
SMP-007176,PENDENTE,C,False,revisar
SMP-001735,AJUSTE REPROVADO,B,True,recusar_automatico
SMP-005604,AJUSTE REPROVADO,B,False,revisar
SMP-005279,EM ANALISE,A,True,revisar
SMP-002384,AJUSTE REPROVADO,B,True,recusar_automatico
SMP-002526,REINSPECAO REPROVADA,B,False,recusar_automatico
SMP-010357,APROVADO PARCIAL,B,True,valido_automatico
SMP-009892,AJUSTE CONCLUIDO,B,False,valido_automatico
SMP-011756,PENDENTE,C,False,valido_automatico
SMP-004563,AJUSTE REPROVADO,A,True,revisar
SMP-007895,PENDENTE,C,False,revisar
SMP-002510,AJUSTE REPROVADO,B,True,recusar_automatico
SMP-002027,FORA DE ESPECIFICACAO,B,True,recusar_automatico
SMP-008982,APROVADO PARCIAL,A,True,valido_automatico
SMP-009601,AJUSTE CONCLUIDO,B,False,valido_automatico
SMP-011900,EM ANÁLISE,C,False,valido_automatico
SMP-011143,APROVADO PARCIAL,C,True,valido_automatico
SMP-003841,EM ANALISE,C,True,recusar_automatico
SMP-006900,PENDENTE,C,False,revisar
SMP-005600,ESPECIFICAÇÃO EM REVISÃO,B,True,revisar
SMP-003685,CANCELADO,C,True,recusar_automatico
SMP-008250,AJUSTE CONCLUIDO,A,True,valido_automatico
SMP-005455,CANCELADO,B,False,revisar
SMP-008453,EM AJUSTE,A,False,valido_automatico
SMP-006088,ESPECIFICAÇÃO EM REVISÃO,B,False,revisar
SMP-004848,AGUARDANDO REINSPEÇÃO,A,False,revisar
SMP-005854,PENDENTE,B,True,revisar
SMP-009853,EM AJUSTE,B,False,valido_automatico
SMP-002677,FORA DE ESPECIFICACAO,C,False,recusar_automatico
SMP-011020,AGUARDANDO REINSPEÇÃO,C,False,valido_automatico
SMP-007803,AJUSTE CONCLUIDO,C,True,revisar
SMP-003976,REINSPECAO REPROVADA,C,True,recusar_automatico
SMP-000923,FORA DE ESPECIFICACAO,A,False,recusar_automatico
SMP-009865,APROVADO PARCIAL,B,False,valido_automatico
SMP-005087,AGUARDANDO REINSPEÇÃO,A,True,revisar
SMP-000744,REINSPECAO REPROVADA,A,True,recusar_automatico
SMP-000601,REINSPECAO REPROVADA,A,False,recusar_automatico
SMP-009477,AGUARDANDO REINSPEÇÃO,B,False,valido_automatico
SMP-004387,ESPECIFICAÇÃO EM REVISÃO,A,False,revisar
SMP-005398,PENDENTE,B,True,revisar
SMP-008633,EM AJUSTE,A,False,valido_automatico
SMP-010059,APROVADO PARCIAL,B,True,valido_automatico
SMP-007704,AJUSTE CONCLUIDO,C,True,revisar
SMP-011298,EM ANÁLISE,C,True,valido_automatico
SMP-003967,EM AJUSTE,C,False,recusar_automatico
SMP-001975,PENDENTE,B,True,recusar_automatico
SMP-006908,REINSPECAO REPROVADA,C,False,revisar
SMP-003187,REINSPECAO REPROVADA,C,False,recusar_automatico
SMP-003635,REINSPECAO REPROVADA,C,False,recusar_automatico
SMP-006374,ESPECIFICAÇÃO EM REVISÃO,B,True,revisar
SMP-011554,APROVADO PARCIAL,C,True,valido_automatico
SMP-002814,REINSPECAO REPROVADA,C,True,recusar_automatico
SMP-011195,AJUSTE CONCLUIDO,C,False,valido_automatico
SMP-003089,REINSPECAO REPROVADA,C,False,recusar_automatico
SMP-005703,ESPECIFICAÇÃO EM REVISÃO,B,True,revisar
SMP-008090,APROVADO PARCIAL,A,True,valido_automatico
SMP-006980,CANCELADO,C,False,revisar
SMP-001260,AJUSTE REPROVADO,A,False,recusar_automatico
SMP-008186,EM AJUSTE,A,True,valido_automatico
SMP-000213,CANCELADO,A,True,recusar_automatico
SMP-010535,AJUSTE CONCLUIDO,B,True,valido_automatico
SMP-011469,PENDENTE,C,True,valido_automatico
SMP-001865,FORA DE ESPECIFICACAO,B,False,recusar_automatico
SMP-000776,EM ANALISE,A,False,recusar_automatico
SMP-002732,CANCELADO,C,False,recusar_automatico
SMP-008691,AJUSTE CONCLUIDO,A,False,valido_automatico
SMP-006422,AGUARDANDO REINSPEÇÃO,B,True,revisar
SMP-011772,AJUSTE CONCLUIDO,C,True,valido_automatico
SMP-011803,AJUSTE CONCLUIDO,C,False,valido_automatico
SMP-009516,APROVADO PARCIAL,B,False,valido_automatico
SMP-010622,AJUSTE CONCLUIDO,B,True,valido_automatico
SMP-009667,PENDENTE,B,True,valido_automatico
SMP-011301,EM ANÁLISE,C,False,valido_automatico
SMP-008611,AJUSTE REPROVADO,A,True,valido_automatico
SMP-011346,PENDENTE,C,True,valido_automatico
SMP-009404,AJUSTE REPROVADO,B,False,valido_automatico
SMP-001453,CANCELADO,B,True,recusar_automatico
SMP-001164,REINSPECAO REPROVADA,A,True,recusar_automatico
SMP-008309,AJUSTE CONCLUIDO,A,False,valido_automatico
SMP-009185,AJUSTE CONCLUIDO,A,False,valido_automatico
SMP-007996,AGUARDANDO REINSPEÇÃO,C,False,revisar
SMP-003571,REINSPECAO REPROVADA,C,False,recusar_automatico
SMP-006726,EM ANALISE,C,False,revisar
SMP-009975,AJUSTE CONCLUIDO,B,True,valido_automatico
SMP-004999,ESPECIFICAÇÃO EM REVISÃO,A,True,revisar
SMP-009777,APROVADO PARCIAL,B,False,valido_automatico
SMP-006858,PENDENTE,C,True,revisar
SMP-001694,AJUSTE REPROVADO,B,True,recusar_automatico
SMP-006790,ESPECIFICAÇÃO EM REVISÃO,C,False,revisar
SMP-002917,CANCELADO,C,False,recusar_automatico
SMP-007351,PENDENTE,C,True,revisar
SMP-005774,ESPECIFICAÇÃO EM REVISÃO,B,False,revisar
SMP-006006,EM ANALISE,B,True,revisar
SMP-007553,AGUARDANDO REINSPEÇÃO,C,True,revisar
SMP-009772,EM AJUSTE,B,False,valido_automatico
SMP-002756,REINSPECAO REPROVADA,C,False,recusar_automatico
SMP-001543,ESPECIFICAÇÃO EM REVISÃO,B,False,recusar_automatico
SMP-003279,CANCELADO,C,False,recusar_automatico
SMP-006684,ESPECIFICAÇÃO EM REVISÃO,C,False,revisar
SMP-001552,CANCELADO,B,False,recusar_automatico
SMP-003986,FORA DE ESPECIFICACAO,C,False,recusar_automatico
SMP-006659,ESPECIFICAÇÃO EM REVISÃO,B,False,revisar
SMP-005135,ESPECIFICAÇÃO EM REVISÃO,A,True,revisar
SMP-011219,APROVADO PARCIAL,C,False,valido_automatico
SMP-010353,EM ANÁLISE,B,False,valido_automatico
SMP-003462,AJUSTE REPROVADO,C,True,recusar_automatico
SMP-008070,EM AJUSTE,A,True,valido_automatico
SMP-001262,FORA DE ESPECIFICACAO,A,True,recusar_automatico
SMP-007089,AGUARDANDO REINSPEÇÃO,C,False,revisar
SMP-000155,REINSPECAO REPROVADA,A,False,recusar_automatico
SMP-001672,AJUSTE REPROVADO,B,False,recusar_automatico
SMP-010862,APROVADO PARCIAL,C,True,valido_automatico
SMP-008758,EM ANÁLISE,A,False,valido_automatico
SMP-010155,APROVADO PARCIAL,B,False,valido_automatico
SMP-009059,AJUSTE CONCLUIDO,A,True,valido_automatico
SMP-001556,CANCELADO,B,True,recusar_automatico
SMP-008467,APROVADO PARCIAL,A,True,valido_automatico
SMP-005832,PENDENTE,B,True,revisar
SMP-006841,EM AJUSTE,C,True,revisar
SMP-005501,AGUARDANDO REINSPEÇÃO,B,False,revisar
SMP-006705,EM ANALISE,C,True,revisar
SMP-008951,APROVADO PARCIAL,A,True,valido_automatico
SMP-004574,ESPECIFICAÇÃO EM REVISÃO,A,True,revisar
SMP-001809,CANCELADO,B,True,recusar_automatico
SMP-002036,REINSPECAO REPROVADA,B,True,recusar_automatico
SMP-008034,AJUSTE CONCLUIDO,A,False,valido_automatico
SMP-001745,CANCELADO,B,True,recusar_automatico
SMP-002209,AJUSTE REPROVADO,B,True,recusar_automatico
SMP-002642,AJUSTE REPROVADO,B,False,recusar_automatico
SMP-005173,EM ANALISE,A,False,revisar
SMP-000932,CANCELADO,A,True,recusar_automatico
SMP-011618,EM ANÁLISE,C,False,valido_automatico
SMP-010229,EM AJUSTE,B,True,valido_automatico
SMP-007354,PENDENTE,C,False,revisar
SMP-010065,APROVADO PARCIAL,B,True,valido_automatico
SMP-009530,APROVADO PARCIAL,B,True,valido_automatico
SMP-004668,EM ANALISE,A,False,revisar
SMP-007817,EM ANALISE,C,False,revisar
SMP-009447,AJUSTE CONCLUIDO,B,False,valido_automatico
SMP-004130,EM ANALISE,A,True,revisar
SMP-010751,AJUSTE CONCLUIDO,C,True,valido_automatico
SMP-008531,APROVADO PARCIAL,A,True,valido_automatico
SMP-010041,APROVADO PARCIAL,B,False,valido_automatico
SMP-008616,AJUSTE CONCLUIDO,A,True,valido_automatico
SMP-007344,ESPECIFICAÇÃO EM REVISÃO,C,True,revisar
SMP-011883,EM AJUSTE,C,True,valido_automatico
SMP-005484,EM ANALISE,B,True,revisar
SMP-007872,PENDENTE,C,True,revisar
SMP-000876,AJUSTE REPROVADO,A,False,recusar_automatico
SMP-010683,AJUSTE CONCLUIDO,C,True,valido_automatico
SMP-006562,AGUARDANDO REINSPEÇÃO,B,False,revisar
SMP-009559,APROVADO PARCIAL,B,True,valido_automatico
SMP-007313,PENDENTE,C,False,revisar
SMP-001872,REINSPECAO REPROVADA,B,False,recusar_automatico
SMP-011684,APROVADO PARCIAL,C,False,valido_automatico
SMP-001434,AJUSTE REPROVADO,B,True,recusar_automatico
SMP-000335,FORA DE ESPECIFICACAO,A,True,recusar_automatico
SMP-003156,REINSPECAO REPROVADA,C,True,recusar_automatico
SMP-008497,APROVADO PARCIAL,A,True,valido_automatico
SMP-002033,REINSPECAO REPROVADA,B,False,recusar_automatico
SMP-007862,PENDENTE,C,True,revisar
SMP-011662,PENDENTE,C,False,valido_automatico
SMP-002571,REINSPECAO REPROVADA,B,False,recusar_automatico
SMP-008415,APROVADO PARCIAL,A,False,valido_automatico
SMP-002102,REINSPECAO REPROVADA,B,False,recusar_automatico
SMP-002791,REINSPECAO REPROVADA,C,False,recusar_automatico
SMP-007401,ESPECIFICAÇÃO EM REVISÃO,C,True,revisar
SMP-008901,EM AJUSTE,A,False,valido_automatico
SMP-001343,REINSPECAO REPROVADA,B,False,recusar_automatico
SMP-001544,REINSPECAO REPROVADA,B,False,recusar_automatico
SMP-009487,PENDENTE,B,True,valido_automatico
SMP-002379,EM AJUSTE,B,True,recusar_automatico
SMP-011233,AJUSTE CONCLUIDO,C,True,valido_automatico
SMP-011461,AJUSTE CONCLUIDO,C,False,valido_automatico
SMP-000818,REINSPECAO REPROVADA,A,True,recusar_automatico
SMP-004330,ESPECIFICAÇÃO EM REVISÃO,A,False,revisar
SMP-000716,CANCELADO,A,False,recusar_automatico
SMP-001056,CANCELADO,A,False,recusar_automatico
SMP-004591,EM ANALISE,A,False,revisar
SMP-003655,FORA DE ESPECIFICACAO,C,True,recusar_automatico
SMP-009803,APROVADO PARCIAL,B,False,valido_automatico
SMP-005404,EM ANALISE,B,True,revisar
SMP-006281,AGUARDANDO REINSPEÇÃO,B,True,revisar
SMP-000945,REINSPECAO REPROVADA,A,True,recusar_automatico
SMP-007907,ESPECIFICAÇÃO EM REVISÃO,C,False,revisar
SMP-002748,AJUSTE REPROVADO,C,False,recusar_automatico
SMP-010549,EM AJUSTE,B,True,valido_automatico
SMP-010836,EM ANÁLISE,C,False,valido_automatico
SMP-001862,REINSPECAO REPROVADA,B,True,recusar_automatico
SMP-009730,AJUSTE CONCLUIDO,B,False,valido_automatico
SMP-002376,CANCELADO,B,False,recusar_automatico
SMP-002968,FORA DE ESPECIFICACAO,C,False,recusar_automatico
SMP-009448,APROVADO PARCIAL,B,True,valido_automatico
SMP-005645,EM ANALISE,B,True,revisar
SMP-001291,REINSPECAO REPROVADA,A,False,recusar_automatico
SMP-011307,APROVADO PARCIAL,C,True,valido_automatico
SMP-003720,AJUSTE REPROVADO,C,True,recusar_automatico
SMP-006580,ESPECIFICAÇÃO EM REVISÃO,B,False,revisar
SMP-003733,FORA DE ESPECIFICACAO,C,False,recusar_automatico
SMP-010498,AJUSTE CONCLUIDO,B,True,valido_automatico
SMP-009886,PENDENTE,B,False,valido_automatico
SMP-011189,EM AJUSTE,C,False,valido_automatico
SMP-007970,EM AJUSTE,C,True,revisar
SMP-003603,REINSPECAO REPROVADA,C,True,recusar_automatico
SMP-008869,AJUSTE CONCLUIDO,A,False,valido_automatico
SMP-004560,PENDENTE,A,False,revisar
SMP-000464,CANCELADO,A,False,recusar_automatico
SMP-000049,FORA DE ESPECIFICACAO,A,True,recusar_automatico
SMP-003791,AJUSTE REPROVADO,C,False,recusar_automatico
SMP-009155,APROVADO PARCIAL,A,True,valido_automatico
SMP-009031,EM AJUSTE,A,True,valido_automatico
SMP-006184,CANCELADO,B,False,revisar
SMP-003547,FORA DE ESPECIFICACAO,C,True,recusar_automatico
SMP-000358,EM AJUSTE,A,False,recusar_automatico
SMP-007915,ESPECIFICAÇÃO EM REVISÃO,C,True,revisar
SMP-008365,AJUSTE CONCLUIDO,A,True,valido_automatico
SMP-009719,AJUSTE CONCLUIDO,B,False,valido_automatico
SMP-006349,PENDENTE,B,True,revisar
SMP-009264,EM ANÁLISE,A,True,valido_automatico
SMP-008826,APROVADO PARCIAL,A,False,valido_automatico
SMP-006179,PENDENTE,B,False,revisar
SMP-005132,EM ANALISE,A,False,revisar
SMP-006362,ESPECIFICAÇÃO EM REVISÃO,B,False,revisar
SMP-004101,PENDENTE,A,True,revisar
SMP-000446,AGUARDANDO REINSPEÇÃO,A,False,recusar_automatico
SMP-007852,AGUARDANDO REINSPEÇÃO,C,True,revisar
SMP-004292,EM ANALISE,A,True,revisar
SMP-006811,PENDENTE,C,True,revisar
SMP-003395,FORA DE ESPECIFICACAO,C,False,recusar_automatico
SMP-006906,EM ANALISE,C,True,revisar
SMP-008715,APROVADO PARCIAL,A,False,valido_automatico
SMP-006501,ESPECIFICAÇÃO EM REVISÃO,B,False,revisar
SMP-009847,AJUSTE CONCLUIDO,B,True,valido_automatico
SMP-001847,AJUSTE REPROVADO,B,False,recusar_automatico
SMP-003716,CANCELADO,C,True,recusar_automatico
SMP-008379,EM AJUSTE,A,False,valido_automatico
SMP-004842,PENDENTE,A,True,revisar
SMP-003041,EM AJUSTE,C,False,recusar_automatico
SMP-006138,EM ANALISE,B,True,revisar
SMP-001676,CANCELADO,B,True,recusar_automatico
SMP-010993,EM ANÁLISE,C,False,valido_automatico
SMP-010260,APROVADO PARCIAL,B,False,valido_automatico
SMP-002853,PENDENTE,C,True,recusar_automatico
SMP-004886,AGUARDANDO REINSPEÇÃO,A,True,revisar
SMP-011210,APROVADO PARCIAL,C,True,valido_automatico
SMP-001586,CANCELADO,B,False,recusar_automatico
SMP-006818,PENDENTE,C,False,revisar
SMP-007489,AJUSTE REPROVADO,C,False,revisar
SMP-001174,AJUSTE REPROVADO,A,True,recusar_automatico
SMP-001810,CANCELADO,B,True,recusar_automatico
SMP-011141,AJUSTE CONCLUIDO,C,False,valido_automatico
SMP-004864,ESPECIFICAÇÃO EM REVISÃO,A,False,revisar
SMP-000014,CANCELADO,A,False,recusar_automatico
SMP-003579,AJUSTE REPROVADO,C,True,recusar_automatico
SMP-003356,AJUSTE REPROVADO,C,False,recusar_automatico
SMP-011925,AJUSTE CONCLUIDO,C,True,valido_automatico
SMP-008098,APROVADO PARCIAL,A,True,valido_automatico
SMP-002883,REINSPECAO REPROVADA,C,False,recusar_automatico
SMP-006247,ESPECIFICAÇÃO EM REVISÃO,B,False,revisar
SMP-006406,ESPECIFICAÇÃO EM REVISÃO,B,False,revisar
SMP-004869,ESPECIFICAÇÃO EM REVISÃO,A,False,revisar
SMP-004947,ESPECIFICAÇÃO EM REVISÃO,A,True,revisar
SMP-011685,APROVADO PARCIAL,C,True,valido_automatico
SMP-006239,PENDENTE,B,False,revisar
SMP-010932,EM ANÁLISE,C,False,valido_automatico
SMP-004730,EM ANALISE,A,True,revisar
SMP-010737,APROVADO PARCIAL,C,True,valido_automatico
SMP-011263,APROVADO PARCIAL,C,False,valido_automatico
SMP-003563,AJUSTE REPROVADO,C,True,recusar_automatico
SMP-002291,AJUSTE REPROVADO,B,False,recusar_automatico
SMP-002718,CANCELADO,C,True,recusar_automatico
SMP-000763,REINSPECAO REPROVADA,A,True,recusar_automatico
SMP-004694,APROVADO PARCIAL,A,False,revisar
SMP-007829,PENDENTE,C,True,revisar
SMP-008598,APROVADO PARCIAL,A,True,valido_automatico
SMP-008921,APROVADO PARCIAL,A,True,valido_automatico
SMP-003205,FORA DE ESPECIFICACAO,C,True,recusar_automatico
SMP-001613,REINSPECAO REPROVADA,B,False,recusar_automatico
SMP-011578,EM AJUSTE,C,False,valido_automatico
SMP-003400,REINSPECAO REPROVADA,C,False,recusar_automatico
SMP-008101,PENDENTE,A,True,valido_automatico
SMP-005955,PENDENTE,B,False,revisar
SMP-006100,APROVADO PARCIAL,B,True,revisar
SMP-000414,REINSPECAO REPROVADA,A,True,recusar_automatico
SMP-003585,CANCELADO,C,True,recusar_automatico
SMP-008912,APROVADO PARCIAL,A,True,valido_automatico
SMP-007220,AGUARDANDO REINSPEÇÃO,C,False,revisar
SMP-006254,PENDENTE,B,False,revisar
SMP-006582,EM AJUSTE,B,True,revisar
SMP-002204,CANCELADO,B,True,recusar_automatico
SMP-001746,REINSPECAO REPROVADA,B,True,recusar_automatico
SMP-006567,AGUARDANDO REINSPEÇÃO,B,False,revisar
SMP-005807,PENDENTE,B,False,revisar
SMP-011970,AJUSTE CONCLUIDO,C,True,valido_automatico
SMP-011904,APROVADO PARCIAL,C,True,valido_automatico
SMP-006974,PENDENTE,C,False,revisar
SMP-002317,REINSPECAO REPROVADA,B,True,recusar_automatico
SMP-006804,EM ANALISE,C,False,revisar
SMP-008200,APROVADO PARCIAL,A,False,valido_automatico
SMP-008209,AJUSTE CONCLUIDO,A,True,valido_automatico
SMP-011072,APROVADO PARCIAL,C,True,valido_automatico
SMP-011274,APROVADO PARCIAL,C,True,valido_automatico
SMP-001906,ESPECIFICAÇÃO EM REVISÃO,B,False,recusar_automatico
SMP-011213,APROVADO PARCIAL,C,False,valido_automatico
SMP-007310,PENDENTE,C,True,revisar
SMP-007196,EM ANALISE,C,False,revisar
SMP-003872,CANCELADO,C,True,recusar_automatico
SMP-001283,FORA DE ESPECIFICACAO,A,False,recusar_automatico
SMP-008168,EM AJUSTE,A,False,valido_automatico
SMP-007009,EM ANALISE,C,True,revisar
SMP-007431,EM ANALISE,C,False,revisar
SMP-003049,EM AJUSTE,C,True,recusar_automatico
SMP-009832,APROVADO PARCIAL,B,True,valido_automatico
SMP-001883,FORA DE ESPECIFICACAO,B,False,recusar_automatico
SMP-006382,EM ANALISE,B,False,revisar
SMP-005545,EM AJUSTE,B,True,revisar
SMP-011865,AJUSTE CONCLUIDO,C,False,valido_automatico
SMP-006479,AGUARDANDO REINSPEÇÃO,B,False,revisar
SMP-010107,AJUSTE CONCLUIDO,B,True,valido_automatico
SMP-002323,CANCELADO,B,True,recusar_automatico
SMP-007744,AGUARDANDO REINSPEÇÃO,C,False,revisar
SMP-009921,EM AJUSTE,B,False,valido_automatico
SMP-006887,ESPECIFICAÇÃO EM REVISÃO,C,True,revisar
SMP-005954,PENDENTE,B,False,revisar
SMP-011977,PENDENTE,C,False,valido_automatico
SMP-011839,AJUSTE CONCLUIDO,C,False,valido_automatico
SMP-004980,ESPECIFICAÇÃO EM REVISÃO,A,True,revisar
SMP-010529,AJUSTE CONCLUIDO,B,False,valido_automatico
SMP-004339,AGUARDANDO REINSPEÇÃO,A,True,revisar
SMP-010195,APROVADO PARCIAL,B,False,valido_automatico
SMP-001319,CANCELADO,A,False,recusar_automatico
SMP-009571,APROVADO PARCIAL,B,True,valido_automatico
SMP-001805,REINSPECAO REPROVADA,B,False,recusar_automatico
SMP-001326,REINSPECAO REPROVADA,A,False,recusar_automatico
SMP-006084,EM AJUSTE,B,True,revisar
SMP-008669,AJUSTE REPROVADO,A,False,valido_automatico
SMP-000106,PENDENTE,A,False,recusar_automatico
SMP-007517,ESPECIFICAÇÃO EM REVISÃO,C,True,revisar
SMP-003551,AJUSTE REPROVADO,C,True,recusar_automatico
SMP-002955,AGUARDANDO REINSPEÇÃO,C,True,recusar_automatico
SMP-001708,FORA DE ESPECIFICACAO,B,True,recusar_automatico
SMP-005254,EM ANALISE,A,False,revisar
SMP-009940,APROVADO PARCIAL,B,False,valido_automatico
SMP-008735,APROVADO PARCIAL,A,True,valido_automatico
SMP-010999,AJUSTE CONCLUIDO,C,False,valido_automatico
SMP-010719,APROVADO PARCIAL,C,True,valido_automatico
SMP-000452,REINSPECAO REPROVADA,A,False,recusar_automatico
SMP-005984,AGUARDANDO REINSPEÇÃO,B,False,revisar
SMP-009186,AJUSTE CONCLUIDO,A,True,valido_automatico
SMP-004408,AGUARDANDO REINSPEÇÃO,A,False,revisar
SMP-003956,EM AJUSTE,C,False,recusar_automatico
SMP-007106,AGUARDANDO REINSPEÇÃO,C,False,revisar
SMP-001871,CANCELADO,B,True,recusar_automatico
SMP-007484,EM ANALISE,C,False,revisar
SMP-000145,PENDENTE,A,False,recusar_automatico
SMP-011951,AJUSTE CONCLUIDO,C,True,valido_automatico
SMP-000826,AJUSTE REPROVADO,A,True,recusar_automatico
SMP-001634,AJUSTE REPROVADO,B,True,recusar_automatico
SMP-011449,APROVADO PARCIAL,C,False,valido_automatico
SMP-004211,EM ANALISE,A,True,revisar
SMP-001324,CANCELADO,A,True,recusar_automatico
SMP-002121,AJUSTE REPROVADO,B,False,recusar_automatico
SMP-005794,ESPECIFICAÇÃO EM REVISÃO,B,True,revisar
SMP-000380,REINSPECAO REPROVADA,A,True,recusar_automatico
SMP-000701,REINSPECAO REPROVADA,A,True,recusar_automatico
SMP-011851,APROVADO PARCIAL,C,True,valido_automatico
SMP-003018,EM AJUSTE,C,True,recusar_automatico
SMP-007900,AGUARDANDO REINSPEÇÃO,C,True,revisar
SMP-007020,EM ANALISE,C,True,revisar
SMP-007965,ESPECIFICAÇÃO EM REVISÃO,C,False,revisar
SMP-010618,APROVADO PARCIAL,B,True,valido_automatico
SMP-005018,REINSPECAO REPROVADA,A,True,revisar
SMP-011575,AJUSTE CONCLUIDO,C,False,valido_automatico
SMP-009708,APROVADO PARCIAL,B,False,valido_automatico
SMP-008361,APROVADO PARCIAL,A,True,valido_automatico
SMP-007633,CANCELADO,C,True,revisar
SMP-000207,FORA DE ESPECIFICACAO,A,True,recusar_automatico
SMP-009835,AJUSTE CONCLUIDO,B,True,valido_automatico
SMP-006233,EM ANALISE,B,False,revisar
SMP-004023,EM AJUSTE,A,True,revisar
SMP-007847,PENDENTE,C,False,revisar
SMP-011492,AJUSTE CONCLUIDO,C,True,valido_automatico
SMP-010626,EM AJUSTE,B,True,valido_automatico
SMP-001409,CANCELADO,B,True,recusar_automatico
SMP-011145,AJUSTE CONCLUIDO,C,False,valido_automatico
SMP-010938,EM ANÁLISE,C,True,valido_automatico
SMP-011877,AJUSTE CONCLUIDO,C,True,valido_automatico
SMP-009263,AJUSTE CONCLUIDO,A,True,valido_automatico
SMP-008806,APROVADO PARCIAL,A,False,valido_automatico
SMP-003893,AGUARDANDO REINSPEÇÃO,C,False,recusar_automatico
SMP-000149,REINSPECAO REPROVADA,A,True,recusar_automatico
SMP-006805,ESPECIFICAÇÃO EM REVISÃO,C,True,revisar
SMP-003642,REINSPECAO REPROVADA,C,False,recusar_automatico
SMP-006736,ESPECIFICAÇÃO EM REVISÃO,C,True,revisar
SMP-010440,EM ANÁLISE,B,False,valido_automatico
SMP-001992,CANCELADO,B,True,recusar_automatico
SMP-008569,AJUSTE CONCLUIDO,A,False,valido_automatico
SMP-006337,AGUARDANDO REINSPEÇÃO,B,True,revisar
SMP-011012,AJUSTE CONCLUIDO,C,False,valido_automatico
SMP-001259,REINSPECAO REPROVADA,A,False,recusar_automatico
SMP-011226,ESPECIFICAÇÃO EM REVISÃO,C,False,valido_automatico
SMP-003228,REINSPECAO REPROVADA,C,True,recusar_automatico
SMP-009015,AJUSTE CONCLUIDO,A,False,valido_automatico
SMP-000517,AGUARDANDO REINSPEÇÃO,A,True,recusar_automatico
SMP-011926,APROVADO PARCIAL,C,True,valido_automatico
SMP-003868,AJUSTE REPROVADO,C,False,recusar_automatico
SMP-005926,EM ANALISE,B,True,revisar
SMP-002770,EM AJUSTE,C,False,recusar_automatico
SMP-008961,EM AJUSTE,A,False,valido_automatico
SMP-011863,AJUSTE CONCLUIDO,C,False,valido_automatico
SMP-008773,EM AJUSTE,A,False,valido_automatico
SMP-003851,AJUSTE REPROVADO,C,True,recusar_automatico
SMP-001615,REINSPECAO REPROVADA,B,False,recusar_automatico
SMP-000048,CANCELADO,A,True,recusar_automatico
SMP-002440,AJUSTE REPROVADO,B,False,recusar_automatico
SMP-002617,PENDENTE,B,False,recusar_automatico
SMP-005088,ESPECIFICAÇÃO EM REVISÃO,A,False,revisar
SMP-008938,EM ANÁLISE,A,False,valido_automatico
SMP-001648,CANCELADO,B,True,recusar_automatico
SMP-000985,AGUARDANDO REINSPEÇÃO,A,True,recusar_automatico
SMP-006149,ESPECIFICAÇÃO EM REVISÃO,B,True,revisar
SMP-004601,PENDENTE,A,True,revisar
SMP-004007,PENDENTE,A,True,revisar
SMP-003993,CANCELADO,C,True,recusar_automatico
SMP-001641,AJUSTE REPROVADO,B,False,recusar_automatico
SMP-005138,EM ANALISE,A,True,revisar
SMP-000795,CANCELADO,A,False,recusar_automatico
SMP-001175,AJUSTE REPROVADO,A,False,recusar_automatico
SMP-002827,CANCELADO,C,False,recusar_automatico
SMP-007314,ESPECIFICAÇÃO EM REVISÃO,C,False,revisar
SMP-002166,AJUSTE REPROVADO,B,True,recusar_automatico
SMP-010896,EM AJUSTE,C,False,valido_automatico
SMP-009003,APROVADO PARCIAL,A,True,valido_automatico
SMP-003991,REINSPECAO REPROVADA,C,False,recusar_automatico
SMP-011759,AJUSTE CONCLUIDO,C,False,valido_automatico
SMP-000732,AGUARDANDO REINSPEÇÃO,A,False,recusar_automatico
SMP-001578,FORA DE ESPECIFICACAO,B,False,recusar_automatico
SMP-008274,APROVADO PARCIAL,A,False,valido_automatico
SMP-008876,AJUSTE CONCLUIDO,A,False,valido_automatico
SMP-006947,ESPECIFICAÇÃO EM REVISÃO,C,False,revisar
SMP-003934,REINSPECAO REPROVADA,C,True,recusar_automatico
SMP-002396,FORA DE ESPECIFICACAO,B,True,recusar_automatico
SMP-011649,EM AJUSTE,C,False,valido_automatico
SMP-008790,APROVADO PARCIAL,A,True,valido_automatico
SMP-001128,CANCELADO,A,True,recusar_automatico
SMP-010248,AJUSTE CONCLUIDO,B,False,valido_automatico
SMP-004876,PENDENTE,A,False,revisar
SMP-005702,PENDENTE,B,False,revisar
SMP-011755,EM AJUSTE,C,True,valido_automatico
SMP-007525,PENDENTE,C,True,revisar
SMP-011302,AJUSTE CONCLUIDO,C,True,valido_automatico
SMP-011221,APROVADO PARCIAL,C,True,valido_automatico
SMP-006687,PENDENTE,C,True,revisar
SMP-004476,PENDENTE,A,False,revisar
SMP-003371,CANCELADO,C,True,recusar_automatico
SMP-009906,AJUSTE CONCLUIDO,B,True,valido_automatico
SMP-000140,FORA DE ESPECIFICACAO,A,True,recusar_automatico
SMP-004460,AJUSTE CONCLUIDO,A,False,revisar
SMP-000779,PENDENTE,A,False,recusar_automatico
SMP-010627,EM AJUSTE,B,False,valido_automatico
SMP-003896,REINSPECAO REPROVADA,C,True,recusar_automatico
SMP-000774,FORA DE ESPECIFICACAO,A,True,recusar_automatico
SMP-006498,EM ANALISE,B,True,revisar
SMP-007416,ESPECIFICAÇÃO EM REVISÃO,C,False,revisar
SMP-006550,EM AJUSTE,B,False,revisar
SMP-008242,EM ANÁLISE,A,True,valido_automatico
SMP-005181,PENDENTE,A,True,revisar
SMP-009740,AJUSTE CONCLUIDO,B,True,valido_automatico
SMP-002787,FORA DE ESPECIFICACAO,C,True,recusar_automatico
SMP-000906,CANCELADO,A,True,recusar_automatico
SMP-005673,PENDENTE,B,False,revisar
SMP-010453,AJUSTE CONCLUIDO,B,True,valido_automatico
SMP-005074,EM ANALISE,A,True,revisar
SMP-003491,CANCELADO,C,True,recusar_automatico
SMP-000561,CANCELADO,A,False,recusar_automatico
SMP-010043,APROVADO PARCIAL,B,False,valido_automatico
SMP-009093,AJUSTE CONCLUIDO,A,True,valido_automatico
SMP-008100,AJUSTE CONCLUIDO,A,True,valido_automatico
SMP-009183,EM AJUSTE,A,False,valido_automatico
SMP-003999,CANCELADO,C,True,recusar_automatico
SMP-008532,AJUSTE CONCLUIDO,A,False,valido_automatico
SMP-006182,PENDENTE,B,False,revisar
SMP-010588,AJUSTE CONCLUIDO,B,False,valido_automatico
SMP-002146,EM AJUSTE,B,True,recusar_automatico
SMP-000097,CANCELADO,A,True,recusar_automatico
SMP-002910,CANCELADO,C,True,recusar_automatico
SMP-000170,FORA DE ESPECIFICACAO,A,True,recusar_automatico
SMP-011992,EM ANÁLISE,C,True,valido_automatico
SMP-005207,ESPECIFICAÇÃO EM REVISÃO,A,True,revisar
SMP-004492,ESPECIFICAÇÃO EM REVISÃO,A,True,revisar
SMP-004167,EM ANALISE,A,True,revisar
SMP-000926,AJUSTE REPROVADO,A,False,recusar_automatico
SMP-003220,AJUSTE REPROVADO,C,False,recusar_automatico
SMP-006114,PENDENTE,B,False,revisar
SMP-001327,AJUSTE REPROVADO,A,False,recusar_automatico
SMP-010138,AGUARDANDO REINSPEÇÃO,B,False,valido_automatico
SMP-009747,PENDENTE,B,True,valido_automatico
SMP-005674,PENDENTE,B,False,revisar
SMP-004785,EM ANALISE,A,True,revisar
SMP-010543,AJUSTE CONCLUIDO,B,True,valido_automatico
SMP-011917,EM ANÁLISE,C,False,valido_automatico
SMP-000017,FORA DE ESPECIFICACAO,A,True,recusar_automatico
SMP-007985,AJUSTE CONCLUIDO,C,True,revisar
SMP-007393,AJUSTE CONCLUIDO,C,True,revisar
SMP-011182,APROVADO PARCIAL,C,True,valido_automatico
SMP-008419,APROVADO PARCIAL,A,False,valido_automatico
SMP-009255,EM AJUSTE,A,False,valido_automatico
SMP-002244,REINSPECAO REPROVADA,B,False,recusar_automatico
SMP-005882,APROVADO PARCIAL,B,False,revisar
SMP-000441,CANCELADO,A,True,recusar_automatico
SMP-001867,REINSPECAO REPROVADA,B,False,recusar_automatico
SMP-007931,EM ANALISE,C,False,revisar
SMP-007130,PENDENTE,C,True,revisar
SMP-007545,APROVADO PARCIAL,C,False,revisar
SMP-011132,APROVADO PARCIAL,C,True,valido_automatico
SMP-003569,EM AJUSTE,C,False,recusar_automatico
SMP-007253,PENDENTE,C,False,revisar
SMP-005280,AGUARDANDO REINSPEÇÃO,A,False,revisar
SMP-001238,AJUSTE REPROVADO,A,True,recusar_automatico
SMP-009294,APROVADO PARCIAL,A,False,valido_automatico
SMP-006506,ESPECIFICAÇÃO EM REVISÃO,B,False,revisar
SMP-004034,REINSPECAO REPROVADA,A,False,revisar
SMP-009011,PENDENTE,A,False,valido_automatico
SMP-009728,ESPECIFICAÇÃO EM REVISÃO,B,False,valido_automatico
SMP-001605,AJUSTE REPROVADO,B,True,recusar_automatico
SMP-002568,CANCELADO,B,True,recusar_automatico
SMP-002550,AJUSTE REPROVADO,B,True,recusar_automatico
SMP-010135,EM ANÁLISE,B,False,valido_automatico
SMP-003746,CANCELADO,C,True,recusar_automatico
SMP-008015,APROVADO PARCIAL,A,True,valido_automatico
SMP-008249,AJUSTE CONCLUIDO,A,False,valido_automatico
SMP-000878,AJUSTE REPROVADO,A,True,recusar_automatico
SMP-001367,ESPECIFICAÇÃO EM REVISÃO,B,True,recusar_automatico
SMP-010067,APROVADO PARCIAL,B,False,valido_automatico
SMP-011229,AJUSTE CONCLUIDO,C,False,valido_automatico
SMP-002315,FORA DE ESPECIFICACAO,B,True,recusar_automatico
SMP-007002,ESPECIFICAÇÃO EM REVISÃO,C,False,revisar
SMP-001828,FORA DE ESPECIFICACAO,B,True,recusar_automatico
SMP-008344,AJUSTE CONCLUIDO,A,True,valido_automatico
SMP-002650,ESPECIFICAÇÃO EM REVISÃO,B,False,recusar_automatico
SMP-003501,REINSPECAO REPROVADA,C,False,recusar_automatico
SMP-007405,EM ANALISE,C,False,revisar
SMP-001053,REINSPECAO REPROVADA,A,True,recusar_automatico
SMP-005567,EM ANALISE,B,True,revisar
SMP-006387,APROVADO PARCIAL,B,True,revisar
SMP-002073,REINSPECAO REPROVADA,B,True,recusar_automatico
SMP-009912,EM AJUSTE,B,False,valido_automatico
SMP-007663,EM ANALISE,C,True,revisar
SMP-011029,AJUSTE CONCLUIDO,C,False,valido_automatico
SMP-001880,AJUSTE REPROVADO,B,True,recusar_automatico
SMP-009578,PENDENTE,B,False,valido_automatico
SMP-011196,AJUSTE CONCLUIDO,C,False,valido_automatico
SMP-002410,REINSPECAO REPROVADA,B,False,recusar_automatico
SMP-006685,PENDENTE,C,True,revisar
SMP-000259,EM ANALISE,A,True,recusar_automatico
SMP-005255,CANCELADO,A,True,revisar
SMP-001757,AGUARDANDO REINSPEÇÃO,B,True,recusar_automatico
SMP-010527,APROVADO PARCIAL,B,False,valido_automatico
SMP-011112,AJUSTE CONCLUIDO,C,False,valido_automatico
SMP-001945,CANCELADO,B,False,recusar_automatico
SMP-007925,EM AJUSTE,C,True,revisar
SMP-007927,PENDENTE,C,False,revisar
SMP-009589,EM ANÁLISE,B,True,valido_automatico
SMP-010887,AJUSTE CONCLUIDO,C,True,valido_automatico
SMP-002569,CANCELADO,B,True,recusar_automatico
SMP-010702,APROVADO PARCIAL,C,True,valido_automatico
SMP-011235,AJUSTE CONCLUIDO,C,False,valido_automatico
SMP-000625,FORA DE ESPECIFICACAO,A,False,recusar_automatico
SMP-001386,FORA DE ESPECIFICACAO,B,True,recusar_automatico
SMP-003687,AJUSTE REPROVADO,C,False,recusar_automatico
SMP-006104,PENDENTE,B,True,revisar
SMP-010077,APROVADO PARCIAL,B,True,valido_automatico
SMP-007142,EM ANALISE,C,False,revisar
SMP-004076,ESPECIFICAÇÃO EM REVISÃO,A,True,revisar
SMP-004902,EM AJUSTE,A,False,revisar
SMP-010599,APROVADO PARCIAL,B,False,valido_automatico
SMP-003328,CANCELADO,C,False,recusar_automatico
SMP-011588,AJUSTE CONCLUIDO,C,False,valido_automatico
SMP-008542,EM AJUSTE,A,True,valido_automatico
SMP-001394,AJUSTE REPROVADO,B,True,recusar_automatico
SMP-003180,FORA DE ESPECIFICACAO,C,True,recusar_automatico
SMP-004240,EM ANALISE,A,False,revisar
SMP-010301,AJUSTE CONCLUIDO,B,True,valido_automatico
SMP-004674,CANCELADO,A,True,revisar
SMP-000398,AJUSTE REPROVADO,A,True,recusar_automatico
SMP-009675,PENDENTE,B,True,valido_automatico
SMP-004798,EM ANALISE,A,False,revisar
SMP-005427,PENDENTE,B,True,revisar
SMP-011770,AJUSTE CONCLUIDO,C,False,valido_automatico
SMP-001806,REINSPECAO REPROVADA,B,False,recusar_automatico
SMP-001048,CANCELADO,A,False,recusar_automatico
SMP-009989,AJUSTE CONCLUIDO,B,True,valido_automatico
SMP-009935,EM ANÁLISE,B,False,valido_automatico
SMP-003028,REINSPECAO REPROVADA,C,False,recusar_automatico
SMP-007645,EM ANALISE,C,True,revisar
SMP-006203,AJUSTE CONCLUIDO,B,False,revisar
SMP-007235,PENDENTE,C,False,revisar
SMP-006080,ESPECIFICAÇÃO EM REVISÃO,B,False,revisar
SMP-005928,AGUARDANDO REINSPEÇÃO,B,True,revisar
SMP-007724,PENDENTE,C,True,revisar
SMP-002172,EM AJUSTE,B,False,recusar_automatico
SMP-004184,APROVADO PARCIAL,A,True,revisar
SMP-004036,ESPECIFICAÇÃO EM REVISÃO,A,False,revisar
SMP-001755,CANCELADO,B,False,recusar_automatico
SMP-003892,AJUSTE REPROVADO,C,True,recusar_automatico
SMP-011836,AJUSTE CONCLUIDO,C,True,valido_automatico
SMP-002879,FORA DE ESPECIFICACAO,C,False,recusar_automatico
SMP-009060,APROVADO PARCIAL,A,True,valido_automatico
SMP-002372,AJUSTE REPROVADO,B,False,recusar_automatico
SMP-011134,APROVADO PARCIAL,C,True,valido_automatico
SMP-000757,CANCELADO,A,False,recusar_automatico
SMP-006001,AGUARDANDO REINSPEÇÃO,B,False,revisar
SMP-004879,ESPECIFICAÇÃO EM REVISÃO,A,True,revisar
SMP-006566,EM ANALISE,B,True,revisar
SMP-003970,REINSPECAO REPROVADA,C,False,recusar_automatico
SMP-009959,EM AJUSTE,B,True,valido_automatico
SMP-006051,AJUSTE CONCLUIDO,B,False,revisar
SMP-002380,CANCELADO,B,False,recusar_automatico
SMP-000937,CANCELADO,A,True,recusar_automatico
SMP-002495,REINSPECAO REPROVADA,B,True,recusar_automatico
SMP-010654,AJUSTE CONCLUIDO,B,False,valido_automatico
SMP-004781,CANCELADO,A,True,revisar
SMP-010774,AGUARDANDO REINSPEÇÃO,C,True,valido_automatico
SMP-001482,CANCELADO,B,False,recusar_automatico
SMP-005639,PENDENTE,B,True,revisar
SMP-008227,EM ANÁLISE,A,True,valido_automatico
SMP-005056,EM AJUSTE,A,False,revisar
SMP-000631,REINSPECAO REPROVADA,A,True,recusar_automatico
SMP-008694,APROVADO PARCIAL,A,True,valido_automatico
SMP-009111,EM ANÁLISE,A,True,valido_automatico
SMP-008701,APROVADO PARCIAL,A,True,valido_automatico
SMP-003755,AJUSTE REPROVADO,C,True,recusar_automatico
SMP-004595,ESPECIFICAÇÃO EM REVISÃO,A,True,revisar
SMP-003528,FORA DE ESPECIFICACAO,C,False,recusar_automatico
SMP-002839,CANCELADO,C,True,recusar_automatico
SMP-001638,REINSPECAO REPROVADA,B,False,recusar_automatico
SMP-011088,APROVADO PARCIAL,C,False,valido_automatico
SMP-003729,AJUSTE REPROVADO,C,False,recusar_automatico
SMP-007221,AGUARDANDO REINSPEÇÃO,C,True,revisar
SMP-006862,EM ANALISE,C,False,revisar
SMP-011856,AJUSTE CONCLUIDO,C,True,valido_automatico
SMP-011533,AJUSTE CONCLUIDO,C,False,valido_automatico
SMP-011095,PENDENTE,C,False,valido_automatico
SMP-002049,CANCELADO,B,False,recusar_automatico
SMP-002341,FORA DE ESPECIFICACAO,B,True,recusar_automatico
SMP-008845,AJUSTE CONCLUIDO,A,True,valido_automatico
SMP-009670,APROVADO PARCIAL,B,True,valido_automatico
SMP-010086,AJUSTE CONCLUIDO,B,False,valido_automatico
SMP-011815,APROVADO PARCIAL,C,False,valido_automatico
SMP-005406,ESPECIFICAÇÃO EM REVISÃO,B,False,revisar
SMP-011670,APROVADO PARCIAL,C,False,valido_automatico
SMP-000533,FORA DE ESPECIFICACAO,A,False,recusar_automatico
SMP-005499,EM ANALISE,B,True,revisar
SMP-005092,EM ANALISE,A,True,revisar
SMP-000972,REINSPECAO REPROVADA,A,False,recusar_automatico
SMP-008095,APROVADO PARCIAL,A,True,valido_automatico
SMP-007141,PENDENTE,C,False,revisar
SMP-001209,REINSPECAO REPROVADA,A,False,recusar_automatico
SMP-005506,EM ANALISE,B,False,revisar
SMP-009793,AJUSTE CONCLUIDO,B,False,valido_automatico
SMP-010133,EM AJUSTE,B,True,valido_automatico
SMP-003849,CANCELADO,C,False,recusar_automatico
SMP-000331,CANCELADO,A,True,recusar_automatico
SMP-003941,REINSPECAO REPROVADA,C,False,recusar_automatico
SMP-007070,REINSPECAO REPROVADA,C,True,revisar
SMP-009888,EM AJUSTE,B,True,valido_automatico
SMP-001374,AJUSTE REPROVADO,B,True,recusar_automatico
SMP-003835,CANCELADO,C,True,recusar_automatico
SMP-009356,AJUSTE CONCLUIDO,B,True,valido_automatico
SMP-006946,AJUSTE CONCLUIDO,C,False,revisar
SMP-000971,CANCELADO,A,True,recusar_automatico
SMP-010182,APROVADO PARCIAL,B,True,valido_automatico
SMP-009653,EM AJUSTE,B,False,valido_automatico
SMP-000232,CANCELADO,A,True,recusar_automatico
SMP-002618,FORA DE ESPECIFICACAO,B,False,recusar_automatico
SMP-006427,EM ANALISE,B,True,revisar
SMP-007243,PENDENTE,C,True,revisar
SMP-010732,APROVADO PARCIAL,C,False,valido_automatico
SMP-008375,PENDENTE,A,False,valido_automatico
SMP-001942,FORA DE ESPECIFICACAO,B,True,recusar_automatico
SMP-008614,EM ANÁLISE,A,False,valido_automatico
SMP-004220,ESPECIFICAÇÃO EM REVISÃO,A,False,revisar
SMP-008417,APROVADO PARCIAL,A,False,valido_automatico
SMP-000471,PENDENTE,A,False,recusar_automatico
SMP-006952,PENDENTE,C,True,revisar
SMP-002848,REINSPECAO REPROVADA,C,True,recusar_automatico
SMP-001664,FORA DE ESPECIFICACAO,B,False,recusar_automatico
SMP-004217,PENDENTE,A,True,revisar
SMP-006970,ESPECIFICAÇÃO EM REVISÃO,C,False,revisar
SMP-002733,PENDENTE,C,True,recusar_automatico
SMP-011828,APROVADO PARCIAL,C,True,valido_automatico
SMP-011783,AJUSTE CONCLUIDO,C,True,valido_automatico
SMP-006934,EM ANALISE,C,False,revisar
SMP-006137,ESPECIFICAÇÃO EM REVISÃO,B,True,revisar
SMP-007793,PENDENTE,C,False,revisar
SMP-005202,APROVADO PARCIAL,A,False,revisar
SMP-011996,AJUSTE CONCLUIDO,C,True,valido_automatico
SMP-001424,CANCELADO,B,True,recusar_automatico
SMP-002301,AJUSTE REPROVADO,B,False,recusar_automatico
SMP-001565,AJUSTE REPROVADO,B,False,recusar_automatico
SMP-006313,EM ANALISE,B,False,revisar
SMP-004099,AGUARDANDO REINSPEÇÃO,A,False,revisar
SMP-007247,PENDENTE,C,True,revisar
SMP-004055,AGUARDANDO REINSPEÇÃO,A,False,revisar
SMP-003274,CANCELADO,C,True,recusar_automatico
SMP-007466,AGUARDANDO REINSPEÇÃO,C,True,revisar
SMP-006812,EM AJUSTE,C,True,revisar
SMP-001764,FORA DE ESPECIFICACAO,B,False,recusar_automatico
SMP-008910,EM ANÁLISE,A,False,valido_automatico
SMP-003056,CANCELADO,C,False,recusar_automatico
SMP-007765,PENDENTE,C,False,revisar
SMP-002224,CANCELADO,B,True,recusar_automatico
SMP-006847,PENDENTE,C,True,revisar
SMP-000513,REINSPECAO REPROVADA,A,True,recusar_automatico
SMP-011445,AJUSTE CONCLUIDO,C,True,valido_automatico
SMP-007435,CANCELADO,C,True,revisar
SMP-011283,APROVADO PARCIAL,C,True,valido_automatico
SMP-003604,PENDENTE,C,True,recusar_automatico
SMP-011211,APROVADO PARCIAL,C,False,valido_automatico
SMP-005123,ESPECIFICAÇÃO EM REVISÃO,A,False,revisar
SMP-005857,ESPECIFICAÇÃO EM REVISÃO,B,True,revisar
SMP-005637,EM ANALISE,B,True,revisar
SMP-004988,AGUARDANDO REINSPEÇÃO,A,True,revisar
SMP-010905,EM AJUSTE,C,False,valido_automatico
SMP-007810,AGUARDANDO REINSPEÇÃO,C,True,revisar
SMP-001285,REINSPECAO REPROVADA,A,True,recusar_automatico
SMP-001537,CANCELADO,B,True,recusar_automatico
SMP-005312,PENDENTE,A,False,revisar
SMP-003804,CANCELADO,C,True,recusar_automatico
SMP-009579,AJUSTE CONCLUIDO,B,False,valido_automatico
SMP-001325,EM AJUSTE,A,True,recusar_automatico
SMP-010254,AJUSTE CONCLUIDO,B,True,valido_automatico
SMP-009890,APROVADO PARCIAL,B,True,valido_automatico
SMP-000672,AJUSTE REPROVADO,A,True,recusar_automatico
SMP-007068,ESPECIFICAÇÃO EM REVISÃO,C,True,revisar
SMP-010354,PENDENTE,B,True,valido_automatico
SMP-004253,CANCELADO,A,False,revisar
SMP-001315,REINSPECAO REPROVADA,A,True,recusar_automatico
SMP-005607,ESPECIFICAÇÃO EM REVISÃO,B,True,revisar
SMP-004794,PENDENTE,A,True,revisar
SMP-005711,ESPECIFICAÇÃO EM REVISÃO,B,False,revisar
SMP-005736,AGUARDANDO REINSPEÇÃO,B,False,revisar
SMP-011091,AJUSTE CONCLUIDO,C,True,valido_automatico
SMP-011714,APROVADO PARCIAL,C,True,valido_automatico
SMP-009077,AJUSTE CONCLUIDO,A,False,valido_automatico
SMP-003153,REINSPECAO REPROVADA,C,False,recusar_automatico
SMP-008660,ESPECIFICAÇÃO EM REVISÃO,A,False,valido_automatico
SMP-003661,FORA DE ESPECIFICACAO,C,True,recusar_automatico
SMP-008125,EM AJUSTE,A,False,valido_automatico
SMP-005956,PENDENTE,B,True,revisar
SMP-008579,APROVADO PARCIAL,A,True,valido_automatico
SMP-000838,ESPECIFICAÇÃO EM REVISÃO,A,False,recusar_automatico
SMP-011337,AJUSTE CONCLUIDO,C,True,valido_automatico
SMP-001819,CANCELADO,B,False,recusar_automatico
SMP-005636,EM AJUSTE,B,False,revisar
SMP-010942,AJUSTE CONCLUIDO,C,True,valido_automatico
SMP-003002,REINSPECAO REPROVADA,C,False,recusar_automatico
SMP-006231,ESPECIFICAÇÃO EM REVISÃO,B,False,revisar
SMP-011070,APROVADO PARCIAL,C,True,valido_automatico
SMP-007113,PENDENTE,C,True,revisar
